# Blender 5.2.1 LTS
# www.blender.org
mtllib ShootingrangeModel3.mtl
o Curve
v -0.882939 -3.115673 -0.298332
v -0.894521 -3.106329 -0.298332
v -0.926541 -3.080496 -0.298332
v -0.974912 -3.041472 -0.298332
v -1.035546 -2.992554 -0.298332
v -1.104356 -2.937041 -0.298332
v -1.177253 -2.878230 -0.298332
v -1.250151 -2.819419 -0.298332
v -1.318960 -2.763906 -0.298332
v -1.379595 -2.714989 -0.298332
v -1.427965 -2.675965 -0.298332
v -1.459985 -2.650132 -0.298332
v -1.471567 -2.640789 -0.298332
v -1.363007 -2.825401 -0.298332
v -1.267619 -3.011804 -0.298332
v -1.184324 -3.203638 -0.298332
v -1.112045 -3.404541 -0.298332
v -1.049701 -3.618152 -0.298332
v -0.996211 -3.848113 -0.298332
v -0.950497 -4.098059 -0.298332
v -0.911478 -4.371634 -0.298332
v -0.878078 -4.672474 -0.298332
v -0.849214 -5.004220 -0.298332
v -0.823808 -5.370512 -0.298332
v -0.800780 -5.774989 -0.298332
v -0.742216 -5.615714 -0.298332
v -0.673737 -5.466085 -0.298332
v -0.595235 -5.326204 -0.298332
v -0.506606 -5.196176 -0.298332
v -0.407743 -5.076102 -0.298332
v -0.298541 -4.966087 -0.298332
v -0.178894 -4.866232 -0.298332
v -0.048696 -4.776642 -0.298332
v 0.092161 -4.697420 -0.298332
v 0.243780 -4.628668 -0.298332
v 0.406268 -4.570490 -0.298332
v 0.579730 -4.522989 -0.298333
v 0.450255 -4.513504 -0.298332
v 0.329654 -4.495752 -0.298332
v 0.218240 -4.469441 -0.298332
v 0.116328 -4.434276 -0.298332
v 0.024233 -4.389966 -0.298332
v -0.057732 -4.336218 -0.298332
v -0.129250 -4.272738 -0.298332
v -0.190008 -4.199232 -0.298332
v -0.239692 -4.115408 -0.298332
v -0.277986 -4.020974 -0.298332
v -0.304576 -3.915636 -0.298332
v -0.319149 -3.799101 -0.298332
v -0.323917 -3.714497 -0.298332
v -0.326119 -3.633294 -0.298332
v -0.325515 -3.555433 -0.298332
v -0.321864 -3.480854 -0.298332
v -0.314928 -3.409500 -0.298332
v -0.304469 -3.341310 -0.298332
v -0.290246 -3.276227 -0.298332
v -0.272020 -3.214191 -0.298332
v -0.249555 -3.155143 -0.298332
v -0.222607 -3.099024 -0.298332
v -0.190940 -3.045776 -0.298332
v -0.154314 -2.995339 -0.298332
v -0.134974 -2.975558 -0.298332
v -0.114101 -2.962204 -0.298332
v -0.092052 -2.954953 -0.298332
v -0.069183 -2.953483 -0.298332
v -0.045849 -2.957474 -0.298332
v -0.022404 -2.966603 -0.298332
v 0.000796 -2.980549 -0.298332
v 0.023395 -2.998990 -0.298332
v 0.045037 -3.021604 -0.298332
v 0.065367 -3.048069 -0.298332
v 0.084030 -3.078064 -0.298332
v 0.100671 -3.111269 -0.298332
v 0.113061 -3.137524 -0.298332
v 0.147318 -3.210115 -0.298332
v 0.199067 -3.319773 -0.298332
v 0.263936 -3.457232 -0.298332
v 0.337551 -3.613225 -0.298332
v 0.415539 -3.778485 -0.298332
v 0.493527 -3.943744 -0.298333
v 0.567142 -4.099738 -0.298333
v 0.632011 -4.237196 -0.298333
v 0.683761 -4.346855 -0.298333
v 0.718017 -4.419446 -0.298333
v 0.730407 -4.445703 -0.298333
v 0.713449 -4.497297 -0.298333
v 0.692172 -4.548328 -0.298333
v 0.666667 -4.598807 -0.298333
v 0.637021 -4.648745 -0.298333
v 0.603326 -4.698151 -0.298333
v 0.565669 -4.747036 -0.298333
v 0.524140 -4.795412 -0.298333
v 0.478828 -4.843288 -0.298333
v 0.429822 -4.890675 -0.298332
v 0.377212 -4.937583 -0.298332
v 0.321085 -4.984024 -0.298332
v 0.261530 -5.030007 -0.298332
v 0.340030 -4.987927 -0.298332
v 0.418297 -4.946781 -0.298332
v 0.496319 -4.906610 -0.298333
v 0.574088 -4.867458 -0.298333
v 0.651591 -4.829366 -0.298333
v 0.728818 -4.792377 -0.298333
v 0.805760 -4.756533 -0.298333
v 0.882405 -4.721877 -0.298333
v 0.958741 -4.688450 -0.298333
v 1.034760 -4.656295 -0.298333
v 1.110450 -4.625453 -0.298333
v 1.185802 -4.595969 -0.298333
v 1.273724 -4.559993 -0.298333
v 1.353189 -4.523029 -0.298333
v 1.424595 -4.485501 -0.298333
v 1.488341 -4.447834 -0.298333
v 1.544824 -4.410452 -0.298333
v 1.594442 -4.373782 -0.298333
v 1.637593 -4.338248 -0.298333
v 1.674675 -4.304274 -0.298333
v 1.706085 -4.272288 -0.298333
v 1.732222 -4.242712 -0.298333
v 1.753484 -4.215971 -0.298333
v 1.770267 -4.192493 -0.298333
v 1.840855 -4.088251 -0.298333
v 1.905840 -3.991315 -0.298333
v 1.966005 -3.898660 -0.298333
v 2.022130 -3.807254 -0.298333
v 2.074995 -3.714071 -0.298333
v 2.125379 -3.616080 -0.298333
v 2.174065 -3.510254 -0.298333
v 2.221831 -3.393565 -0.298333
v 2.269460 -3.262981 -0.298333
v 2.317731 -3.115477 -0.298333
v 2.367424 -2.948024 -0.298333
v 2.419321 -2.757590 -0.298333
v 2.335117 -2.559629 -0.298333
v 2.263404 -2.355918 -0.298333
v 2.204499 -2.146310 -0.298333
v 2.158722 -1.930657 -0.298333
v 2.126393 -1.708813 -0.298333
v 2.107830 -1.480631 -0.298333
v 2.103352 -1.245964 -0.298333
v 2.113279 -1.004665 -0.298333
v 2.137929 -0.756588 -0.298333
v 2.177624 -0.501585 -0.298333
v 2.232680 -0.239511 -0.298333
v 2.303418 0.029783 -0.298333
v 2.239545 -0.111459 -0.298333
v 2.173887 -0.248633 -0.298333
v 2.106331 -0.381486 -0.298333
v 2.036763 -0.509762 -0.298333
v 1.965071 -0.633208 -0.298333
v 1.891140 -0.751570 -0.298333
v 1.814859 -0.864593 -0.298333
v 1.736114 -0.972022 -0.298333
v 1.654791 -1.073604 -0.298333
v 1.570778 -1.169084 -0.298333
v 1.483963 -1.258207 -0.298333
v 1.394231 -1.340721 -0.298333
v 1.361243 -1.366918 -0.298333
v 1.331049 -1.385899 -0.298333
v 1.303627 -1.397719 -0.298333
v 1.278953 -1.402435 -0.298333
v 1.257007 -1.400105 -0.298333
v 1.237765 -1.390787 -0.298333
v 1.221207 -1.374536 -0.298333
v 1.207308 -1.351410 -0.298333
v 1.196049 -1.321466 -0.298333
v 1.187406 -1.284761 -0.298333
v 1.181356 -1.241354 -0.298333
v 1.177879 -1.191298 -0.298333
v 1.114246 -1.240909 -0.298333
v 1.053062 -1.294707 -0.298333
v 0.994279 -1.352606 -0.298333
v 0.937845 -1.414520 -0.298333
v 0.883710 -1.480363 -0.298333
v 0.831823 -1.550047 -0.298333
v 0.782134 -1.623487 -0.298333
v 0.734592 -1.700596 -0.298333
v 0.689147 -1.781288 -0.298333
v 0.645749 -1.865477 -0.298333
v 0.604345 -1.953076 -0.298333
v 0.564887 -2.044000 -0.298333
v 0.702668 -1.969602 -0.298333
v 0.830852 -1.911292 -0.298333
v 0.949380 -1.869168 -0.298333
v 1.058195 -1.843328 -0.298333
v 1.157236 -1.833871 -0.298333
v 1.246445 -1.840894 -0.298333
v 1.325764 -1.864496 -0.298333
v 1.395133 -1.904775 -0.298333
v 1.454495 -1.961830 -0.298333
v 1.503790 -2.035758 -0.298333
v 1.542960 -2.126656 -0.298333
v 1.571947 -2.234625 -0.298333
v 1.592155 -2.382298 -0.298333
v 1.594700 -2.531957 -0.298333
v 1.581988 -2.680513 -0.298333
v 1.556424 -2.824879 -0.298333
v 1.520413 -2.961965 -0.298333
v 1.476362 -3.088683 -0.298333
v 1.426674 -3.201943 -0.298333
v 1.373755 -3.298659 -0.298333
v 1.320011 -3.375740 -0.298333
v 1.267847 -3.430098 -0.298333
v 1.219668 -3.458645 -0.298333
v 1.177879 -3.458294 -0.298333
v 1.122468 -3.429366 -0.298333
v 1.071059 -3.391428 -0.298333
v 1.023271 -3.345435 -0.298333
v 0.978726 -3.292342 -0.298333
v 0.937046 -3.233106 -0.298333
v 0.897851 -3.168682 -0.298333
v 0.860764 -3.100023 -0.298333
v 0.825404 -3.028087 -0.298333
v 0.791395 -2.953828 -0.298333
v 0.758355 -2.878202 -0.298333
v 0.725908 -2.802165 -0.298333
v 0.693674 -2.726670 -0.298333
v 0.607894 -2.531810 -0.298333
v 0.530029 -2.364740 -0.298333
v 0.458790 -2.223537 -0.298332
v 0.392885 -2.106276 -0.298332
v 0.331026 -2.011034 -0.298332
v 0.271923 -1.935887 -0.298332
v 0.214286 -1.878911 -0.298332
v 0.156826 -1.838184 -0.298332
v 0.098254 -1.811779 -0.298332
v 0.037279 -1.797776 -0.298332
v -0.027387 -1.794248 -0.298332
v -0.097034 -1.799272 -0.298332
v -0.175444 -1.818834 -0.298332
v -0.252984 -1.858084 -0.298332
v -0.329212 -1.916031 -0.298332
v -0.403684 -1.991687 -0.298332
v -0.475954 -2.084061 -0.298332
v -0.545580 -2.192165 -0.298332
v -0.612118 -2.315007 -0.298332
v -0.675123 -2.451599 -0.298332
v -0.734152 -2.600951 -0.298332
v -0.788760 -2.762074 -0.298332
v -0.838505 -2.933978 -0.298332
v -0.882939 -3.115673 0.298335
v -0.894521 -3.106329 0.298335
v -0.926541 -3.080496 0.298335
v -0.974912 -3.041472 0.298335
v -1.035546 -2.992554 0.298335
v -1.104356 -2.937041 0.298335
v -1.177253 -2.878230 0.298335
v -1.250151 -2.819419 0.298335
v -1.318960 -2.763906 0.298335
v -1.379595 -2.714989 0.298335
v -1.427965 -2.675965 0.298335
v -1.459985 -2.650132 0.298335
v -1.471567 -2.640789 0.298335
v -1.363007 -2.825401 0.298335
v -1.267619 -3.011804 0.298335
v -1.184324 -3.203638 0.298335
v -1.112045 -3.404541 0.298335
v -1.049701 -3.618152 0.298335
v -0.996211 -3.848113 0.298335
v -0.950497 -4.098059 0.298335
v -0.911478 -4.371634 0.298335
v -0.878078 -4.672474 0.298335
v -0.849214 -5.004220 0.298335
v -0.823808 -5.370512 0.298335
v -0.800780 -5.774989 0.298335
v -0.742216 -5.615714 0.298335
v -0.673737 -5.466085 0.298335
v -0.595235 -5.326204 0.298335
v -0.506606 -5.196176 0.298335
v -0.407743 -5.076102 0.298335
v -0.298541 -4.966087 0.298335
v -0.178894 -4.866232 0.298335
v -0.048696 -4.776642 0.298335
v 0.092161 -4.697420 0.298335
v 0.243780 -4.628668 0.298335
v 0.406268 -4.570490 0.298335
v 0.579730 -4.522989 0.298335
v 0.450255 -4.513504 0.298335
v 0.329654 -4.495752 0.298335
v 0.218240 -4.469441 0.298335
v 0.116328 -4.434276 0.298335
v 0.024233 -4.389966 0.298335
v -0.057732 -4.336218 0.298335
v -0.129250 -4.272738 0.298335
v -0.190008 -4.199232 0.298335
v -0.239692 -4.115408 0.298335
v -0.277986 -4.020974 0.298335
v -0.304576 -3.915636 0.298335
v -0.319149 -3.799101 0.298335
v -0.323917 -3.714497 0.298335
v -0.326119 -3.633294 0.298335
v -0.325515 -3.555433 0.298335
v -0.321864 -3.480854 0.298335
v -0.314928 -3.409500 0.298335
v -0.304469 -3.341310 0.298335
v -0.290246 -3.276227 0.298335
v -0.272020 -3.214191 0.298335
v -0.249555 -3.155143 0.298335
v -0.222607 -3.099024 0.298335
v -0.190940 -3.045776 0.298335
v -0.154314 -2.995339 0.298335
v -0.134974 -2.975558 0.298335
v -0.114101 -2.962204 0.298335
v -0.092052 -2.954953 0.298335
v -0.069183 -2.953483 0.298335
v -0.045849 -2.957474 0.298335
v -0.022404 -2.966603 0.298335
v 0.000796 -2.980549 0.298335
v 0.023395 -2.998990 0.298335
v 0.045037 -3.021604 0.298335
v 0.065367 -3.048069 0.298335
v 0.084030 -3.078064 0.298335
v 0.100671 -3.111269 0.298335
v 0.113061 -3.137524 0.298335
v 0.147318 -3.210115 0.298335
v 0.199067 -3.319773 0.298335
v 0.263936 -3.457232 0.298335
v 0.337551 -3.613225 0.298335
v 0.415539 -3.778485 0.298335
v 0.493527 -3.943744 0.298335
v 0.567142 -4.099738 0.298335
v 0.632011 -4.237196 0.298335
v 0.683761 -4.346855 0.298335
v 0.718017 -4.419446 0.298335
v 0.730407 -4.445703 0.298335
v 0.713449 -4.497297 0.298335
v 0.692172 -4.548328 0.298335
v 0.666667 -4.598807 0.298335
v 0.637021 -4.648745 0.298335
v 0.603326 -4.698151 0.298335
v 0.565669 -4.747036 0.298335
v 0.524140 -4.795412 0.298335
v 0.478828 -4.843288 0.298335
v 0.429822 -4.890675 0.298335
v 0.377212 -4.937583 0.298335
v 0.321085 -4.984024 0.298335
v 0.261530 -5.030007 0.298335
v 0.340030 -4.987927 0.298335
v 0.418297 -4.946781 0.298335
v 0.496319 -4.906610 0.298335
v 0.574088 -4.867458 0.298335
v 0.651591 -4.829366 0.298335
v 0.728818 -4.792377 0.298335
v 0.805760 -4.756533 0.298335
v 0.882405 -4.721877 0.298335
v 0.958741 -4.688450 0.298335
v 1.034760 -4.656295 0.298335
v 1.110450 -4.625453 0.298335
v 1.185802 -4.595969 0.298335
v 1.273724 -4.559993 0.298335
v 1.353189 -4.523029 0.298335
v 1.424595 -4.485501 0.298335
v 1.488341 -4.447834 0.298335
v 1.544824 -4.410452 0.298335
v 1.594442 -4.373782 0.298335
v 1.637593 -4.338248 0.298335
v 1.674675 -4.304274 0.298335
v 1.706085 -4.272288 0.298335
v 1.732222 -4.242712 0.298335
v 1.753484 -4.215971 0.298335
v 1.770267 -4.192493 0.298335
v 1.840855 -4.088251 0.298335
v 1.905840 -3.991315 0.298335
v 1.966005 -3.898660 0.298335
v 2.022130 -3.807254 0.298335
v 2.074995 -3.714071 0.298335
v 2.125379 -3.616080 0.298335
v 2.174065 -3.510254 0.298335
v 2.221831 -3.393565 0.298335
v 2.269460 -3.262981 0.298335
v 2.317731 -3.115477 0.298335
v 2.367424 -2.948024 0.298335
v 2.419321 -2.757590 0.298335
v 2.335117 -2.559629 0.298335
v 2.263404 -2.355918 0.298335
v 2.204499 -2.146310 0.298335
v 2.158722 -1.930657 0.298335
v 2.126393 -1.708813 0.298335
v 2.107830 -1.480631 0.298335
v 2.103352 -1.245964 0.298335
v 2.113279 -1.004665 0.298335
v 2.137929 -0.756588 0.298335
v 2.177624 -0.501585 0.298335
v 2.232680 -0.239511 0.298335
v 2.303418 0.029783 0.298335
v 2.239545 -0.111459 0.298335
v 2.173887 -0.248633 0.298335
v 2.106331 -0.381486 0.298335
v 2.036763 -0.509762 0.298335
v 1.965071 -0.633208 0.298335
v 1.891140 -0.751570 0.298335
v 1.814859 -0.864593 0.298335
v 1.736114 -0.972022 0.298335
v 1.654791 -1.073604 0.298335
v 1.570778 -1.169084 0.298335
v 1.483963 -1.258207 0.298335
v 1.394231 -1.340721 0.298335
v 1.361243 -1.366918 0.298335
v 1.331049 -1.385899 0.298335
v 1.303627 -1.397719 0.298335
v 1.278953 -1.402435 0.298335
v 1.257007 -1.400105 0.298335
v 1.237765 -1.390787 0.298335
v 1.221207 -1.374536 0.298335
v 1.207308 -1.351410 0.298335
v 1.196049 -1.321466 0.298335
v 1.187406 -1.284761 0.298335
v 1.181356 -1.241354 0.298335
v 1.177879 -1.191298 0.298335
v 1.114246 -1.240909 0.298335
v 1.053062 -1.294707 0.298335
v 0.994279 -1.352606 0.298335
v 0.937845 -1.414520 0.298335
v 0.883710 -1.480363 0.298335
v 0.831823 -1.550047 0.298335
v 0.782134 -1.623487 0.298335
v 0.734592 -1.700596 0.298335
v 0.689147 -1.781288 0.298335
v 0.645749 -1.865477 0.298335
v 0.604345 -1.953076 0.298335
v 0.564887 -2.044000 0.298335
v 0.702668 -1.969602 0.298335
v 0.830852 -1.911292 0.298335
v 0.949380 -1.869168 0.298335
v 1.058195 -1.843328 0.298335
v 1.157236 -1.833871 0.298335
v 1.246445 -1.840894 0.298335
v 1.325764 -1.864496 0.298335
v 1.395133 -1.904775 0.298335
v 1.454495 -1.961830 0.298335
v 1.503790 -2.035758 0.298335
v 1.542960 -2.126656 0.298335
v 1.571947 -2.234625 0.298335
v 1.592155 -2.382298 0.298335
v 1.594700 -2.531957 0.298335
v 1.581988 -2.680513 0.298335
v 1.556424 -2.824879 0.298335
v 1.520413 -2.961965 0.298335
v 1.476362 -3.088683 0.298335
v 1.426674 -3.201943 0.298335
v 1.373755 -3.298659 0.298335
v 1.320011 -3.375740 0.298335
v 1.267847 -3.430098 0.298335
v 1.219668 -3.458645 0.298335
v 1.177879 -3.458294 0.298335
v 1.122468 -3.429366 0.298335
v 1.071059 -3.391428 0.298335
v 1.023271 -3.345435 0.298335
v 0.978726 -3.292342 0.298335
v 0.937046 -3.233106 0.298335
v 0.897851 -3.168682 0.298335
v 0.860764 -3.100023 0.298335
v 0.825404 -3.028087 0.298335
v 0.791395 -2.953828 0.298335
v 0.758355 -2.878202 0.298335
v 0.725908 -2.802165 0.298335
v 0.693674 -2.726670 0.298335
v 0.607894 -2.531810 0.298335
v 0.530029 -2.364740 0.298335
v 0.458790 -2.223537 0.298335
v 0.392885 -2.106276 0.298335
v 0.331026 -2.011034 0.298335
v 0.271923 -1.935887 0.298335
v 0.214286 -1.878911 0.298335
v 0.156826 -1.838184 0.298335
v 0.098254 -1.811779 0.298335
v 0.037279 -1.797776 0.298335
v -0.027387 -1.794248 0.298335
v -0.097034 -1.799272 0.298335
v -0.175444 -1.818834 0.298335
v -0.252984 -1.858084 0.298335
v -0.329212 -1.916031 0.298335
v -0.403684 -1.991687 0.298335
v -0.475954 -2.084061 0.298335
v -0.545580 -2.192165 0.298335
v -0.612118 -2.315007 0.298335
v -0.675123 -2.451599 0.298335
v -0.734152 -2.600951 0.298335
v -0.788760 -2.762074 0.298335
v -0.838505 -2.933978 0.298335
v -0.882939 -3.115673 0.298335
v -0.882939 -3.115673 -0.298332
v -0.894521 -3.106329 0.298335
v -0.894521 -3.106329 -0.298332
v -0.926541 -3.080496 0.298335
v -0.926541 -3.080496 -0.298332
v -0.974912 -3.041472 0.298335
v -0.974912 -3.041472 -0.298332
v -1.035546 -2.992554 0.298335
v -1.035546 -2.992554 -0.298332
v -1.104356 -2.937041 0.298335
v -1.104356 -2.937041 -0.298332
v -1.177253 -2.878230 0.298335
v -1.177253 -2.878230 -0.298332
v -1.250151 -2.819419 0.298335
v -1.250151 -2.819419 -0.298332
v -1.318960 -2.763906 0.298335
v -1.318960 -2.763906 -0.298332
v -1.379595 -2.714989 0.298335
v -1.379595 -2.714989 -0.298332
v -1.427965 -2.675965 0.298335
v -1.427965 -2.675965 -0.298332
v -1.459985 -2.650132 0.298335
v -1.459985 -2.650132 -0.298332
v -1.471567 -2.640789 0.298335
v -1.471567 -2.640789 -0.298332
v -1.363007 -2.825401 0.298335
v -1.363007 -2.825401 -0.298332
v -1.267619 -3.011804 0.298335
v -1.267619 -3.011804 -0.298332
v -1.184324 -3.203638 0.298335
v -1.184324 -3.203638 -0.298332
v -1.112045 -3.404541 0.298335
v -1.112045 -3.404541 -0.298332
v -1.049701 -3.618152 0.298335
v -1.049701 -3.618152 -0.298332
v -0.996211 -3.848113 0.298335
v -0.996211 -3.848113 -0.298332
v -0.950497 -4.098059 0.298335
v -0.950497 -4.098059 -0.298332
v -0.911478 -4.371634 0.298335
v -0.911478 -4.371634 -0.298332
v -0.878078 -4.672474 0.298335
v -0.878078 -4.672474 -0.298332
v -0.849214 -5.004220 0.298335
v -0.849214 -5.004220 -0.298332
v -0.823808 -5.370512 0.298335
v -0.823808 -5.370512 -0.298332
v -0.800780 -5.774989 0.298335
v -0.800780 -5.774989 -0.298332
v -0.742216 -5.615714 0.298335
v -0.742216 -5.615714 -0.298332
v -0.673737 -5.466085 0.298335
v -0.673737 -5.466085 -0.298332
v -0.595235 -5.326204 0.298335
v -0.595235 -5.326204 -0.298332
v -0.506606 -5.196176 0.298335
v -0.506606 -5.196176 -0.298332
v -0.407743 -5.076102 0.298335
v -0.407743 -5.076102 -0.298332
v -0.298541 -4.966087 0.298335
v -0.298541 -4.966087 -0.298332
v -0.178894 -4.866232 0.298335
v -0.178894 -4.866232 -0.298332
v -0.048696 -4.776642 0.298335
v -0.048696 -4.776642 -0.298332
v 0.092161 -4.697420 0.298335
v 0.092161 -4.697420 -0.298332
v 0.243780 -4.628668 0.298335
v 0.243780 -4.628668 -0.298332
v 0.406268 -4.570490 0.298335
v 0.406268 -4.570490 -0.298332
v 0.579730 -4.522989 0.298335
v 0.579730 -4.522989 -0.298333
v 0.450255 -4.513504 0.298335
v 0.450255 -4.513504 -0.298332
v 0.329654 -4.495752 0.298335
v 0.329654 -4.495752 -0.298332
v 0.218240 -4.469441 0.298335
v 0.218240 -4.469441 -0.298332
v 0.116328 -4.434276 0.298335
v 0.116328 -4.434276 -0.298332
v 0.024233 -4.389966 0.298335
v 0.024233 -4.389966 -0.298332
v -0.057732 -4.336218 0.298335
v -0.057732 -4.336218 -0.298332
v -0.129250 -4.272738 0.298335
v -0.129250 -4.272738 -0.298332
v -0.190008 -4.199232 0.298335
v -0.190008 -4.199232 -0.298332
v -0.239692 -4.115408 0.298335
v -0.239692 -4.115408 -0.298332
v -0.277986 -4.020974 0.298335
v -0.277986 -4.020974 -0.298332
v -0.304576 -3.915636 0.298335
v -0.304576 -3.915636 -0.298332
v -0.319149 -3.799101 0.298335
v -0.319149 -3.799101 -0.298332
v -0.323917 -3.714497 0.298335
v -0.323917 -3.714497 -0.298332
v -0.326119 -3.633294 0.298335
v -0.326119 -3.633294 -0.298332
v -0.325515 -3.555433 0.298335
v -0.325515 -3.555433 -0.298332
v -0.321864 -3.480854 0.298335
v -0.321864 -3.480854 -0.298332
v -0.314928 -3.409500 0.298335
v -0.314928 -3.409500 -0.298332
v -0.304469 -3.341310 0.298335
v -0.304469 -3.341310 -0.298332
v -0.290246 -3.276227 0.298335
v -0.290246 -3.276227 -0.298332
v -0.272020 -3.214191 0.298335
v -0.272020 -3.214191 -0.298332
v -0.249555 -3.155143 0.298335
v -0.249555 -3.155143 -0.298332
v -0.222607 -3.099024 0.298335
v -0.222607 -3.099024 -0.298332
v -0.190940 -3.045776 0.298335
v -0.190940 -3.045776 -0.298332
v -0.154314 -2.995339 0.298335
v -0.154314 -2.995339 -0.298332
v -0.134974 -2.975558 0.298335
v -0.134974 -2.975558 -0.298332
v -0.114101 -2.962204 0.298335
v -0.114101 -2.962204 -0.298332
v -0.092052 -2.954953 0.298335
v -0.092052 -2.954953 -0.298332
v -0.069183 -2.953483 0.298335
v -0.069183 -2.953483 -0.298332
v -0.045849 -2.957474 0.298335
v -0.045849 -2.957474 -0.298332
v -0.022404 -2.966603 0.298335
v -0.022404 -2.966603 -0.298332
v 0.000796 -2.980549 0.298335
v 0.000796 -2.980549 -0.298332
v 0.023395 -2.998990 0.298335
v 0.023395 -2.998990 -0.298332
v 0.045037 -3.021604 0.298335
v 0.045037 -3.021604 -0.298332
v 0.065367 -3.048069 0.298335
v 0.065367 -3.048069 -0.298332
v 0.084030 -3.078064 0.298335
v 0.084030 -3.078064 -0.298332
v 0.100671 -3.111269 0.298335
v 0.100671 -3.111269 -0.298332
v 0.113061 -3.137524 0.298335
v 0.113061 -3.137524 -0.298332
v 0.147318 -3.210115 0.298335
v 0.147318 -3.210115 -0.298332
v 0.199067 -3.319773 0.298335
v 0.199067 -3.319773 -0.298332
v 0.263936 -3.457232 0.298335
v 0.263936 -3.457232 -0.298332
v 0.337551 -3.613225 0.298335
v 0.337551 -3.613225 -0.298332
v 0.415539 -3.778485 0.298335
v 0.415539 -3.778485 -0.298332
v 0.493527 -3.943744 0.298335
v 0.493527 -3.943744 -0.298333
v 0.567142 -4.099738 0.298335
v 0.567142 -4.099738 -0.298333
v 0.632011 -4.237196 0.298335
v 0.632011 -4.237196 -0.298333
v 0.683761 -4.346855 0.298335
v 0.683761 -4.346855 -0.298333
v 0.718017 -4.419446 0.298335
v 0.718017 -4.419446 -0.298333
v 0.730407 -4.445703 0.298335
v 0.730407 -4.445703 -0.298333
v 0.713449 -4.497297 0.298335
v 0.713449 -4.497297 -0.298333
v 0.692172 -4.548328 0.298335
v 0.692172 -4.548328 -0.298333
v 0.666667 -4.598807 0.298335
v 0.666667 -4.598807 -0.298333
v 0.637021 -4.648745 0.298335
v 0.637021 -4.648745 -0.298333
v 0.603326 -4.698151 0.298335
v 0.603326 -4.698151 -0.298333
v 0.565669 -4.747036 0.298335
v 0.565669 -4.747036 -0.298333
v 0.524140 -4.795412 0.298335
v 0.524140 -4.795412 -0.298333
v 0.478828 -4.843288 0.298335
v 0.478828 -4.843288 -0.298333
v 0.429822 -4.890675 0.298335
v 0.429822 -4.890675 -0.298332
v 0.377212 -4.937583 0.298335
v 0.377212 -4.937583 -0.298332
v 0.321085 -4.984024 0.298335
v 0.321085 -4.984024 -0.298332
v 0.261530 -5.030007 0.298335
v 0.261530 -5.030007 -0.298332
v 0.340030 -4.987927 0.298335
v 0.340030 -4.987927 -0.298332
v 0.418297 -4.946781 0.298335
v 0.418297 -4.946781 -0.298332
v 0.496319 -4.906610 0.298335
v 0.496319 -4.906610 -0.298333
v 0.574088 -4.867458 0.298335
v 0.574088 -4.867458 -0.298333
v 0.651591 -4.829366 0.298335
v 0.651591 -4.829366 -0.298333
v 0.728818 -4.792377 0.298335
v 0.728818 -4.792377 -0.298333
v 0.805760 -4.756533 0.298335
v 0.805760 -4.756533 -0.298333
v 0.882405 -4.721877 0.298335
v 0.882405 -4.721877 -0.298333
v 0.958741 -4.688450 0.298335
v 0.958741 -4.688450 -0.298333
v 1.034760 -4.656295 0.298335
v 1.034760 -4.656295 -0.298333
v 1.110450 -4.625453 0.298335
v 1.110450 -4.625453 -0.298333
v 1.185802 -4.595969 0.298335
v 1.185802 -4.595969 -0.298333
v 1.273724 -4.559993 0.298335
v 1.273724 -4.559993 -0.298333
v 1.353189 -4.523029 0.298335
v 1.353189 -4.523029 -0.298333
v 1.424595 -4.485501 0.298335
v 1.424595 -4.485501 -0.298333
v 1.488341 -4.447834 0.298335
v 1.488341 -4.447834 -0.298333
v 1.544824 -4.410452 0.298335
v 1.544824 -4.410452 -0.298333
v 1.594442 -4.373782 0.298335
v 1.594442 -4.373782 -0.298333
v 1.637593 -4.338248 0.298335
v 1.637593 -4.338248 -0.298333
v 1.674675 -4.304274 0.298335
v 1.674675 -4.304274 -0.298333
v 1.706085 -4.272288 0.298335
v 1.706085 -4.272288 -0.298333
v 1.732222 -4.242712 0.298335
v 1.732222 -4.242712 -0.298333
v 1.753484 -4.215971 0.298335
v 1.753484 -4.215971 -0.298333
v 1.770267 -4.192493 0.298335
v 1.770267 -4.192493 -0.298333
v 1.840855 -4.088251 0.298335
v 1.840855 -4.088251 -0.298333
v 1.905840 -3.991315 0.298335
v 1.905840 -3.991315 -0.298333
v 1.966005 -3.898660 0.298335
v 1.966005 -3.898660 -0.298333
v 2.022130 -3.807254 0.298335
v 2.022130 -3.807254 -0.298333
v 2.074995 -3.714071 0.298335
v 2.074995 -3.714071 -0.298333
v 2.125379 -3.616080 0.298335
v 2.125379 -3.616080 -0.298333
v 2.174065 -3.510254 0.298335
v 2.174065 -3.510254 -0.298333
v 2.221831 -3.393565 0.298335
v 2.221831 -3.393565 -0.298333
v 2.269460 -3.262981 0.298335
v 2.269460 -3.262981 -0.298333
v 2.317731 -3.115477 0.298335
v 2.317731 -3.115477 -0.298333
v 2.367424 -2.948024 0.298335
v 2.367424 -2.948024 -0.298333
v 2.419321 -2.757590 0.298335
v 2.419321 -2.757590 -0.298333
v 2.335117 -2.559629 0.298335
v 2.335117 -2.559629 -0.298333
v 2.263404 -2.355918 0.298335
v 2.263404 -2.355918 -0.298333
v 2.204499 -2.146310 0.298335
v 2.204499 -2.146310 -0.298333
v 2.158722 -1.930657 0.298335
v 2.158722 -1.930657 -0.298333
v 2.126393 -1.708813 0.298335
v 2.126393 -1.708813 -0.298333
v 2.107830 -1.480631 0.298335
v 2.107830 -1.480631 -0.298333
v 2.103352 -1.245964 0.298335
v 2.103352 -1.245964 -0.298333
v 2.113279 -1.004665 0.298335
v 2.113279 -1.004665 -0.298333
v 2.137929 -0.756588 0.298335
v 2.137929 -0.756588 -0.298333
v 2.177624 -0.501585 0.298335
v 2.177624 -0.501585 -0.298333
v 2.232680 -0.239511 0.298335
v 2.232680 -0.239511 -0.298333
v 2.303418 0.029783 0.298335
v 2.303418 0.029783 -0.298333
v 2.239545 -0.111459 0.298335
v 2.239545 -0.111459 -0.298333
v 2.173887 -0.248633 0.298335
v 2.173887 -0.248633 -0.298333
v 2.106331 -0.381486 0.298335
v 2.106331 -0.381486 -0.298333
v 2.036763 -0.509762 0.298335
v 2.036763 -0.509762 -0.298333
v 1.965071 -0.633208 0.298335
v 1.965071 -0.633208 -0.298333
v 1.891140 -0.751570 0.298335
v 1.891140 -0.751570 -0.298333
v 1.814859 -0.864593 0.298335
v 1.814859 -0.864593 -0.298333
v 1.736114 -0.972022 0.298335
v 1.736114 -0.972022 -0.298333
v 1.654791 -1.073604 0.298335
v 1.654791 -1.073604 -0.298333
v 1.570778 -1.169084 0.298335
v 1.570778 -1.169084 -0.298333
v 1.483963 -1.258207 0.298335
v 1.483963 -1.258207 -0.298333
v 1.394231 -1.340721 0.298335
v 1.394231 -1.340721 -0.298333
v 1.361243 -1.366918 0.298335
v 1.361243 -1.366918 -0.298333
v 1.331049 -1.385899 0.298335
v 1.331049 -1.385899 -0.298333
v 1.303627 -1.397719 0.298335
v 1.303627 -1.397719 -0.298333
v 1.278953 -1.402435 0.298335
v 1.278953 -1.402435 -0.298333
v 1.257007 -1.400105 0.298335
v 1.257007 -1.400105 -0.298333
v 1.237765 -1.390787 0.298335
v 1.237765 -1.390787 -0.298333
v 1.221207 -1.374536 0.298335
v 1.221207 -1.374536 -0.298333
v 1.207308 -1.351410 0.298335
v 1.207308 -1.351410 -0.298333
v 1.196049 -1.321466 0.298335
v 1.196049 -1.321466 -0.298333
v 1.187406 -1.284761 0.298335
v 1.187406 -1.284761 -0.298333
v 1.181356 -1.241354 0.298335
v 1.181356 -1.241354 -0.298333
v 1.177879 -1.191298 0.298335
v 1.177879 -1.191298 -0.298333
v 1.114246 -1.240909 0.298335
v 1.114246 -1.240909 -0.298333
v 1.053062 -1.294707 0.298335
v 1.053062 -1.294707 -0.298333
v 0.994279 -1.352606 0.298335
v 0.994279 -1.352606 -0.298333
v 0.937845 -1.414520 0.298335
v 0.937845 -1.414520 -0.298333
v 0.883710 -1.480363 0.298335
v 0.883710 -1.480363 -0.298333
v 0.831823 -1.550047 0.298335
v 0.831823 -1.550047 -0.298333
v 0.782134 -1.623487 0.298335
v 0.782134 -1.623487 -0.298333
v 0.734592 -1.700596 0.298335
v 0.734592 -1.700596 -0.298333
v 0.689147 -1.781288 0.298335
v 0.689147 -1.781288 -0.298333
v 0.645749 -1.865477 0.298335
v 0.645749 -1.865477 -0.298333
v 0.604345 -1.953076 0.298335
v 0.604345 -1.953076 -0.298333
v 0.564887 -2.044000 0.298335
v 0.564887 -2.044000 -0.298333
v 0.702668 -1.969602 0.298335
v 0.702668 -1.969602 -0.298333
v 0.830852 -1.911292 0.298335
v 0.830852 -1.911292 -0.298333
v 0.949380 -1.869168 0.298335
v 0.949380 -1.869168 -0.298333
v 1.058195 -1.843328 0.298335
v 1.058195 -1.843328 -0.298333
v 1.157236 -1.833871 0.298335
v 1.157236 -1.833871 -0.298333
v 1.246445 -1.840894 0.298335
v 1.246445 -1.840894 -0.298333
v 1.325764 -1.864496 0.298335
v 1.325764 -1.864496 -0.298333
v 1.395133 -1.904775 0.298335
v 1.395133 -1.904775 -0.298333
v 1.454495 -1.961830 0.298335
v 1.454495 -1.961830 -0.298333
v 1.503790 -2.035758 0.298335
v 1.503790 -2.035758 -0.298333
v 1.542960 -2.126656 0.298335
v 1.542960 -2.126656 -0.298333
v 1.571947 -2.234625 0.298335
v 1.571947 -2.234625 -0.298333
v 1.592155 -2.382298 0.298335
v 1.592155 -2.382298 -0.298333
v 1.594700 -2.531957 0.298335
v 1.594700 -2.531957 -0.298333
v 1.581988 -2.680513 0.298335
v 1.581988 -2.680513 -0.298333
v 1.556424 -2.824879 0.298335
v 1.556424 -2.824879 -0.298333
v 1.520413 -2.961965 0.298335
v 1.520413 -2.961965 -0.298333
v 1.476362 -3.088683 0.298335
v 1.476362 -3.088683 -0.298333
v 1.426674 -3.201943 0.298335
v 1.426674 -3.201943 -0.298333
v 1.373755 -3.298659 0.298335
v 1.373755 -3.298659 -0.298333
v 1.320011 -3.375740 0.298335
v 1.320011 -3.375740 -0.298333
v 1.267847 -3.430098 0.298335
v 1.267847 -3.430098 -0.298333
v 1.219668 -3.458645 0.298335
v 1.219668 -3.458645 -0.298333
v 1.177879 -3.458294 0.298335
v 1.177879 -3.458294 -0.298333
v 1.122468 -3.429366 0.298335
v 1.122468 -3.429366 -0.298333
v 1.071059 -3.391428 0.298335
v 1.071059 -3.391428 -0.298333
v 1.023271 -3.345435 0.298335
v 1.023271 -3.345435 -0.298333
v 0.978726 -3.292342 0.298335
v 0.978726 -3.292342 -0.298333
v 0.937046 -3.233106 0.298335
v 0.937046 -3.233106 -0.298333
v 0.897851 -3.168682 0.298335
v 0.897851 -3.168682 -0.298333
v 0.860764 -3.100023 0.298335
v 0.860764 -3.100023 -0.298333
v 0.825404 -3.028087 0.298335
v 0.825404 -3.028087 -0.298333
v 0.791395 -2.953828 0.298335
v 0.791395 -2.953828 -0.298333
v 0.758355 -2.878202 0.298335
v 0.758355 -2.878202 -0.298333
v 0.725908 -2.802165 0.298335
v 0.725908 -2.802165 -0.298333
v 0.693674 -2.726670 0.298335
v 0.693674 -2.726670 -0.298333
v 0.607894 -2.531810 0.298335
v 0.607894 -2.531810 -0.298333
v 0.530029 -2.364740 0.298335
v 0.530029 -2.364740 -0.298333
v 0.458790 -2.223537 0.298335
v 0.458790 -2.223537 -0.298332
v 0.392885 -2.106276 0.298335
v 0.392885 -2.106276 -0.298332
v 0.331026 -2.011034 0.298335
v 0.331026 -2.011034 -0.298332
v 0.271923 -1.935887 0.298335
v 0.271923 -1.935887 -0.298332
v 0.214286 -1.878911 0.298335
v 0.214286 -1.878911 -0.298332
v 0.156826 -1.838184 0.298335
v 0.156826 -1.838184 -0.298332
v 0.098254 -1.811779 0.298335
v 0.098254 -1.811779 -0.298332
v 0.037279 -1.797776 0.298335
v 0.037279 -1.797776 -0.298332
v -0.027387 -1.794248 0.298335
v -0.027387 -1.794248 -0.298332
v -0.097034 -1.799272 0.298335
v -0.097034 -1.799272 -0.298332
v -0.175444 -1.818834 0.298335
v -0.175444 -1.818834 -0.298332
v -0.252984 -1.858084 0.298335
v -0.252984 -1.858084 -0.298332
v -0.329212 -1.916031 0.298335
v -0.329212 -1.916031 -0.298332
v -0.403684 -1.991687 0.298335
v -0.403684 -1.991687 -0.298332
v -0.475954 -2.084061 0.298335
v -0.475954 -2.084061 -0.298332
v -0.545580 -2.192165 0.298335
v -0.545580 -2.192165 -0.298332
v -0.612118 -2.315007 0.298335
v -0.612118 -2.315007 -0.298332
v -0.675123 -2.451599 0.298335
v -0.675123 -2.451599 -0.298332
v -0.734152 -2.600951 0.298335
v -0.734152 -2.600951 -0.298332
v -0.788760 -2.762074 0.298335
v -0.788760 -2.762074 -0.298332
v -0.838505 -2.933978 0.298335
v -0.838505 -2.933978 -0.298332
vn -0.0000 -0.0000 -1.0000
vn -0.0000 -0.0000 1.0000
vn -0.3203 0.9473 -0.0000
vn 0.6279 0.7783 -0.0000
vn -0.6532 0.7572 -0.0000
vn -0.8765 -0.4814 -0.0000
vn -0.9042 -0.4271 -0.0000
vn -0.9296 -0.3686 -0.0000
vn -0.9509 -0.3095 -0.0000
vn -0.9673 -0.2535 -0.0000
vn -0.9791 -0.2033 -0.0000
vn -0.9870 -0.1606 -0.0000
vn -0.9921 -0.1258 -0.0000
vn -0.9951 -0.0985 -0.0000
vn -0.9970 -0.0779 -0.0000
vn -0.9980 -0.0630 -0.0000
vn -0.1472 -0.9891 -0.0000
vn 0.9246 -0.3809 -0.0000
vn 0.8914 -0.4532 -0.0000
vn 0.8500 -0.5268 -0.0000
vn 0.8000 -0.6000 -0.0000
vn 0.7417 -0.6708 -0.0000
vn 0.6760 -0.7369 -0.0000
vn 0.6045 -0.7966 -0.0000
vn 0.5291 -0.8486 -0.0000
vn 0.4520 -0.8920 -0.0000
vn 0.3753 -0.9269 -0.0000
vn 0.3008 -0.9537 -0.0000
vn 0.9953 0.0969 -0.0000
vn 0.1094 0.9940 -0.0000
vn 0.1879 0.9822 -0.0000
vn 0.2784 0.9605 -0.0000
vn 0.3805 0.9248 -0.0000
vn 0.4920 0.8706 -0.0000
vn 0.6077 0.7942 -0.0000
vn 0.7194 0.6946 -0.0000
vn 0.8180 0.5752 -0.0000
vn 0.8960 0.4441 -0.0000
vn 0.9504 0.3110 -0.0000
vn 0.9828 0.1848 -0.0000
vn 0.9959 0.0902 -0.0000
vn 0.9991 0.0417 -0.0000
vn 1.0000 0.0097 -0.0000
vn 0.9996 -0.0283 -0.0000
vn 0.9973 -0.0728 -0.0000
vn 0.9923 -0.1242 -0.0000
vn 0.9832 -0.1826 -0.0000
vn 0.9688 -0.2478 -0.0000
vn 0.9478 -0.3190 -0.0000
vn 0.9189 -0.3946 -0.0000
vn 0.8813 -0.4725 -0.0000
vn 0.8352 -0.5499 -0.0000
vn 0.7641 -0.6451 -0.0000
vn 0.6311 -0.7757 -0.0000
vn 0.4291 -0.9033 -0.0000
vn 0.1898 -0.9818 -0.0000
vn -0.0526 -0.9986 -0.0000
vn -0.2671 -0.9637 -0.0000
vn -0.4406 -0.8977 -0.0000
vn -0.5752 -0.8180 -0.0000
vn -0.6786 -0.7345 -0.0000
vn -0.7588 -0.6513 -0.0000
vn -0.8220 -0.5694 -0.0000
vn -0.8725 -0.4887 -0.0000
vn -0.8992 -0.4374 -0.0000
vn -0.9044 -0.4268 -0.0000
vn -0.9981 -0.0616 -0.0000
vn -0.9372 0.3488 -0.0000
vn -0.9084 0.4182 -0.0000
vn -0.8767 0.4810 -0.0000
vn -0.8434 0.5372 -0.0000
vn -0.8095 0.5871 -0.0000
vn -0.7758 0.6310 -0.0000
vn -0.7427 0.6696 -0.0000
vn -0.7109 0.7033 -0.0000
vn -0.6805 0.7328 -0.0000
vn -0.6516 0.7586 -0.0000
vn -0.6244 0.7811 -0.0000
vn -0.8393 -0.5437 -0.0000
vn 0.4689 -0.8833 -0.0000
vn 0.4615 -0.8871 -0.0000
vn 0.4537 -0.8911 -0.0000
vn 0.4454 -0.8953 -0.0000
vn 0.4365 -0.8997 -0.0000
vn 0.4271 -0.9042 -0.0000
vn 0.4172 -0.9088 -0.0000
vn 0.4066 -0.9136 -0.0000
vn 0.3953 -0.9185 -0.0000
vn 0.3835 -0.9236 -0.0000
vn 0.3709 -0.9287 -0.0000
vn 0.3716 -0.9284 -0.0000
vn 0.4003 -0.9164 -0.0000
vn 0.4436 -0.8962 -0.0000
vn 0.4871 -0.8733 -0.0000
vn 0.5305 -0.8477 -0.0000
vn 0.5733 -0.8193 -0.0000
vn 0.6152 -0.7883 -0.0000
vn 0.6558 -0.7549 -0.0000
vn 0.6948 -0.7192 -0.0000
vn 0.7317 -0.6817 -0.0000
vn 0.7663 -0.6425 -0.0000
vn 0.7984 -0.6022 -0.0000
vn 0.8208 -0.5712 -0.0000
vn 0.8293 -0.5588 -0.0000
vn 0.8347 -0.5507 -0.0000
vn 0.8455 -0.5340 -0.0000
vn 0.8611 -0.5084 -0.0000
vn 0.8797 -0.4755 -0.0000
vn 0.8991 -0.4377 -0.0000
vn 0.9172 -0.3985 -0.0000
vn 0.9326 -0.3608 -0.0000
vn 0.9451 -0.3269 -0.0000
vn 0.9546 -0.2978 -0.0000
vn 0.9618 -0.2737 -0.0000
vn 0.9977 0.0680 -0.0000
vn 0.9322 0.3619 -0.0000
vn 0.9535 0.3015 -0.0000
vn 0.9710 0.2392 -0.0000
vn 0.9844 0.1760 -0.0000
vn 0.9936 0.1127 -0.0000
vn 0.9987 0.0501 -0.0000
vn 0.9999 -0.0110 -0.0000
vn 0.9975 -0.0700 -0.0000
vn 0.9920 -0.1264 -0.0000
vn 0.9837 -0.1798 -0.0000
vn 0.9732 -0.2299 -0.0000
vn 0.3342 0.9425 -0.0000
vn -0.9066 0.4219 -0.0000
vn -0.8968 0.4425 -0.0000
vn -0.8853 0.4650 -0.0000
vn -0.8720 0.4895 -0.0000
vn -0.8566 0.5161 -0.0000
vn -0.8386 0.5447 -0.0000
vn -0.8179 0.5754 -0.0000
vn -0.7938 0.6082 -0.0000
vn -0.7659 0.6429 -0.0000
vn -0.7338 0.6794 -0.0000
vn -0.6969 0.7172 -0.0000
vn -0.6498 0.7601 -0.0000
vn -0.5779 0.8161 -0.0000
vn -0.4654 0.8851 -0.0000
vn -0.2935 0.9559 -0.0000
vn -0.0416 0.9991 -0.0000
vn 0.2748 0.9615 -0.0000
vn 0.5758 0.8176 -0.0000
vn 0.7851 0.6194 -0.0000
vn 0.9003 0.4353 -0.0000
vn 0.9567 0.2912 -0.0000
vn 0.9830 0.1838 -0.0000
vn 0.9946 0.1037 -0.0000
vn 0.4074 0.9132 -0.0000
vn -0.6379 0.7701 -0.0000
vn -0.6813 0.7320 -0.0000
vn -0.7207 0.6933 -0.0000
vn -0.7560 0.6546 -0.0000
vn -0.7875 0.6163 -0.0000
vn -0.8154 0.5789 -0.0000
vn -0.8399 0.5427 -0.0000
vn -0.8614 0.5079 -0.0000
vn -0.8802 0.4745 -0.0000
vn -0.8966 0.4428 -0.0000
vn -0.9108 0.4128 -0.0000
vn -0.6762 -0.7367 -0.0000
vn 0.4449 -0.8956 -0.0000
vn 0.3748 -0.9271 -0.0000
vn 0.2834 -0.9590 -0.0000
vn 0.1634 -0.9866 -0.0000
vn 0.0083 -1.0000 -0.0000
vn -0.1829 -0.9831 -0.0000
vn -0.3964 -0.9181 -0.0000
vn -0.6019 -0.7986 -0.0000
vn -0.7670 -0.6417 -0.0000
vn -0.8788 -0.4772 -0.0000
vn -0.9445 -0.3284 -0.0000
vn -0.9802 -0.1978 -0.0000
vn -0.9971 -0.0764 -0.0000
vn -0.9994 0.0342 -0.0000
vn -0.9915 0.1299 -0.0000
vn -0.9767 0.2144 -0.0000
vn -0.9566 0.2914 -0.0000
vn -0.9309 0.3653 -0.0000
vn -0.8974 0.4413 -0.0000
vn -0.8500 0.5267 -0.0000
vn -0.7733 0.6341 -0.0000
vn -0.6213 0.7835 -0.0000
vn -0.2602 0.9655 -0.0000
vn 0.2423 0.9702 -0.0000
vn 0.5299 0.8481 -0.0000
vn 0.6450 0.7642 -0.0000
vn 0.7308 0.6826 -0.0000
vn 0.7927 0.6096 -0.0000
vn 0.8365 0.5479 -0.0000
vn 0.8674 0.4977 -0.0000
vn 0.8888 0.4583 -0.0000
vn 0.9034 0.4288 -0.0000
vn 0.9128 0.4084 -0.0000
vn 0.9181 0.3964 -0.0000
vn 0.9197 0.3926 -0.0000
vn 0.9175 0.3978 -0.0000
vn 0.9109 0.4127 -0.0000
vn 0.8997 0.4365 -0.0000
vn 0.8825 0.4703 -0.0000
vn 0.8556 0.5176 -0.0000
vn 0.8132 0.5820 -0.0000
vn 0.7460 0.6660 -0.0000
vn 0.6428 0.7661 -0.0000
vn 0.4969 0.8678 -0.0000
vn 0.3190 0.9478 -0.0000
vn 0.1397 0.9902 -0.0000
vn -0.0088 1.0000 -0.0000
vn -0.1576 0.9875 -0.0000
vn -0.3490 0.9371 -0.0000
vn -0.5306 0.8476 -0.0000
vn -0.6606 0.7507 -0.0000
vn -0.7513 0.6599 -0.0000
vn -0.8150 0.5794 -0.0000
vn -0.8606 0.5092 -0.0000
vn -0.8941 0.4478 -0.0000
vn -0.9194 0.3934 -0.0000
vn -0.9388 0.3444 -0.0000
vn -0.9541 0.2996 -0.0000
vn -0.9662 0.2578 -0.0000
vt 0.046025 0.000000
vt 0.054393 0.000000
vt 0.050209 0.000000
vt 0.041841 0.000000
vt 0.037657 0.000000
vt 0.033473 0.000000
vt 0.058577 0.000000
vt 0.029289 0.000000
vt 0.062762 0.000000
vt 0.025105 0.000000
vt 0.066946 0.000000
vt 0.020921 0.000000
vt 0.071130 0.000000
vt 0.016736 0.000000
vt 0.075314 0.000000
vt 0.012552 0.000000
vt 0.079498 0.000000
vt 0.008368 0.000000
vt 0.083682 0.000000
vt 0.004184 0.000000
vt 0.087866 0.000000
vt 0.000000 0.000000
vt 1.000000 0.000000
vt 0.092050 0.000000
vt 0.096234 0.000000
vt 0.995816 0.000000
vt 0.100418 0.000000
vt 0.104603 0.000000
vt 0.991632 0.000000
vt 0.108787 0.000000
vt 0.987448 0.000000
vt 0.983264 0.000000
vt 0.112971 0.000000
vt 0.979079 0.000000
vt 0.117155 0.000000
vt 0.974895 0.000000
vt 0.121339 0.000000
vt 0.970711 0.000000
vt 0.125523 0.000000
vt 0.966527 0.000000
vt 0.209205 0.000000
vt 0.962343 0.000000
vt 0.213389 0.000000
vt 0.205021 0.000000
vt 0.217573 0.000000
vt 0.200837 0.000000
vt 0.221757 0.000000
vt 0.196653 0.000000
vt 0.225941 0.000000
vt 0.192469 0.000000
vt 0.230126 0.000000
vt 0.129707 0.000000
vt 0.234310 0.000000
vt 0.188285 0.000000
vt 0.238494 0.000000
vt 0.958159 0.000000
vt 0.242678 0.000000
vt 0.184100 0.000000
vt 0.246862 0.000000
vt 0.251046 0.000000
vt 0.179916 0.000000
vt 0.133891 0.000000
vt 0.953975 0.000000
vt 0.255230 0.000000
vt 0.259414 0.000000
vt 0.175732 0.000000
vt 0.263598 0.000000
vt 0.949791 0.000000
vt 0.267782 0.000000
vt 0.271967 0.000000
vt 0.171548 0.000000
vt 0.138075 0.000000
vt 0.276151 0.000000
vt 0.945607 0.000000
vt 0.280335 0.000000
vt 0.284519 0.000000
vt 0.288703 0.000000
vt 0.167364 0.000000
vt 0.941423 0.000000
vt 0.292887 0.000000
vt 0.297071 0.000000
vt 0.301255 0.000000
vt 0.142259 0.000000
vt 0.937239 0.000000
vt 0.305439 0.000000
vt 0.309623 0.000000
vt 0.163180 0.000000
vt 0.313808 0.000000
vt 0.933054 0.000000
vt 0.317992 0.000000
vt 0.928870 0.000000
vt 0.158996 0.000000
vt 0.146444 0.000000
vt 0.397490 0.000000
vt 0.405858 0.000000
vt 0.401674 0.000000
vt 0.322176 0.000000
vt 0.924686 0.000000
vt 0.393305 0.000000
vt 0.154812 0.000000
vt 0.920502 0.000000
vt 0.326360 0.000000
vt 0.410042 0.000000
vt 0.389121 0.000000
vt 0.916318 0.000000
vt 0.150628 0.000000
vt 0.330544 0.000000
vt 0.414226 0.000000
vt 0.384937 0.000000
vt 0.912134 0.000000
vt 0.380753 0.000000
vt 0.334728 0.000000
vt 0.418410 0.000000
vt 0.376569 0.000000
vt 0.907950 0.000000
vt 0.748954 0.000000
vt 0.757322 0.000000
vt 0.753138 0.000000
vt 0.372385 0.000000
vt 0.338912 0.000000
vt 0.422594 0.000000
vt 0.368201 0.000000
vt 0.744770 0.000000
vt 0.903766 0.000000
vt 0.343096 0.000000
vt 0.364017 0.000000
vt 0.740586 0.000000
vt 0.426778 0.000000
vt 0.359833 0.000000
vt 0.347280 0.000000
vt 0.736402 0.000000
vt 0.355649 0.000000
vt 0.899582 0.000000
vt 0.761506 0.000000
vt 0.351464 0.000000
vt 0.895397 0.000000
vt 0.430962 0.000000
vt 0.732218 0.000000
vt 0.891213 0.000000
vt 0.728033 0.000000
vt 0.887029 0.000000
vt 0.435146 0.000000
vt 0.882845 0.000000
vt 0.765690 0.000000
vt 0.723849 0.000000
vt 0.878661 0.000000
vt 0.439331 0.000000
vt 0.719665 0.000000
vt 0.874477 0.000000
vt 0.870293 0.000000
vt 0.715481 0.000000
vt 0.769874 0.000000
vt 0.443515 0.000000
vt 0.866109 0.000000
vt 0.711297 0.000000
vt 0.861925 0.000000
vt 0.447699 0.000000
vt 0.707113 0.000000
vt 0.774059 0.000000
vt 0.857741 0.000000
vt 0.451883 0.000000
vt 0.702929 0.000000
vt 0.853557 0.000000
vt 0.698745 0.000000
vt 0.778243 0.000000
vt 0.849372 0.000000
vt 0.694561 0.000000
vt 0.456067 0.000000
vt 0.690377 0.000000
vt 0.686192 0.000000
vt 0.682008 0.000000
vt 0.845188 0.000000
vt 0.677824 0.000000
vt 0.673640 0.000000
vt 0.782427 0.000000
vt 0.669456 0.000000
vt 0.841004 0.000000
vt 0.460251 0.000000
vt 0.665272 0.000000
vt 0.661088 0.000000
vt 0.836820 0.000000
vt 0.786611 0.000000
vt 0.656904 0.000000
vt 0.464435 0.000000
vt 0.652720 0.000000
vt 0.832636 0.000000
vt 0.648536 0.000000
vt 0.790795 0.000000
vt 0.468619 0.000000
vt 0.828452 0.000000
vt 0.794979 0.000000
vt 0.824268 0.000000
vt 0.644351 0.000000
vt 0.472803 0.000000
vt 0.799163 0.000000
vt 0.820084 0.000000
vt 0.803347 0.000000
vt 0.476987 0.000000
vt 0.815900 0.000000
vt 0.640167 0.000000
vt 0.807531 0.000000
vt 0.811715 0.000000
vt 0.481172 0.000000
vt 0.485356 0.000000
vt 0.635983 0.000000
vt 0.489540 0.000000
vt 0.493724 0.000000
vt 0.497908 0.000000
vt 0.631799 0.000000
vt 0.502092 0.000000
vt 0.506276 0.000000
vt 0.627615 0.000000
vt 0.510460 0.000000
vt 0.623431 0.000000
vt 0.514644 0.000000
vt 0.619247 0.000000
vt 0.518828 0.000000
vt 0.523013 0.000000
vt 0.615063 0.000000
vt 0.581590 0.000000
vt 0.527197 0.000000
vt 0.585774 0.000000
vt 0.577406 0.000000
vt 0.610879 0.000000
vt 0.573222 0.000000
vt 0.589958 0.000000
vt 0.531381 0.000000
vt 0.569038 0.000000
vt 0.594142 0.000000
vt 0.564854 0.000000
vt 0.606695 0.000000
vt 0.535565 0.000000
vt 0.598326 0.000000
vt 0.560669 0.000000
vt 0.539749 0.000000
vt 0.602510 0.000000
vt 0.556485 0.000000
vt 0.543933 0.000000
vt 0.548117 0.000000
vt 0.552301 0.000000
vt 0.000000 1.000000
vt 0.004167 1.000000
vt 0.004167 0.000000
vt 0.008333 1.000000
vt 0.008333 0.000000
vt 0.012500 1.000000
vt 0.012500 0.000000
vt 0.016667 1.000000
vt 0.016667 0.000000
vt 0.020833 1.000000
vt 0.020833 0.000000
vt 0.025000 1.000000
vt 0.025000 0.000000
vt 0.029167 1.000000
vt 0.029167 0.000000
vt 0.033333 1.000000
vt 0.033333 0.000000
vt 0.037500 1.000000
vt 0.037500 0.000000
vt 0.041667 1.000000
vt 0.041667 0.000000
vt 0.045833 1.000000
vt 0.045833 0.000000
vt 0.050000 1.000000
vt 0.050000 0.000000
vt 0.054167 1.000000
vt 0.054167 0.000000
vt 0.058333 1.000000
vt 0.058333 0.000000
vt 0.062500 1.000000
vt 0.062500 0.000000
vt 0.066667 1.000000
vt 0.066667 0.000000
vt 0.070833 1.000000
vt 0.070833 0.000000
vt 0.075000 1.000000
vt 0.075000 0.000000
vt 0.079167 1.000000
vt 0.079167 0.000000
vt 0.083333 1.000000
vt 0.083333 0.000000
vt 0.087500 1.000000
vt 0.087500 0.000000
vt 0.091667 1.000000
vt 0.091667 0.000000
vt 0.095833 1.000000
vt 0.095833 0.000000
vt 0.100000 1.000000
vt 0.100000 0.000000
vt 0.104167 1.000000
vt 0.104167 0.000000
vt 0.108333 1.000000
vt 0.108333 0.000000
vt 0.112500 1.000000
vt 0.112500 0.000000
vt 0.116667 1.000000
vt 0.116667 0.000000
vt 0.120833 1.000000
vt 0.120833 0.000000
vt 0.125000 1.000000
vt 0.125000 0.000000
vt 0.129167 1.000000
vt 0.129167 0.000000
vt 0.133333 1.000000
vt 0.133333 0.000000
vt 0.137500 1.000000
vt 0.137500 0.000000
vt 0.141667 1.000000
vt 0.141667 0.000000
vt 0.145833 1.000000
vt 0.145833 0.000000
vt 0.150000 1.000000
vt 0.150000 0.000000
vt 0.154167 1.000000
vt 0.154167 0.000000
vt 0.158333 1.000000
vt 0.158333 0.000000
vt 0.162500 1.000000
vt 0.162500 0.000000
vt 0.166667 1.000000
vt 0.166667 0.000000
vt 0.170833 1.000000
vt 0.170833 0.000000
vt 0.175000 1.000000
vt 0.175000 0.000000
vt 0.179167 1.000000
vt 0.179167 0.000000
vt 0.183333 1.000000
vt 0.183333 0.000000
vt 0.187500 1.000000
vt 0.187500 0.000000
vt 0.191667 1.000000
vt 0.191667 0.000000
vt 0.195833 1.000000
vt 0.195833 0.000000
vt 0.200000 1.000000
vt 0.200000 0.000000
vt 0.204167 1.000000
vt 0.204167 0.000000
vt 0.208333 1.000000
vt 0.208333 0.000000
vt 0.212500 1.000000
vt 0.212500 0.000000
vt 0.216667 1.000000
vt 0.216667 0.000000
vt 0.220833 1.000000
vt 0.220833 0.000000
vt 0.225000 1.000000
vt 0.225000 0.000000
vt 0.229167 1.000000
vt 0.229167 0.000000
vt 0.233333 1.000000
vt 0.233333 0.000000
vt 0.237500 1.000000
vt 0.237500 0.000000
vt 0.241667 1.000000
vt 0.241667 0.000000
vt 0.245833 1.000000
vt 0.245833 0.000000
vt 0.250000 1.000000
vt 0.250000 0.000000
vt 0.254167 1.000000
vt 0.254167 0.000000
vt 0.258333 1.000000
vt 0.258333 0.000000
vt 0.262500 1.000000
vt 0.262500 0.000000
vt 0.266667 1.000000
vt 0.266667 0.000000
vt 0.270833 1.000000
vt 0.270833 0.000000
vt 0.275000 1.000000
vt 0.275000 0.000000
vt 0.279167 1.000000
vt 0.279167 0.000000
vt 0.283333 1.000000
vt 0.283333 0.000000
vt 0.287500 1.000000
vt 0.287500 0.000000
vt 0.291667 1.000000
vt 0.291667 0.000000
vt 0.295833 1.000000
vt 0.295833 0.000000
vt 0.300000 1.000000
vt 0.300000 0.000000
vt 0.304167 1.000000
vt 0.304167 0.000000
vt 0.308333 1.000000
vt 0.308333 0.000000
vt 0.312500 1.000000
vt 0.312500 0.000000
vt 0.316667 1.000000
vt 0.316667 0.000000
vt 0.320833 1.000000
vt 0.320833 0.000000
vt 0.325000 1.000000
vt 0.325000 0.000000
vt 0.329167 1.000000
vt 0.329167 0.000000
vt 0.333333 1.000000
vt 0.333333 0.000000
vt 0.337500 1.000000
vt 0.337500 0.000000
vt 0.341667 1.000000
vt 0.341667 0.000000
vt 0.345833 1.000000
vt 0.345833 0.000000
vt 0.350000 1.000000
vt 0.350000 0.000000
vt 0.354167 1.000000
vt 0.354167 0.000000
vt 0.358333 1.000000
vt 0.358333 0.000000
vt 0.362500 1.000000
vt 0.362500 0.000000
vt 0.366667 1.000000
vt 0.366667 0.000000
vt 0.370833 1.000000
vt 0.370833 0.000000
vt 0.375000 1.000000
vt 0.375000 0.000000
vt 0.379167 1.000000
vt 0.379167 0.000000
vt 0.383333 1.000000
vt 0.383333 0.000000
vt 0.387500 1.000000
vt 0.387500 0.000000
vt 0.391667 1.000000
vt 0.391667 0.000000
vt 0.395833 1.000000
vt 0.395833 0.000000
vt 0.400000 1.000000
vt 0.400000 0.000000
vt 0.404167 1.000000
vt 0.404167 0.000000
vt 0.408333 1.000000
vt 0.408333 0.000000
vt 0.412500 1.000000
vt 0.412500 0.000000
vt 0.416667 1.000000
vt 0.416667 0.000000
vt 0.420833 1.000000
vt 0.420833 0.000000
vt 0.425000 1.000000
vt 0.425000 0.000000
vt 0.429167 1.000000
vt 0.429167 0.000000
vt 0.433333 1.000000
vt 0.433333 0.000000
vt 0.437500 1.000000
vt 0.437500 0.000000
vt 0.441667 1.000000
vt 0.441667 0.000000
vt 0.445833 1.000000
vt 0.445833 0.000000
vt 0.450000 1.000000
vt 0.450000 0.000000
vt 0.454167 1.000000
vt 0.454167 0.000000
vt 0.458333 1.000000
vt 0.458333 0.000000
vt 0.462500 1.000000
vt 0.462500 0.000000
vt 0.466667 1.000000
vt 0.466667 0.000000
vt 0.470833 1.000000
vt 0.470833 0.000000
vt 0.475000 1.000000
vt 0.475000 0.000000
vt 0.479167 1.000000
vt 0.479167 0.000000
vt 0.483333 1.000000
vt 0.483333 0.000000
vt 0.487500 1.000000
vt 0.487500 0.000000
vt 0.491667 1.000000
vt 0.491667 0.000000
vt 0.495833 1.000000
vt 0.495833 0.000000
vt 0.500000 1.000000
vt 0.500000 0.000000
vt 0.504167 1.000000
vt 0.504167 0.000000
vt 0.508333 1.000000
vt 0.508333 0.000000
vt 0.512500 1.000000
vt 0.512500 0.000000
vt 0.516667 1.000000
vt 0.516667 0.000000
vt 0.520833 1.000000
vt 0.520833 0.000000
vt 0.525000 1.000000
vt 0.525000 0.000000
vt 0.529167 1.000000
vt 0.529167 0.000000
vt 0.533333 1.000000
vt 0.533333 0.000000
vt 0.537500 1.000000
vt 0.537500 0.000000
vt 0.541667 1.000000
vt 0.541667 0.000000
vt 0.545833 1.000000
vt 0.545833 0.000000
vt 0.550000 1.000000
vt 0.550000 0.000000
vt 0.554167 1.000000
vt 0.554167 0.000000
vt 0.558333 1.000000
vt 0.558333 0.000000
vt 0.562500 1.000000
vt 0.562500 0.000000
vt 0.566667 1.000000
vt 0.566667 0.000000
vt 0.570833 1.000000
vt 0.570833 0.000000
vt 0.575000 1.000000
vt 0.575000 0.000000
vt 0.579167 1.000000
vt 0.579167 0.000000
vt 0.583333 1.000000
vt 0.583333 0.000000
vt 0.587500 1.000000
vt 0.587500 0.000000
vt 0.591667 1.000000
vt 0.591667 0.000000
vt 0.595833 1.000000
vt 0.595833 0.000000
vt 0.600000 1.000000
vt 0.600000 0.000000
vt 0.604167 1.000000
vt 0.604167 0.000000
vt 0.608333 1.000000
vt 0.608333 0.000000
vt 0.612500 1.000000
vt 0.612500 0.000000
vt 0.616667 1.000000
vt 0.616667 0.000000
vt 0.620833 1.000000
vt 0.620833 0.000000
vt 0.625000 1.000000
vt 0.625000 0.000000
vt 0.629167 1.000000
vt 0.629167 0.000000
vt 0.633333 1.000000
vt 0.633333 0.000000
vt 0.637500 1.000000
vt 0.637500 0.000000
vt 0.641667 1.000000
vt 0.641667 0.000000
vt 0.645833 1.000000
vt 0.645833 0.000000
vt 0.650000 1.000000
vt 0.650000 0.000000
vt 0.654167 1.000000
vt 0.654167 0.000000
vt 0.658333 1.000000
vt 0.658333 0.000000
vt 0.662500 1.000000
vt 0.662500 0.000000
vt 0.666667 1.000000
vt 0.666667 0.000000
vt 0.670833 1.000000
vt 0.670833 0.000000
vt 0.675000 1.000000
vt 0.675000 0.000000
vt 0.679167 1.000000
vt 0.679167 0.000000
vt 0.683333 1.000000
vt 0.683333 0.000000
vt 0.687500 1.000000
vt 0.687500 0.000000
vt 0.691667 1.000000
vt 0.691667 0.000000
vt 0.695833 1.000000
vt 0.695833 0.000000
vt 0.700000 1.000000
vt 0.700000 0.000000
vt 0.704167 1.000000
vt 0.704167 0.000000
vt 0.708333 1.000000
vt 0.708333 0.000000
vt 0.712500 1.000000
vt 0.712500 0.000000
vt 0.716667 1.000000
vt 0.716667 0.000000
vt 0.720833 1.000000
vt 0.720833 0.000000
vt 0.725000 1.000000
vt 0.725000 0.000000
vt 0.729167 1.000000
vt 0.729167 0.000000
vt 0.733333 1.000000
vt 0.733333 0.000000
vt 0.737500 1.000000
vt 0.737500 0.000000
vt 0.741667 1.000000
vt 0.741667 0.000000
vt 0.745833 1.000000
vt 0.745833 0.000000
vt 0.750000 1.000000
vt 0.750000 0.000000
vt 0.754167 1.000000
vt 0.754167 0.000000
vt 0.758333 1.000000
vt 0.758333 0.000000
vt 0.762500 1.000000
vt 0.762500 0.000000
vt 0.766667 1.000000
vt 0.766667 0.000000
vt 0.770833 1.000000
vt 0.770833 0.000000
vt 0.775000 1.000000
vt 0.775000 0.000000
vt 0.779167 1.000000
vt 0.779167 0.000000
vt 0.783333 1.000000
vt 0.783333 0.000000
vt 0.787500 1.000000
vt 0.787500 0.000000
vt 0.791667 1.000000
vt 0.791667 0.000000
vt 0.795833 1.000000
vt 0.795833 0.000000
vt 0.800000 1.000000
vt 0.800000 0.000000
vt 0.804167 1.000000
vt 0.804167 0.000000
vt 0.808333 1.000000
vt 0.808333 0.000000
vt 0.812500 1.000000
vt 0.812500 0.000000
vt 0.816667 1.000000
vt 0.816667 0.000000
vt 0.820833 1.000000
vt 0.820833 0.000000
vt 0.825000 1.000000
vt 0.825000 0.000000
vt 0.829167 1.000000
vt 0.829167 0.000000
vt 0.833333 1.000000
vt 0.833333 0.000000
vt 0.837500 1.000000
vt 0.837500 0.000000
vt 0.841667 1.000000
vt 0.841667 0.000000
vt 0.845833 1.000000
vt 0.845833 0.000000
vt 0.850000 1.000000
vt 0.850000 0.000000
vt 0.854167 1.000000
vt 0.854167 0.000000
vt 0.858333 1.000000
vt 0.858333 0.000000
vt 0.862500 1.000000
vt 0.862500 0.000000
vt 0.866667 1.000000
vt 0.866667 0.000000
vt 0.870833 1.000000
vt 0.870833 0.000000
vt 0.875000 1.000000
vt 0.875000 0.000000
vt 0.879167 1.000000
vt 0.879167 0.000000
vt 0.883333 1.000000
vt 0.883333 0.000000
vt 0.887500 1.000000
vt 0.887500 0.000000
vt 0.891667 1.000000
vt 0.891667 0.000000
vt 0.895833 1.000000
vt 0.895833 0.000000
vt 0.900000 1.000000
vt 0.900000 0.000000
vt 0.904167 1.000000
vt 0.904167 0.000000
vt 0.908333 1.000000
vt 0.908333 0.000000
vt 0.912500 1.000000
vt 0.912500 0.000000
vt 0.916667 1.000000
vt 0.916667 0.000000
vt 0.920833 1.000000
vt 0.920833 0.000000
vt 0.925000 1.000000
vt 0.925000 0.000000
vt 0.929167 1.000000
vt 0.929167 0.000000
vt 0.933333 1.000000
vt 0.933333 0.000000
vt 0.937500 1.000000
vt 0.937500 0.000000
vt 0.941667 1.000000
vt 0.941667 0.000000
vt 0.945833 1.000000
vt 0.945833 0.000000
vt 0.950000 1.000000
vt 0.950000 0.000000
vt 0.954167 1.000000
vt 0.954167 0.000000
vt 0.958333 1.000000
vt 0.958333 0.000000
vt 0.962500 1.000000
vt 0.962500 0.000000
vt 0.966667 1.000000
vt 0.966667 0.000000
vt 0.970833 1.000000
vt 0.970833 0.000000
vt 0.975000 1.000000
vt 0.975000 0.000000
vt 0.979167 1.000000
vt 0.979167 0.000000
vt 0.983333 1.000000
vt 0.983333 0.000000
vt 0.987500 1.000000
vt 0.987500 0.000000
vt 0.991667 1.000000
vt 0.991667 0.000000
vt 0.995833 1.000000
vt 0.995833 0.000000
vt 1.000000 1.000000
s 0
usemtl SVGMat.001
f 12/1/1 14/2/1 13/3/1
f 11/4/1 14/2/1 12/1/1
f 10/5/1 14/2/1 11/4/1
f 9/6/1 14/2/1 10/5/1
f 9/6/1 15/7/1 14/2/1
f 8/8/1 15/7/1 9/6/1
f 8/8/1 16/9/1 15/7/1
f 7/10/1 16/9/1 8/8/1
f 7/10/1 17/11/1 16/9/1
f 6/12/1 17/11/1 7/10/1
f 6/12/1 18/13/1 17/11/1
f 5/14/1 18/13/1 6/12/1
f 5/14/1 19/15/1 18/13/1
f 4/16/1 19/15/1 5/14/1
f 4/16/1 20/17/1 19/15/1
f 3/18/1 20/17/1 4/16/1
f 3/18/1 21/19/1 20/17/1
f 2/20/1 21/19/1 3/18/1
f 2/20/1 22/21/1 21/19/1
f 1/22/1 22/21/1 2/20/1
f 240/23/1 22/21/1 1/22/1
f 240/23/1 23/24/1 22/21/1
f 240/23/1 24/25/1 23/24/1
f 239/26/1 24/25/1 240/23/1
f 239/26/1 25/27/1 24/25/1
f 239/26/1 26/28/1 25/27/1
f 238/29/1 26/28/1 239/26/1
f 238/29/1 27/30/1 26/28/1
f 237/31/1 27/30/1 238/29/1
f 236/32/1 27/30/1 237/31/1
f 236/32/1 28/33/1 27/30/1
f 235/34/1 28/33/1 236/32/1
f 235/34/1 29/35/1 28/33/1
f 234/36/1 29/35/1 235/34/1
f 234/36/1 30/37/1 29/35/1
f 233/38/1 30/37/1 234/36/1
f 233/38/1 31/39/1 30/37/1
f 232/40/1 51/41/1 233/38/1
f 51/41/1 31/39/1 233/38/1
f 231/42/1 52/43/1 232/40/1
f 52/43/1 51/41/1 232/40/1
f 50/44/1 31/39/1 51/41/1
f 231/42/1 53/45/1 52/43/1
f 49/46/1 31/39/1 50/44/1
f 231/42/1 54/47/1 53/45/1
f 48/48/1 31/39/1 49/46/1
f 231/42/1 55/49/1 54/47/1
f 47/50/1 31/39/1 48/48/1
f 231/42/1 56/51/1 55/49/1
f 47/50/1 32/52/1 31/39/1
f 231/42/1 57/53/1 56/51/1
f 46/54/1 32/52/1 47/50/1
f 231/42/1 58/55/1 57/53/1
f 230/56/1 58/55/1 231/42/1
f 230/56/1 59/57/1 58/55/1
f 45/58/1 32/52/1 46/54/1
f 230/56/1 60/59/1 59/57/1
f 230/56/1 61/60/1 60/59/1
f 44/61/1 32/52/1 45/58/1
f 44/61/1 33/62/1 32/52/1
f 229/63/1 61/60/1 230/56/1
f 229/63/1 62/64/1 61/60/1
f 229/63/1 63/65/1 62/64/1
f 43/66/1 33/62/1 44/61/1
f 229/63/1 64/67/1 63/65/1
f 228/68/1 64/67/1 229/63/1
f 228/68/1 65/69/1 64/67/1
f 228/68/1 66/70/1 65/69/1
f 42/71/1 33/62/1 43/66/1
f 42/71/1 34/72/1 33/62/1
f 228/68/1 67/73/1 66/70/1
f 227/74/1 67/73/1 228/68/1
f 227/74/1 68/75/1 67/73/1
f 227/74/1 69/76/1 68/75/1
f 227/74/1 70/77/1 69/76/1
f 41/78/1 34/72/1 42/71/1
f 226/79/1 70/77/1 227/74/1
f 226/79/1 71/80/1 70/77/1
f 226/79/1 72/81/1 71/80/1
f 226/79/1 73/82/1 72/81/1
f 41/78/1 35/83/1 34/72/1
f 225/84/1 73/82/1 226/79/1
f 225/84/1 74/85/1 73/82/1
f 225/84/1 75/86/1 74/85/1
f 40/87/1 35/83/1 41/78/1
f 225/84/1 76/88/1 75/86/1
f 224/89/1 76/88/1 225/84/1
f 224/89/1 77/90/1 76/88/1
f 223/91/1 77/90/1 224/89/1
f 39/92/1 35/83/1 40/87/1
f 39/92/1 36/93/1 35/83/1
f 96/94/1 98/95/1 97/96/1
f 223/91/1 78/97/1 77/90/1
f 222/98/1 78/97/1 223/91/1
f 95/99/1 98/95/1 96/94/1
f 38/100/1 36/93/1 39/92/1
f 221/101/1 78/97/1 222/98/1
f 221/101/1 79/102/1 78/97/1
f 95/99/1 99/103/1 98/95/1
f 94/104/1 99/103/1 95/99/1
f 220/105/1 79/102/1 221/101/1
f 38/100/1 37/106/1 36/93/1
f 220/105/1 80/107/1 79/102/1
f 94/104/1 100/108/1 99/103/1
f 93/109/1 100/108/1 94/104/1
f 219/110/1 80/107/1 220/105/1
f 92/111/1 100/108/1 93/109/1
f 219/110/1 81/112/1 80/107/1
f 92/111/1 101/113/1 100/108/1
f 91/114/1 101/113/1 92/111/1
f 218/115/1 81/112/1 219/110/1
f 180/116/1 182/117/1 181/118/1
f 90/119/1 101/113/1 91/114/1
f 218/115/1 82/120/1 81/112/1
f 90/119/1 102/121/1 101/113/1
f 89/122/1 102/121/1 90/119/1
f 179/123/1 182/117/1 180/116/1
f 217/124/1 82/120/1 218/115/1
f 217/124/1 83/125/1 82/120/1
f 88/126/1 102/121/1 89/122/1
f 178/127/1 182/117/1 179/123/1
f 88/126/1 103/128/1 102/121/1
f 87/129/1 103/128/1 88/126/1
f 217/124/1 84/130/1 83/125/1
f 177/131/1 182/117/1 178/127/1
f 86/132/1 103/128/1 87/129/1
f 216/133/1 84/130/1 217/124/1
f 177/131/1 183/134/1 182/117/1
f 85/135/1 103/128/1 86/132/1
f 216/133/1 85/135/1 84/130/1
f 215/136/1 85/135/1 216/133/1
f 85/135/1 104/137/1 103/128/1
f 215/136/1 104/137/1 85/135/1
f 176/138/1 183/134/1 177/131/1
f 214/139/1 104/137/1 215/136/1
f 175/140/1 183/134/1 176/138/1
f 213/141/1 104/137/1 214/139/1
f 213/141/1 105/142/1 104/137/1
f 212/143/1 105/142/1 213/141/1
f 175/140/1 184/144/1 183/134/1
f 174/145/1 184/144/1 175/140/1
f 211/146/1 105/142/1 212/143/1
f 211/146/1 106/147/1 105/142/1
f 173/148/1 184/144/1 174/145/1
f 210/149/1 106/147/1 211/146/1
f 209/150/1 106/147/1 210/149/1
f 172/151/1 184/144/1 173/148/1
f 172/151/1 185/152/1 184/144/1
f 209/150/1 107/153/1 106/147/1
f 208/154/1 107/153/1 209/150/1
f 171/155/1 185/152/1 172/151/1
f 207/156/1 107/153/1 208/154/1
f 207/156/1 108/157/1 107/153/1
f 170/158/1 185/152/1 171/155/1
f 170/158/1 186/159/1 185/152/1
f 206/160/1 108/157/1 207/156/1
f 206/160/1 109/161/1 108/157/1
f 169/162/1 186/159/1 170/158/1
f 205/163/1 109/161/1 206/160/1
f 169/162/1 168/164/1 186/159/1
f 168/164/1 187/165/1 186/159/1
f 204/166/1 109/161/1 205/163/1
f 167/167/1 187/165/1 168/164/1
f 204/166/1 110/168/1 109/161/1
f 166/169/1 187/165/1 167/167/1
f 165/170/1 187/165/1 166/169/1
f 164/171/1 187/165/1 165/170/1
f 203/172/1 110/168/1 204/166/1
f 163/173/1 187/165/1 164/171/1
f 162/174/1 187/165/1 163/173/1
f 162/174/1 188/175/1 187/165/1
f 161/176/1 188/175/1 162/174/1
f 202/177/1 110/168/1 203/172/1
f 202/177/1 111/178/1 110/168/1
f 160/179/1 188/175/1 161/176/1
f 159/180/1 188/175/1 160/179/1
f 201/181/1 111/178/1 202/177/1
f 159/180/1 189/182/1 188/175/1
f 158/183/1 189/182/1 159/180/1
f 201/181/1 112/184/1 111/178/1
f 157/185/1 189/182/1 158/183/1
f 200/186/1 112/184/1 201/181/1
f 156/187/1 189/182/1 157/185/1
f 156/187/1 190/188/1 189/182/1
f 200/186/1 113/189/1 112/184/1
f 199/190/1 113/189/1 200/186/1
f 156/187/1 191/191/1 190/188/1
f 198/192/1 113/189/1 199/190/1
f 155/193/1 191/191/1 156/187/1
f 198/192/1 114/194/1 113/189/1
f 155/193/1 192/195/1 191/191/1
f 197/196/1 114/194/1 198/192/1
f 155/193/1 193/197/1 192/195/1
f 197/196/1 115/198/1 114/194/1
f 196/199/1 115/198/1 197/196/1
f 154/200/1 193/197/1 155/193/1
f 154/200/1 194/201/1 193/197/1
f 195/202/1 115/198/1 196/199/1
f 154/200/1 195/202/1 194/201/1
f 195/202/1 116/203/1 115/198/1
f 154/200/1 116/203/1 195/202/1
f 154/200/1 117/204/1 116/203/1
f 153/205/1 117/204/1 154/200/1
f 153/205/1 118/206/1 117/204/1
f 153/205/1 119/207/1 118/206/1
f 153/205/1 120/208/1 119/207/1
f 152/209/1 120/208/1 153/205/1
f 152/209/1 121/210/1 120/208/1
f 152/209/1 122/211/1 121/210/1
f 151/212/1 122/211/1 152/209/1
f 151/212/1 123/213/1 122/211/1
f 150/214/1 123/213/1 151/212/1
f 150/214/1 124/215/1 123/213/1
f 149/216/1 124/215/1 150/214/1
f 149/216/1 125/217/1 124/215/1
f 149/216/1 126/218/1 125/217/1
f 148/219/1 126/218/1 149/216/1
f 148/219/1 140/220/1 126/218/1
f 140/220/1 127/221/1 126/218/1
f 148/219/1 141/222/1 140/220/1
f 139/223/1 127/221/1 140/220/1
f 147/224/1 141/222/1 148/219/1
f 138/225/1 127/221/1 139/223/1
f 147/224/1 142/226/1 141/222/1
f 138/225/1 128/227/1 127/221/1
f 137/228/1 128/227/1 138/225/1
f 147/224/1 143/229/1 142/226/1
f 136/230/1 128/227/1 137/228/1
f 146/231/1 143/229/1 147/224/1
f 136/230/1 129/232/1 128/227/1
f 146/231/1 144/233/1 143/229/1
f 135/234/1 129/232/1 136/230/1
f 135/234/1 130/235/1 129/232/1
f 146/231/1 145/236/1 144/233/1
f 134/237/1 130/235/1 135/234/1
f 134/237/1 131/238/1 130/235/1
f 134/237/1 132/239/1 131/238/1
f 133/240/1 132/239/1 134/237/1
f 252/1/2 253/3/2 254/2/2
f 251/4/2 252/1/2 254/2/2
f 250/5/2 251/4/2 254/2/2
f 249/6/2 250/5/2 254/2/2
f 249/6/2 254/2/2 255/7/2
f 248/8/2 249/6/2 255/7/2
f 248/8/2 255/7/2 256/9/2
f 247/10/2 248/8/2 256/9/2
f 247/10/2 256/9/2 257/11/2
f 246/12/2 247/10/2 257/11/2
f 246/12/2 257/11/2 258/13/2
f 245/14/2 246/12/2 258/13/2
f 245/14/2 258/13/2 259/15/2
f 244/16/2 245/14/2 259/15/2
f 244/16/2 259/15/2 260/17/2
f 243/18/2 244/16/2 260/17/2
f 243/18/2 260/17/2 261/19/2
f 242/20/2 243/18/2 261/19/2
f 242/20/2 261/19/2 262/21/2
f 241/22/2 242/20/2 262/21/2
f 480/23/2 241/22/2 262/21/2
f 480/23/2 262/21/2 263/24/2
f 480/23/2 263/24/2 264/25/2
f 479/26/2 480/23/2 264/25/2
f 479/26/2 264/25/2 265/27/2
f 479/26/2 265/27/2 266/28/2
f 478/29/2 479/26/2 266/28/2
f 478/29/2 266/28/2 267/30/2
f 477/31/2 478/29/2 267/30/2
f 476/32/2 477/31/2 267/30/2
f 476/32/2 267/30/2 268/33/2
f 475/34/2 476/32/2 268/33/2
f 475/34/2 268/33/2 269/35/2
f 474/36/2 475/34/2 269/35/2
f 474/36/2 269/35/2 270/37/2
f 473/38/2 474/36/2 270/37/2
f 473/38/2 270/37/2 271/39/2
f 472/40/2 473/38/2 291/41/2
f 291/41/2 473/38/2 271/39/2
f 471/42/2 472/40/2 292/43/2
f 292/43/2 472/40/2 291/41/2
f 290/44/2 291/41/2 271/39/2
f 471/42/2 292/43/2 293/45/2
f 289/46/2 290/44/2 271/39/2
f 471/42/2 293/45/2 294/47/2
f 288/48/2 289/46/2 271/39/2
f 471/42/2 294/47/2 295/49/2
f 287/50/2 288/48/2 271/39/2
f 471/42/2 295/49/2 296/51/2
f 287/50/2 271/39/2 272/52/2
f 471/42/2 296/51/2 297/53/2
f 286/54/2 287/50/2 272/52/2
f 471/42/2 297/53/2 298/55/2
f 470/56/2 471/42/2 298/55/2
f 470/56/2 298/55/2 299/57/2
f 285/58/2 286/54/2 272/52/2
f 470/56/2 299/57/2 300/59/2
f 470/56/2 300/59/2 301/60/2
f 284/61/2 285/58/2 272/52/2
f 284/61/2 272/52/2 273/62/2
f 469/63/2 470/56/2 301/60/2
f 469/63/2 301/60/2 302/64/2
f 469/63/2 302/64/2 303/65/2
f 283/66/2 284/61/2 273/62/2
f 469/63/2 303/65/2 304/67/2
f 468/68/2 469/63/2 304/67/2
f 468/68/2 304/67/2 305/69/2
f 468/68/2 305/69/2 306/70/2
f 282/71/2 283/66/2 273/62/2
f 282/71/2 273/62/2 274/72/2
f 468/68/2 306/70/2 307/73/2
f 467/74/2 468/68/2 307/73/2
f 467/74/2 307/73/2 308/75/2
f 467/74/2 308/75/2 309/76/2
f 467/74/2 309/76/2 310/77/2
f 281/78/2 282/71/2 274/72/2
f 466/79/2 467/74/2 310/77/2
f 466/79/2 310/77/2 311/80/2
f 466/79/2 311/80/2 312/81/2
f 466/79/2 312/81/2 313/82/2
f 281/78/2 274/72/2 275/83/2
f 465/84/2 466/79/2 313/82/2
f 465/84/2 313/82/2 314/85/2
f 465/84/2 314/85/2 315/86/2
f 280/87/2 281/78/2 275/83/2
f 465/84/2 315/86/2 316/88/2
f 464/89/2 465/84/2 316/88/2
f 464/89/2 316/88/2 317/90/2
f 463/91/2 464/89/2 317/90/2
f 279/92/2 280/87/2 275/83/2
f 279/92/2 275/83/2 276/93/2
f 336/94/2 337/96/2 338/95/2
f 463/91/2 317/90/2 318/97/2
f 462/98/2 463/91/2 318/97/2
f 335/99/2 336/94/2 338/95/2
f 278/100/2 279/92/2 276/93/2
f 461/101/2 462/98/2 318/97/2
f 461/101/2 318/97/2 319/102/2
f 335/99/2 338/95/2 339/103/2
f 334/104/2 335/99/2 339/103/2
f 460/105/2 461/101/2 319/102/2
f 278/100/2 276/93/2 277/106/2
f 460/105/2 319/102/2 320/107/2
f 334/104/2 339/103/2 340/108/2
f 333/109/2 334/104/2 340/108/2
f 459/110/2 460/105/2 320/107/2
f 332/111/2 333/109/2 340/108/2
f 459/110/2 320/107/2 321/112/2
f 332/111/2 340/108/2 341/113/2
f 331/114/2 332/111/2 341/113/2
f 458/115/2 459/110/2 321/112/2
f 420/116/2 421/118/2 422/117/2
f 330/119/2 331/114/2 341/113/2
f 458/115/2 321/112/2 322/120/2
f 330/119/2 341/113/2 342/121/2
f 329/122/2 330/119/2 342/121/2
f 419/123/2 420/116/2 422/117/2
f 457/124/2 458/115/2 322/120/2
f 457/124/2 322/120/2 323/125/2
f 328/126/2 329/122/2 342/121/2
f 418/127/2 419/123/2 422/117/2
f 328/126/2 342/121/2 343/128/2
f 327/129/2 328/126/2 343/128/2
f 457/124/2 323/125/2 324/130/2
f 417/131/2 418/127/2 422/117/2
f 326/132/2 327/129/2 343/128/2
f 456/133/2 457/124/2 324/130/2
f 417/131/2 422/117/2 423/134/2
f 325/135/2 326/132/2 343/128/2
f 456/133/2 324/130/2 325/135/2
f 455/136/2 456/133/2 325/135/2
f 325/135/2 343/128/2 344/137/2
f 455/136/2 325/135/2 344/137/2
f 416/138/2 417/131/2 423/134/2
f 454/139/2 455/136/2 344/137/2
f 415/140/2 416/138/2 423/134/2
f 453/141/2 454/139/2 344/137/2
f 453/141/2 344/137/2 345/142/2
f 452/143/2 453/141/2 345/142/2
f 415/140/2 423/134/2 424/144/2
f 414/145/2 415/140/2 424/144/2
f 451/146/2 452/143/2 345/142/2
f 451/146/2 345/142/2 346/147/2
f 413/148/2 414/145/2 424/144/2
f 450/149/2 451/146/2 346/147/2
f 449/150/2 450/149/2 346/147/2
f 412/151/2 413/148/2 424/144/2
f 412/151/2 424/144/2 425/152/2
f 449/150/2 346/147/2 347/153/2
f 448/154/2 449/150/2 347/153/2
f 411/155/2 412/151/2 425/152/2
f 447/156/2 448/154/2 347/153/2
f 447/156/2 347/153/2 348/157/2
f 410/158/2 411/155/2 425/152/2
f 410/158/2 425/152/2 426/159/2
f 446/160/2 447/156/2 348/157/2
f 446/160/2 348/157/2 349/161/2
f 409/162/2 410/158/2 426/159/2
f 445/163/2 446/160/2 349/161/2
f 409/162/2 426/159/2 408/164/2
f 408/164/2 426/159/2 427/165/2
f 444/166/2 445/163/2 349/161/2
f 407/167/2 408/164/2 427/165/2
f 444/166/2 349/161/2 350/168/2
f 406/169/2 407/167/2 427/165/2
f 405/170/2 406/169/2 427/165/2
f 404/171/2 405/170/2 427/165/2
f 443/172/2 444/166/2 350/168/2
f 403/173/2 404/171/2 427/165/2
f 402/174/2 403/173/2 427/165/2
f 402/174/2 427/165/2 428/175/2
f 401/176/2 402/174/2 428/175/2
f 442/177/2 443/172/2 350/168/2
f 442/177/2 350/168/2 351/178/2
f 400/179/2 401/176/2 428/175/2
f 399/180/2 400/179/2 428/175/2
f 441/181/2 442/177/2 351/178/2
f 399/180/2 428/175/2 429/182/2
f 398/183/2 399/180/2 429/182/2
f 441/181/2 351/178/2 352/184/2
f 397/185/2 398/183/2 429/182/2
f 440/186/2 441/181/2 352/184/2
f 396/187/2 397/185/2 429/182/2
f 396/187/2 429/182/2 430/188/2
f 440/186/2 352/184/2 353/189/2
f 439/190/2 440/186/2 353/189/2
f 396/187/2 430/188/2 431/191/2
f 438/192/2 439/190/2 353/189/2
f 395/193/2 396/187/2 431/191/2
f 438/192/2 353/189/2 354/194/2
f 395/193/2 431/191/2 432/195/2
f 437/196/2 438/192/2 354/194/2
f 395/193/2 432/195/2 433/197/2
f 437/196/2 354/194/2 355/198/2
f 436/199/2 437/196/2 355/198/2
f 394/200/2 395/193/2 433/197/2
f 394/200/2 433/197/2 434/201/2
f 435/202/2 436/199/2 355/198/2
f 394/200/2 434/201/2 435/202/2
f 435/202/2 355/198/2 356/203/2
f 394/200/2 435/202/2 356/203/2
f 394/200/2 356/203/2 357/204/2
f 393/205/2 394/200/2 357/204/2
f 393/205/2 357/204/2 358/206/2
f 393/205/2 358/206/2 359/207/2
f 393/205/2 359/207/2 360/208/2
f 392/209/2 393/205/2 360/208/2
f 392/209/2 360/208/2 361/210/2
f 392/209/2 361/210/2 362/211/2
f 391/212/2 392/209/2 362/211/2
f 391/212/2 362/211/2 363/213/2
f 390/214/2 391/212/2 363/213/2
f 390/214/2 363/213/2 364/215/2
f 389/216/2 390/214/2 364/215/2
f 389/216/2 364/215/2 365/217/2
f 389/216/2 365/217/2 366/218/2
f 388/219/2 389/216/2 366/218/2
f 388/219/2 366/218/2 380/220/2
f 380/220/2 366/218/2 367/221/2
f 388/219/2 380/220/2 381/222/2
f 379/223/2 380/220/2 367/221/2
f 387/224/2 388/219/2 381/222/2
f 378/225/2 379/223/2 367/221/2
f 387/224/2 381/222/2 382/226/2
f 378/225/2 367/221/2 368/227/2
f 377/228/2 378/225/2 368/227/2
f 387/224/2 382/226/2 383/229/2
f 376/230/2 377/228/2 368/227/2
f 386/231/2 387/224/2 383/229/2
f 376/230/2 368/227/2 369/232/2
f 386/231/2 383/229/2 384/233/2
f 375/234/2 376/230/2 369/232/2
f 375/234/2 369/232/2 370/235/2
f 386/231/2 384/233/2 385/236/2
f 374/237/2 375/234/2 370/235/2
f 374/237/2 370/235/2 371/238/2
f 374/237/2 371/238/2 372/239/2
f 373/240/2 374/237/2 372/239/2
s 1
f 482/241/3 484/242/4 483/243/4 481/22/3
f 484/242/4 486/244/4 485/245/4 483/243/4
f 486/244/4 488/246/4 487/247/4 485/245/4
f 488/246/4 490/248/4 489/249/4 487/247/4
f 490/248/4 492/250/4 491/251/4 489/249/4
f 492/250/4 494/252/4 493/253/4 491/251/4
f 494/252/4 496/254/4 495/255/4 493/253/4
f 496/254/4 498/256/4 497/257/4 495/255/4
f 498/256/4 500/258/4 499/259/4 497/257/4
f 500/258/4 502/260/4 501/261/4 499/259/4
f 502/260/4 504/262/4 503/263/4 501/261/4
f 504/262/4 506/264/5 505/265/5 503/263/4
f 506/264/5 508/266/6 507/267/6 505/265/5
f 508/266/6 510/268/7 509/269/7 507/267/6
f 510/268/7 512/270/8 511/271/8 509/269/7
f 512/270/8 514/272/9 513/273/9 511/271/8
f 514/272/9 516/274/10 515/275/10 513/273/9
f 516/274/10 518/276/11 517/277/11 515/275/10
f 518/276/11 520/278/12 519/279/12 517/277/11
f 520/278/12 522/280/13 521/281/13 519/279/12
f 522/280/13 524/282/14 523/283/14 521/281/13
f 524/282/14 526/284/15 525/285/15 523/283/14
f 526/284/15 528/286/16 527/287/16 525/285/15
f 528/286/16 530/288/17 529/289/17 527/287/16
f 530/288/17 532/290/18 531/291/18 529/289/17
f 532/290/18 534/292/19 533/293/19 531/291/18
f 534/292/19 536/294/20 535/295/20 533/293/19
f 536/294/20 538/296/21 537/297/21 535/295/20
f 538/296/21 540/298/22 539/299/22 537/297/21
f 540/298/22 542/300/23 541/301/23 539/299/22
f 542/300/23 544/302/24 543/303/24 541/301/23
f 544/302/24 546/304/25 545/305/25 543/303/24
f 546/304/25 548/306/26 547/307/26 545/305/25
f 548/306/26 550/308/27 549/309/27 547/307/26
f 550/308/27 552/310/28 551/311/28 549/309/27
f 552/310/28 554/312/29 553/313/29 551/311/28
f 554/312/29 556/314/30 555/315/30 553/313/29
f 556/314/30 558/316/31 557/317/31 555/315/30
f 558/316/31 560/318/32 559/319/32 557/317/31
f 560/318/32 562/320/33 561/321/33 559/319/32
f 562/320/33 564/322/34 563/323/34 561/321/33
f 564/322/34 566/324/35 565/325/35 563/323/34
f 566/324/35 568/326/36 567/327/36 565/325/35
f 568/326/36 570/328/37 569/329/37 567/327/36
f 570/328/37 572/330/38 571/331/38 569/329/37
f 572/330/38 574/332/39 573/333/39 571/331/38
f 574/332/39 576/334/40 575/335/40 573/333/39
f 576/334/40 578/336/41 577/337/41 575/335/40
f 578/336/41 580/338/42 579/339/42 577/337/41
f 580/338/42 582/340/43 581/341/43 579/339/42
f 582/340/43 584/342/44 583/343/44 581/341/43
f 584/342/44 586/344/45 585/345/45 583/343/44
f 586/344/45 588/346/46 587/347/46 585/345/45
f 588/346/46 590/348/47 589/349/47 587/347/46
f 590/348/47 592/350/48 591/351/48 589/349/47
f 592/350/48 594/352/49 593/353/49 591/351/48
f 594/352/49 596/354/50 595/355/50 593/353/49
f 596/354/50 598/356/51 597/357/51 595/355/50
f 598/356/51 600/358/52 599/359/52 597/357/51
f 600/358/52 602/360/53 601/361/53 599/359/52
f 602/360/53 604/362/54 603/363/54 601/361/53
f 604/362/54 606/364/55 605/365/55 603/363/54
f 606/364/55 608/366/56 607/367/56 605/365/55
f 608/366/56 610/368/57 609/369/57 607/367/56
f 610/368/57 612/370/58 611/371/58 609/369/57
f 612/370/58 614/372/59 613/373/59 611/371/58
f 614/372/59 616/374/60 615/375/60 613/373/59
f 616/374/60 618/376/61 617/377/61 615/375/60
f 618/376/61 620/378/62 619/379/62 617/377/61
f 620/378/62 622/380/63 621/381/63 619/379/62
f 622/380/63 624/382/64 623/383/64 621/381/63
f 624/382/64 626/384/65 625/385/65 623/383/64
f 626/384/65 628/386/66 627/387/66 625/385/65
f 628/386/66 630/388/66 629/389/66 627/387/66
f 630/388/66 632/390/66 631/391/66 629/389/66
f 632/390/66 634/392/66 633/393/66 631/391/66
f 634/392/66 636/394/66 635/395/66 633/393/66
f 636/394/66 638/396/66 637/397/66 635/395/66
f 638/396/66 640/398/66 639/399/66 637/397/66
f 640/398/66 642/400/66 641/401/66 639/399/66
f 642/400/66 644/402/66 643/403/66 641/401/66
f 644/402/66 646/404/66 645/405/66 643/403/66
f 646/404/66 648/406/66 647/407/66 645/405/66
f 648/406/66 650/408/67 649/409/67 647/407/66
f 650/408/67 652/410/68 651/411/68 649/409/67
f 652/410/68 654/412/69 653/413/69 651/411/68
f 654/412/69 656/414/70 655/415/70 653/413/69
f 656/414/70 658/416/71 657/417/71 655/415/70
f 658/416/71 660/418/72 659/419/72 657/417/71
f 660/418/72 662/420/73 661/421/73 659/419/72
f 662/420/73 664/422/74 663/423/74 661/421/73
f 664/422/74 666/424/75 665/425/75 663/423/74
f 666/424/75 668/426/76 667/427/76 665/425/75
f 668/426/76 670/428/77 669/429/77 667/427/76
f 670/428/77 672/430/78 671/431/78 669/429/77
f 672/430/78 674/432/79 673/433/79 671/431/78
f 674/432/79 676/434/80 675/435/80 673/433/79
f 676/434/80 678/436/81 677/437/81 675/435/80
f 678/436/81 680/438/82 679/439/82 677/437/81
f 680/438/82 682/440/83 681/441/83 679/439/82
f 682/440/83 684/442/84 683/443/84 681/441/83
f 684/442/84 686/444/85 685/445/85 683/443/84
f 686/444/85 688/446/86 687/447/86 685/445/85
f 688/446/86 690/448/87 689/449/87 687/447/86
f 690/448/87 692/450/88 691/451/88 689/449/87
f 692/450/88 694/452/89 693/453/89 691/451/88
f 694/452/89 696/454/90 695/455/90 693/453/89
f 696/454/90 698/456/91 697/457/91 695/455/90
f 698/456/91 700/458/92 699/459/92 697/457/91
f 700/458/92 702/460/93 701/461/93 699/459/92
f 702/460/93 704/462/94 703/463/94 701/461/93
f 704/462/94 706/464/95 705/465/95 703/463/94
f 706/464/95 708/466/96 707/467/96 705/465/95
f 708/466/96 710/468/97 709/469/97 707/467/96
f 710/468/97 712/470/98 711/471/98 709/469/97
f 712/470/98 714/472/99 713/473/99 711/471/98
f 714/472/99 716/474/100 715/475/100 713/473/99
f 716/474/100 718/476/101 717/477/101 715/475/100
f 718/476/101 720/478/102 719/479/102 717/477/101
f 720/478/102 722/480/103 721/481/103 719/479/102
f 722/480/103 724/482/104 723/483/104 721/481/103
f 724/482/104 726/484/105 725/485/105 723/483/104
f 726/484/105 728/486/106 727/487/106 725/485/105
f 728/486/106 730/488/107 729/489/107 727/487/106
f 730/488/107 732/490/108 731/491/108 729/489/107
f 732/490/108 734/492/109 733/493/109 731/491/108
f 734/492/109 736/494/110 735/495/110 733/493/109
f 736/494/110 738/496/111 737/497/111 735/495/110
f 738/496/111 740/498/112 739/499/112 737/497/111
f 740/498/112 742/500/113 741/501/113 739/499/112
f 742/500/113 744/502/114 743/503/114 741/501/113
f 744/502/114 746/504/115 745/505/115 743/503/114
f 746/504/115 748/506/116 747/507/116 745/505/115
f 748/506/116 750/508/117 749/509/117 747/507/116
f 750/508/117 752/510/118 751/511/118 749/509/117
f 752/510/118 754/512/119 753/513/119 751/511/118
f 754/512/119 756/514/120 755/515/120 753/513/119
f 756/514/120 758/516/121 757/517/121 755/515/120
f 758/516/121 760/518/122 759/519/122 757/517/121
f 760/518/122 762/520/123 761/521/123 759/519/122
f 762/520/123 764/522/124 763/523/124 761/521/123
f 764/522/124 766/524/125 765/525/125 763/523/124
f 766/524/125 768/526/126 767/527/126 765/525/125
f 768/526/126 770/528/127 769/529/127 767/527/126
f 770/528/127 772/530/128 771/531/128 769/529/127
f 772/530/128 774/532/129 773/533/129 771/531/128
f 774/532/129 776/534/130 775/535/130 773/533/129
f 776/534/130 778/536/131 777/537/131 775/535/130
f 778/536/131 780/538/132 779/539/132 777/537/131
f 780/538/132 782/540/133 781/541/133 779/539/132
f 782/540/133 784/542/134 783/543/134 781/541/133
f 784/542/134 786/544/135 785/545/135 783/543/134
f 786/544/135 788/546/136 787/547/136 785/545/135
f 788/546/136 790/548/137 789/549/137 787/547/136
f 790/548/137 792/550/138 791/551/138 789/549/137
f 792/550/138 794/552/139 793/553/139 791/551/138
f 794/552/139 796/554/140 795/555/140 793/553/139
f 796/554/140 798/556/141 797/557/141 795/555/140
f 798/556/141 800/558/142 799/559/142 797/557/141
f 800/558/142 802/560/143 801/561/143 799/559/142
f 802/560/143 804/562/144 803/563/144 801/561/143
f 804/562/144 806/564/145 805/565/145 803/563/144
f 806/564/145 808/566/146 807/567/146 805/565/145
f 808/566/146 810/568/147 809/569/147 807/567/146
f 810/568/147 812/570/148 811/571/148 809/569/147
f 812/570/148 814/572/149 813/573/149 811/571/148
f 814/572/149 816/574/150 815/575/150 813/573/149
f 816/574/150 818/576/151 817/577/151 815/575/150
f 818/576/151 820/578/152 819/579/152 817/577/151
f 820/578/152 822/580/153 821/581/153 819/579/152
f 822/580/153 824/582/154 823/583/154 821/581/153
f 824/582/154 826/584/155 825/585/155 823/583/154
f 826/584/155 828/586/156 827/587/156 825/585/155
f 828/586/156 830/588/157 829/589/157 827/587/156
f 830/588/157 832/590/158 831/591/158 829/589/157
f 832/590/158 834/592/159 833/593/159 831/591/158
f 834/592/159 836/594/160 835/595/160 833/593/159
f 836/594/160 838/596/161 837/597/161 835/595/160
f 838/596/161 840/598/162 839/599/162 837/597/161
f 840/598/162 842/600/163 841/601/163 839/599/162
f 842/600/163 844/602/164 843/603/164 841/601/163
f 844/602/164 846/604/165 845/605/165 843/603/164
f 846/604/165 848/606/166 847/607/166 845/605/165
f 848/606/166 850/608/167 849/609/167 847/607/166
f 850/608/167 852/610/168 851/611/168 849/609/167
f 852/610/168 854/612/169 853/613/169 851/611/168
f 854/612/169 856/614/170 855/615/170 853/613/169
f 856/614/170 858/616/171 857/617/171 855/615/170
f 858/616/171 860/618/172 859/619/172 857/617/171
f 860/618/172 862/620/173 861/621/173 859/619/172
f 862/620/173 864/622/174 863/623/174 861/621/173
f 864/622/174 866/624/175 865/625/175 863/623/174
f 866/624/175 868/626/176 867/627/176 865/625/175
f 868/626/176 870/628/177 869/629/177 867/627/176
f 870/628/177 872/630/178 871/631/178 869/629/177
f 872/630/178 874/632/179 873/633/179 871/631/178
f 874/632/179 876/634/180 875/635/180 873/633/179
f 876/634/180 878/636/181 877/637/181 875/635/180
f 878/636/181 880/638/182 879/639/182 877/637/181
f 880/638/182 882/640/183 881/641/183 879/639/182
f 882/640/183 884/642/184 883/643/184 881/641/183
f 884/642/184 886/644/185 885/645/185 883/643/184
f 886/644/185 888/646/186 887/647/186 885/645/185
f 888/646/186 890/648/187 889/649/187 887/647/186
f 890/648/187 892/650/188 891/651/188 889/649/187
f 892/650/188 894/652/189 893/653/189 891/651/188
f 894/652/189 896/654/190 895/655/190 893/653/189
f 896/654/190 898/656/191 897/657/191 895/655/190
f 898/656/191 900/658/192 899/659/192 897/657/191
f 900/658/192 902/660/193 901/661/193 899/659/192
f 902/660/193 904/662/194 903/663/194 901/661/193
f 904/662/194 906/664/195 905/665/195 903/663/194
f 906/664/195 908/666/196 907/667/196 905/665/195
f 908/666/196 910/668/197 909/669/197 907/667/196
f 910/668/197 912/670/198 911/671/198 909/669/197
f 912/670/198 914/672/199 913/673/199 911/671/198
f 914/672/199 916/674/200 915/675/200 913/673/199
f 916/674/200 918/676/201 917/677/201 915/675/200
f 918/676/201 920/678/202 919/679/202 917/677/201
f 920/678/202 922/680/203 921/681/203 919/679/202
f 922/680/203 924/682/204 923/683/204 921/681/203
f 924/682/204 926/684/205 925/685/205 923/683/204
f 926/684/205 928/686/206 927/687/206 925/685/205
f 928/686/206 930/688/207 929/689/207 927/687/206
f 930/688/207 932/690/208 931/691/208 929/689/207
f 932/690/208 934/692/209 933/693/209 931/691/208
f 934/692/209 936/694/210 935/695/210 933/693/209
f 936/694/210 938/696/211 937/697/211 935/695/210
f 938/696/211 940/698/212 939/699/212 937/697/211
f 940/698/212 942/700/213 941/701/213 939/699/212
f 942/700/213 944/702/214 943/703/214 941/701/213
f 944/702/214 946/704/215 945/705/215 943/703/214
f 946/704/215 948/706/216 947/707/216 945/705/215
f 948/706/216 950/708/217 949/709/217 947/707/216
f 950/708/217 952/710/218 951/711/218 949/709/217
f 952/710/218 954/712/219 953/713/219 951/711/218
f 954/712/219 956/714/220 955/715/220 953/713/219
f 956/714/220 958/716/221 957/717/221 955/715/220
f 958/716/221 960/718/222 959/719/222 957/717/221
f 960/718/222 482/720/3 481/23/3 959/719/222
o Curve
v -0.882939 -3.115673 -0.298332
v -0.894521 -3.106329 -0.298332
v -0.926541 -3.080496 -0.298332
v -0.974912 -3.041472 -0.298332
v -1.035546 -2.992554 -0.298332
v -1.104356 -2.937041 -0.298332
v -1.177253 -2.878230 -0.298332
v -1.250151 -2.819419 -0.298332
v -1.318960 -2.763906 -0.298332
v -1.379595 -2.714989 -0.298332
v -1.427965 -2.675965 -0.298332
v -1.459985 -2.650132 -0.298332
v -1.471567 -2.640789 -0.298332
v -1.363007 -2.825401 -0.298332
v -1.267619 -3.011804 -0.298332
v -1.184324 -3.203638 -0.298332
v -1.112045 -3.404541 -0.298332
v -1.049701 -3.618152 -0.298332
v -0.996211 -3.848113 -0.298332
v -0.950497 -4.098059 -0.298332
v -0.911478 -4.371634 -0.298332
v -0.878078 -4.672474 -0.298332
v -0.849214 -5.004220 -0.298332
v -0.823808 -5.370512 -0.298332
v -0.800780 -5.774989 -0.298332
v -0.742216 -5.615714 -0.298332
v -0.673737 -5.466085 -0.298332
v -0.595235 -5.326204 -0.298332
v -0.506606 -5.196176 -0.298332
v -0.407743 -5.076102 -0.298332
v -0.298541 -4.966087 -0.298332
v -0.178894 -4.866232 -0.298332
v -0.048696 -4.776642 -0.298332
v 0.092161 -4.697420 -0.298332
v 0.243780 -4.628668 -0.298332
v 0.406268 -4.570490 -0.298332
v 0.579730 -4.522989 -0.298333
v 0.450255 -4.513504 -0.298332
v 0.329654 -4.495752 -0.298332
v 0.218240 -4.469441 -0.298332
v 0.116328 -4.434276 -0.298332
v 0.024233 -4.389966 -0.298332
v -0.057732 -4.336218 -0.298332
v -0.129250 -4.272738 -0.298332
v -0.190008 -4.199232 -0.298332
v -0.239692 -4.115408 -0.298332
v -0.277986 -4.020974 -0.298332
v -0.304576 -3.915636 -0.298332
v -0.319149 -3.799101 -0.298332
v -0.323917 -3.714497 -0.298332
v -0.326119 -3.633294 -0.298332
v -0.325515 -3.555433 -0.298332
v -0.321864 -3.480854 -0.298332
v -0.314928 -3.409500 -0.298332
v -0.304469 -3.341310 -0.298332
v -0.290246 -3.276227 -0.298332
v -0.272020 -3.214191 -0.298332
v -0.249555 -3.155143 -0.298332
v -0.222607 -3.099024 -0.298332
v -0.190940 -3.045776 -0.298332
v -0.154314 -2.995339 -0.298332
v -0.134974 -2.975558 -0.298332
v -0.114101 -2.962204 -0.298332
v -0.092052 -2.954953 -0.298332
v -0.069183 -2.953483 -0.298332
v -0.045849 -2.957474 -0.298332
v -0.022404 -2.966603 -0.298332
v 0.000796 -2.980549 -0.298332
v 0.023395 -2.998990 -0.298332
v 0.045037 -3.021604 -0.298332
v 0.065367 -3.048069 -0.298332
v 0.084030 -3.078064 -0.298332
v 0.100671 -3.111269 -0.298332
v 0.113061 -3.137524 -0.298332
v 0.147318 -3.210115 -0.298332
v 0.199067 -3.319773 -0.298332
v 0.263936 -3.457232 -0.298332
v 0.337551 -3.613225 -0.298332
v 0.415539 -3.778485 -0.298332
v 0.493527 -3.943744 -0.298333
v 0.567142 -4.099738 -0.298333
v 0.632011 -4.237196 -0.298333
v 0.683761 -4.346855 -0.298333
v 0.718017 -4.419446 -0.298333
v 0.730407 -4.445703 -0.298333
v 0.713449 -4.497297 -0.298333
v 0.692172 -4.548328 -0.298333
v 0.666667 -4.598807 -0.298333
v 0.637021 -4.648745 -0.298333
v 0.603326 -4.698151 -0.298333
v 0.565669 -4.747036 -0.298333
v 0.524140 -4.795412 -0.298333
v 0.478828 -4.843288 -0.298333
v 0.429822 -4.890675 -0.298332
v 0.377212 -4.937583 -0.298332
v 0.321085 -4.984024 -0.298332
v 0.261530 -5.030007 -0.298332
v 0.340030 -4.987927 -0.298332
v 0.418297 -4.946781 -0.298332
v 0.496319 -4.906610 -0.298333
v 0.574088 -4.867458 -0.298333
v 0.651591 -4.829366 -0.298333
v 0.728818 -4.792377 -0.298333
v 0.805760 -4.756533 -0.298333
v 0.882405 -4.721877 -0.298333
v 0.958741 -4.688450 -0.298333
v 1.034760 -4.656295 -0.298333
v 1.110450 -4.625453 -0.298333
v 1.185802 -4.595969 -0.298333
v 1.273724 -4.559993 -0.298333
v 1.353189 -4.523029 -0.298333
v 1.424595 -4.485501 -0.298333
v 1.488341 -4.447834 -0.298333
v 1.544824 -4.410452 -0.298333
v 1.594442 -4.373782 -0.298333
v 1.637593 -4.338248 -0.298333
v 1.674675 -4.304274 -0.298333
v 1.706085 -4.272288 -0.298333
v 1.732222 -4.242712 -0.298333
v 1.753484 -4.215971 -0.298333
v 1.770267 -4.192493 -0.298333
v 1.840855 -4.088251 -0.298333
v 1.905840 -3.991315 -0.298333
v 1.966005 -3.898660 -0.298333
v 2.022130 -3.807254 -0.298333
v 2.074995 -3.714071 -0.298333
v 2.125379 -3.616080 -0.298333
v 2.174065 -3.510254 -0.298333
v 2.221831 -3.393565 -0.298333
v 2.269460 -3.262981 -0.298333
v 2.317731 -3.115477 -0.298333
v 2.367424 -2.948024 -0.298333
v 2.419321 -2.757590 -0.298333
v 2.335117 -2.559629 -0.298333
v 2.263404 -2.355918 -0.298333
v 2.204499 -2.146310 -0.298333
v 2.158722 -1.930657 -0.298333
v 2.126393 -1.708813 -0.298333
v 2.107830 -1.480631 -0.298333
v 2.103352 -1.245964 -0.298333
v 2.113279 -1.004665 -0.298333
v 2.137929 -0.756588 -0.298333
v 2.177624 -0.501585 -0.298333
v 2.232680 -0.239511 -0.298333
v 2.303418 0.029783 -0.298333
v 2.239545 -0.111459 -0.298333
v 2.173887 -0.248633 -0.298333
v 2.106331 -0.381486 -0.298333
v 2.036763 -0.509762 -0.298333
v 1.965071 -0.633208 -0.298333
v 1.891140 -0.751570 -0.298333
v 1.814859 -0.864593 -0.298333
v 1.736114 -0.972022 -0.298333
v 1.654791 -1.073604 -0.298333
v 1.570778 -1.169084 -0.298333
v 1.483963 -1.258207 -0.298333
v 1.394231 -1.340721 -0.298333
v 1.361243 -1.366918 -0.298333
v 1.331049 -1.385899 -0.298333
v 1.303627 -1.397719 -0.298333
v 1.278953 -1.402435 -0.298333
v 1.257007 -1.400105 -0.298333
v 1.237765 -1.390787 -0.298333
v 1.221207 -1.374536 -0.298333
v 1.207308 -1.351410 -0.298333
v 1.196049 -1.321466 -0.298333
v 1.187406 -1.284761 -0.298333
v 1.181356 -1.241354 -0.298333
v 1.177879 -1.191298 -0.298333
v 1.114246 -1.240909 -0.298333
v 1.053062 -1.294707 -0.298333
v 0.994279 -1.352606 -0.298333
v 0.937845 -1.414520 -0.298333
v 0.883710 -1.480363 -0.298333
v 0.831823 -1.550047 -0.298333
v 0.782134 -1.623487 -0.298333
v 0.734592 -1.700596 -0.298333
v 0.689147 -1.781288 -0.298333
v 0.645749 -1.865477 -0.298333
v 0.604345 -1.953076 -0.298333
v 0.564887 -2.044000 -0.298333
v 0.702668 -1.969602 -0.298333
v 0.830852 -1.911292 -0.298333
v 0.949380 -1.869168 -0.298333
v 1.058195 -1.843328 -0.298333
v 1.157236 -1.833871 -0.298333
v 1.246445 -1.840894 -0.298333
v 1.325764 -1.864496 -0.298333
v 1.395133 -1.904775 -0.298333
v 1.454495 -1.961830 -0.298333
v 1.503790 -2.035758 -0.298333
v 1.542960 -2.126656 -0.298333
v 1.571947 -2.234625 -0.298333
v 1.592155 -2.382298 -0.298333
v 1.594700 -2.531957 -0.298333
v 1.581988 -2.680513 -0.298333
v 1.556424 -2.824879 -0.298333
v 1.520413 -2.961965 -0.298333
v 1.476362 -3.088683 -0.298333
v 1.426674 -3.201943 -0.298333
v 1.373755 -3.298659 -0.298333
v 1.320011 -3.375740 -0.298333
v 1.267847 -3.430098 -0.298333
v 1.219668 -3.458645 -0.298333
v 1.177879 -3.458294 -0.298333
v 1.122468 -3.429366 -0.298333
v 1.071059 -3.391428 -0.298333
v 1.023271 -3.345435 -0.298333
v 0.978726 -3.292342 -0.298333
v 0.937046 -3.233106 -0.298333
v 0.897851 -3.168682 -0.298333
v 0.860764 -3.100023 -0.298333
v 0.825404 -3.028087 -0.298333
v 0.791395 -2.953828 -0.298333
v 0.758355 -2.878202 -0.298333
v 0.725908 -2.802165 -0.298333
v 0.693674 -2.726670 -0.298333
v 0.607894 -2.531810 -0.298333
v 0.530029 -2.364740 -0.298333
v 0.458790 -2.223537 -0.298332
v 0.392885 -2.106276 -0.298332
v 0.331026 -2.011034 -0.298332
v 0.271923 -1.935887 -0.298332
v 0.214286 -1.878911 -0.298332
v 0.156826 -1.838184 -0.298332
v 0.098254 -1.811779 -0.298332
v 0.037279 -1.797776 -0.298332
v -0.027387 -1.794248 -0.298332
v -0.097034 -1.799272 -0.298332
v -0.175444 -1.818834 -0.298332
v -0.252984 -1.858084 -0.298332
v -0.329212 -1.916031 -0.298332
v -0.403684 -1.991687 -0.298332
v -0.475954 -2.084061 -0.298332
v -0.545580 -2.192165 -0.298332
v -0.612118 -2.315007 -0.298332
v -0.675123 -2.451599 -0.298332
v -0.734152 -2.600951 -0.298332
v -0.788760 -2.762074 -0.298332
v -0.838505 -2.933978 -0.298332
v -0.882939 -3.115673 0.298335
v -0.894521 -3.106329 0.298335
v -0.926541 -3.080496 0.298335
v -0.974912 -3.041472 0.298335
v -1.035546 -2.992554 0.298335
v -1.104356 -2.937041 0.298335
v -1.177253 -2.878230 0.298335
v -1.250151 -2.819419 0.298335
v -1.318960 -2.763906 0.298335
v -1.379595 -2.714989 0.298335
v -1.427965 -2.675965 0.298335
v -1.459985 -2.650132 0.298335
v -1.471567 -2.640789 0.298335
v -1.363007 -2.825401 0.298335
v -1.267619 -3.011804 0.298335
v -1.184324 -3.203638 0.298335
v -1.112045 -3.404541 0.298335
v -1.049701 -3.618152 0.298335
v -0.996211 -3.848113 0.298335
v -0.950497 -4.098059 0.298335
v -0.911478 -4.371634 0.298335
v -0.878078 -4.672474 0.298335
v -0.849214 -5.004220 0.298335
v -0.823808 -5.370512 0.298335
v -0.800780 -5.774989 0.298335
v -0.742216 -5.615714 0.298335
v -0.673737 -5.466085 0.298335
v -0.595235 -5.326204 0.298335
v -0.506606 -5.196176 0.298335
v -0.407743 -5.076102 0.298335
v -0.298541 -4.966087 0.298335
v -0.178894 -4.866232 0.298335
v -0.048696 -4.776642 0.298335
v 0.092161 -4.697420 0.298335
v 0.243780 -4.628668 0.298335
v 0.406268 -4.570490 0.298335
v 0.579730 -4.522989 0.298335
v 0.450255 -4.513504 0.298335
v 0.329654 -4.495752 0.298335
v 0.218240 -4.469441 0.298335
v 0.116328 -4.434276 0.298335
v 0.024233 -4.389966 0.298335
v -0.057732 -4.336218 0.298335
v -0.129250 -4.272738 0.298335
v -0.190008 -4.199232 0.298335
v -0.239692 -4.115408 0.298335
v -0.277986 -4.020974 0.298335
v -0.304576 -3.915636 0.298335
v -0.319149 -3.799101 0.298335
v -0.323917 -3.714497 0.298335
v -0.326119 -3.633294 0.298335
v -0.325515 -3.555433 0.298335
v -0.321864 -3.480854 0.298335
v -0.314928 -3.409500 0.298335
v -0.304469 -3.341310 0.298335
v -0.290246 -3.276227 0.298335
v -0.272020 -3.214191 0.298335
v -0.249555 -3.155143 0.298335
v -0.222607 -3.099024 0.298335
v -0.190940 -3.045776 0.298335
v -0.154314 -2.995339 0.298335
v -0.134974 -2.975558 0.298335
v -0.114101 -2.962204 0.298335
v -0.092052 -2.954953 0.298335
v -0.069183 -2.953483 0.298335
v -0.045849 -2.957474 0.298335
v -0.022404 -2.966603 0.298335
v 0.000796 -2.980549 0.298335
v 0.023395 -2.998990 0.298335
v 0.045037 -3.021604 0.298335
v 0.065367 -3.048069 0.298335
v 0.084030 -3.078064 0.298335
v 0.100671 -3.111269 0.298335
v 0.113061 -3.137524 0.298335
v 0.147318 -3.210115 0.298335
v 0.199067 -3.319773 0.298335
v 0.263936 -3.457232 0.298335
v 0.337551 -3.613225 0.298335
v 0.415539 -3.778485 0.298335
v 0.493527 -3.943744 0.298335
v 0.567142 -4.099738 0.298335
v 0.632011 -4.237196 0.298335
v 0.683761 -4.346855 0.298335
v 0.718017 -4.419446 0.298335
v 0.730407 -4.445703 0.298335
v 0.713449 -4.497297 0.298335
v 0.692172 -4.548328 0.298335
v 0.666667 -4.598807 0.298335
v 0.637021 -4.648745 0.298335
v 0.603326 -4.698151 0.298335
v 0.565669 -4.747036 0.298335
v 0.524140 -4.795412 0.298335
v 0.478828 -4.843288 0.298335
v 0.429822 -4.890675 0.298335
v 0.377212 -4.937583 0.298335
v 0.321085 -4.984024 0.298335
v 0.261530 -5.030007 0.298335
v 0.340030 -4.987927 0.298335
v 0.418297 -4.946781 0.298335
v 0.496319 -4.906610 0.298335
v 0.574088 -4.867458 0.298335
v 0.651591 -4.829366 0.298335
v 0.728818 -4.792377 0.298335
v 0.805760 -4.756533 0.298335
v 0.882405 -4.721877 0.298335
v 0.958741 -4.688450 0.298335
v 1.034760 -4.656295 0.298335
v 1.110450 -4.625453 0.298335
v 1.185802 -4.595969 0.298335
v 1.273724 -4.559993 0.298335
v 1.353189 -4.523029 0.298335
v 1.424595 -4.485501 0.298335
v 1.488341 -4.447834 0.298335
v 1.544824 -4.410452 0.298335
v 1.594442 -4.373782 0.298335
v 1.637593 -4.338248 0.298335
v 1.674675 -4.304274 0.298335
v 1.706085 -4.272288 0.298335
v 1.732222 -4.242712 0.298335
v 1.753484 -4.215971 0.298335
v 1.770267 -4.192493 0.298335
v 1.840855 -4.088251 0.298335
v 1.905840 -3.991315 0.298335
v 1.966005 -3.898660 0.298335
v 2.022130 -3.807254 0.298335
v 2.074995 -3.714071 0.298335
v 2.125379 -3.616080 0.298335
v 2.174065 -3.510254 0.298335
v 2.221831 -3.393565 0.298335
v 2.269460 -3.262981 0.298335
v 2.317731 -3.115477 0.298335
v 2.367424 -2.948024 0.298335
v 2.419321 -2.757590 0.298335
v 2.335117 -2.559629 0.298335
v 2.263404 -2.355918 0.298335
v 2.204499 -2.146310 0.298335
v 2.158722 -1.930657 0.298335
v 2.126393 -1.708813 0.298335
v 2.107830 -1.480631 0.298335
v 2.103352 -1.245964 0.298335
v 2.113279 -1.004665 0.298335
v 2.137929 -0.756588 0.298335
v 2.177624 -0.501585 0.298335
v 2.232680 -0.239511 0.298335
v 2.303418 0.029783 0.298335
v 2.239545 -0.111459 0.298335
v 2.173887 -0.248633 0.298335
v 2.106331 -0.381486 0.298335
v 2.036763 -0.509762 0.298335
v 1.965071 -0.633208 0.298335
v 1.891140 -0.751570 0.298335
v 1.814859 -0.864593 0.298335
v 1.736114 -0.972022 0.298335
v 1.654791 -1.073604 0.298335
v 1.570778 -1.169084 0.298335
v 1.483963 -1.258207 0.298335
v 1.394231 -1.340721 0.298335
v 1.361243 -1.366918 0.298335
v 1.331049 -1.385899 0.298335
v 1.303627 -1.397719 0.298335
v 1.278953 -1.402435 0.298335
v 1.257007 -1.400105 0.298335
v 1.237765 -1.390787 0.298335
v 1.221207 -1.374536 0.298335
v 1.207308 -1.351410 0.298335
v 1.196049 -1.321466 0.298335
v 1.187406 -1.284761 0.298335
v 1.181356 -1.241354 0.298335
v 1.177879 -1.191298 0.298335
v 1.114246 -1.240909 0.298335
v 1.053062 -1.294707 0.298335
v 0.994279 -1.352606 0.298335
v 0.937845 -1.414520 0.298335
v 0.883710 -1.480363 0.298335
v 0.831823 -1.550047 0.298335
v 0.782134 -1.623487 0.298335
v 0.734592 -1.700596 0.298335
v 0.689147 -1.781288 0.298335
v 0.645749 -1.865477 0.298335
v 0.604345 -1.953076 0.298335
v 0.564887 -2.044000 0.298335
v 0.702668 -1.969602 0.298335
v 0.830852 -1.911292 0.298335
v 0.949380 -1.869168 0.298335
v 1.058195 -1.843328 0.298335
v 1.157236 -1.833871 0.298335
v 1.246445 -1.840894 0.298335
v 1.325764 -1.864496 0.298335
v 1.395133 -1.904775 0.298335
v 1.454495 -1.961830 0.298335
v 1.503790 -2.035758 0.298335
v 1.542960 -2.126656 0.298335
v 1.571947 -2.234625 0.298335
v 1.592155 -2.382298 0.298335
v 1.594700 -2.531957 0.298335
v 1.581988 -2.680513 0.298335
v 1.556424 -2.824879 0.298335
v 1.520413 -2.961965 0.298335
v 1.476362 -3.088683 0.298335
v 1.426674 -3.201943 0.298335
v 1.373755 -3.298659 0.298335
v 1.320011 -3.375740 0.298335
v 1.267847 -3.430098 0.298335
v 1.219668 -3.458645 0.298335
v 1.177879 -3.458294 0.298335
v 1.122468 -3.429366 0.298335
v 1.071059 -3.391428 0.298335
v 1.023271 -3.345435 0.298335
v 0.978726 -3.292342 0.298335
v 0.937046 -3.233106 0.298335
v 0.897851 -3.168682 0.298335
v 0.860764 -3.100023 0.298335
v 0.825404 -3.028087 0.298335
v 0.791395 -2.953828 0.298335
v 0.758355 -2.878202 0.298335
v 0.725908 -2.802165 0.298335
v 0.693674 -2.726670 0.298335
v 0.607894 -2.531810 0.298335
v 0.530029 -2.364740 0.298335
v 0.458790 -2.223537 0.298335
v 0.392885 -2.106276 0.298335
v 0.331026 -2.011034 0.298335
v 0.271923 -1.935887 0.298335
v 0.214286 -1.878911 0.298335
v 0.156826 -1.838184 0.298335
v 0.098254 -1.811779 0.298335
v 0.037279 -1.797776 0.298335
v -0.027387 -1.794248 0.298335
v -0.097034 -1.799272 0.298335
v -0.175444 -1.818834 0.298335
v -0.252984 -1.858084 0.298335
v -0.329212 -1.916031 0.298335
v -0.403684 -1.991687 0.298335
v -0.475954 -2.084061 0.298335
v -0.545580 -2.192165 0.298335
v -0.612118 -2.315007 0.298335
v -0.675123 -2.451599 0.298335
v -0.734152 -2.600951 0.298335
v -0.788760 -2.762074 0.298335
v -0.838505 -2.933978 0.298335
v -0.882939 -3.115673 0.298335
v -0.882939 -3.115673 -0.298332
v -0.894521 -3.106329 0.298335
v -0.894521 -3.106329 -0.298332
v -0.926541 -3.080496 0.298335
v -0.926541 -3.080496 -0.298332
v -0.974912 -3.041472 0.298335
v -0.974912 -3.041472 -0.298332
v -1.035546 -2.992554 0.298335
v -1.035546 -2.992554 -0.298332
v -1.104356 -2.937041 0.298335
v -1.104356 -2.937041 -0.298332
v -1.177253 -2.878230 0.298335
v -1.177253 -2.878230 -0.298332
v -1.250151 -2.819419 0.298335
v -1.250151 -2.819419 -0.298332
v -1.318960 -2.763906 0.298335
v -1.318960 -2.763906 -0.298332
v -1.379595 -2.714989 0.298335
v -1.379595 -2.714989 -0.298332
v -1.427965 -2.675965 0.298335
v -1.427965 -2.675965 -0.298332
v -1.459985 -2.650132 0.298335
v -1.459985 -2.650132 -0.298332
v -1.471567 -2.640789 0.298335
v -1.471567 -2.640789 -0.298332
v -1.363007 -2.825401 0.298335
v -1.363007 -2.825401 -0.298332
v -1.267619 -3.011804 0.298335
v -1.267619 -3.011804 -0.298332
v -1.184324 -3.203638 0.298335
v -1.184324 -3.203638 -0.298332
v -1.112045 -3.404541 0.298335
v -1.112045 -3.404541 -0.298332
v -1.049701 -3.618152 0.298335
v -1.049701 -3.618152 -0.298332
v -0.996211 -3.848113 0.298335
v -0.996211 -3.848113 -0.298332
v -0.950497 -4.098059 0.298335
v -0.950497 -4.098059 -0.298332
v -0.911478 -4.371634 0.298335
v -0.911478 -4.371634 -0.298332
v -0.878078 -4.672474 0.298335
v -0.878078 -4.672474 -0.298332
v -0.849214 -5.004220 0.298335
v -0.849214 -5.004220 -0.298332
v -0.823808 -5.370512 0.298335
v -0.823808 -5.370512 -0.298332
v -0.800780 -5.774989 0.298335
v -0.800780 -5.774989 -0.298332
v -0.742216 -5.615714 0.298335
v -0.742216 -5.615714 -0.298332
v -0.673737 -5.466085 0.298335
v -0.673737 -5.466085 -0.298332
v -0.595235 -5.326204 0.298335
v -0.595235 -5.326204 -0.298332
v -0.506606 -5.196176 0.298335
v -0.506606 -5.196176 -0.298332
v -0.407743 -5.076102 0.298335
v -0.407743 -5.076102 -0.298332
v -0.298541 -4.966087 0.298335
v -0.298541 -4.966087 -0.298332
v -0.178894 -4.866232 0.298335
v -0.178894 -4.866232 -0.298332
v -0.048696 -4.776642 0.298335
v -0.048696 -4.776642 -0.298332
v 0.092161 -4.697420 0.298335
v 0.092161 -4.697420 -0.298332
v 0.243780 -4.628668 0.298335
v 0.243780 -4.628668 -0.298332
v 0.406268 -4.570490 0.298335
v 0.406268 -4.570490 -0.298332
v 0.579730 -4.522989 0.298335
v 0.579730 -4.522989 -0.298333
v 0.450255 -4.513504 0.298335
v 0.450255 -4.513504 -0.298332
v 0.329654 -4.495752 0.298335
v 0.329654 -4.495752 -0.298332
v 0.218240 -4.469441 0.298335
v 0.218240 -4.469441 -0.298332
v 0.116328 -4.434276 0.298335
v 0.116328 -4.434276 -0.298332
v 0.024233 -4.389966 0.298335
v 0.024233 -4.389966 -0.298332
v -0.057732 -4.336218 0.298335
v -0.057732 -4.336218 -0.298332
v -0.129250 -4.272738 0.298335
v -0.129250 -4.272738 -0.298332
v -0.190008 -4.199232 0.298335
v -0.190008 -4.199232 -0.298332
v -0.239692 -4.115408 0.298335
v -0.239692 -4.115408 -0.298332
v -0.277986 -4.020974 0.298335
v -0.277986 -4.020974 -0.298332
v -0.304576 -3.915636 0.298335
v -0.304576 -3.915636 -0.298332
v -0.319149 -3.799101 0.298335
v -0.319149 -3.799101 -0.298332
v -0.323917 -3.714497 0.298335
v -0.323917 -3.714497 -0.298332
v -0.326119 -3.633294 0.298335
v -0.326119 -3.633294 -0.298332
v -0.325515 -3.555433 0.298335
v -0.325515 -3.555433 -0.298332
v -0.321864 -3.480854 0.298335
v -0.321864 -3.480854 -0.298332
v -0.314928 -3.409500 0.298335
v -0.314928 -3.409500 -0.298332
v -0.304469 -3.341310 0.298335
v -0.304469 -3.341310 -0.298332
v -0.290246 -3.276227 0.298335
v -0.290246 -3.276227 -0.298332
v -0.272020 -3.214191 0.298335
v -0.272020 -3.214191 -0.298332
v -0.249555 -3.155143 0.298335
v -0.249555 -3.155143 -0.298332
v -0.222607 -3.099024 0.298335
v -0.222607 -3.099024 -0.298332
v -0.190940 -3.045776 0.298335
v -0.190940 -3.045776 -0.298332
v -0.154314 -2.995339 0.298335
v -0.154314 -2.995339 -0.298332
v -0.134974 -2.975558 0.298335
v -0.134974 -2.975558 -0.298332
v -0.114101 -2.962204 0.298335
v -0.114101 -2.962204 -0.298332
v -0.092052 -2.954953 0.298335
v -0.092052 -2.954953 -0.298332
v -0.069183 -2.953483 0.298335
v -0.069183 -2.953483 -0.298332
v -0.045849 -2.957474 0.298335
v -0.045849 -2.957474 -0.298332
v -0.022404 -2.966603 0.298335
v -0.022404 -2.966603 -0.298332
v 0.000796 -2.980549 0.298335
v 0.000796 -2.980549 -0.298332
v 0.023395 -2.998990 0.298335
v 0.023395 -2.998990 -0.298332
v 0.045037 -3.021604 0.298335
v 0.045037 -3.021604 -0.298332
v 0.065367 -3.048069 0.298335
v 0.065367 -3.048069 -0.298332
v 0.084030 -3.078064 0.298335
v 0.084030 -3.078064 -0.298332
v 0.100671 -3.111269 0.298335
v 0.100671 -3.111269 -0.298332
v 0.113061 -3.137524 0.298335
v 0.113061 -3.137524 -0.298332
v 0.147318 -3.210115 0.298335
v 0.147318 -3.210115 -0.298332
v 0.199067 -3.319773 0.298335
v 0.199067 -3.319773 -0.298332
v 0.263936 -3.457232 0.298335
v 0.263936 -3.457232 -0.298332
v 0.337551 -3.613225 0.298335
v 0.337551 -3.613225 -0.298332
v 0.415539 -3.778485 0.298335
v 0.415539 -3.778485 -0.298332
v 0.493527 -3.943744 0.298335
v 0.493527 -3.943744 -0.298333
v 0.567142 -4.099738 0.298335
v 0.567142 -4.099738 -0.298333
v 0.632011 -4.237196 0.298335
v 0.632011 -4.237196 -0.298333
v 0.683761 -4.346855 0.298335
v 0.683761 -4.346855 -0.298333
v 0.718017 -4.419446 0.298335
v 0.718017 -4.419446 -0.298333
v 0.730407 -4.445703 0.298335
v 0.730407 -4.445703 -0.298333
v 0.713449 -4.497297 0.298335
v 0.713449 -4.497297 -0.298333
v 0.692172 -4.548328 0.298335
v 0.692172 -4.548328 -0.298333
v 0.666667 -4.598807 0.298335
v 0.666667 -4.598807 -0.298333
v 0.637021 -4.648745 0.298335
v 0.637021 -4.648745 -0.298333
v 0.603326 -4.698151 0.298335
v 0.603326 -4.698151 -0.298333
v 0.565669 -4.747036 0.298335
v 0.565669 -4.747036 -0.298333
v 0.524140 -4.795412 0.298335
v 0.524140 -4.795412 -0.298333
v 0.478828 -4.843288 0.298335
v 0.478828 -4.843288 -0.298333
v 0.429822 -4.890675 0.298335
v 0.429822 -4.890675 -0.298332
v 0.377212 -4.937583 0.298335
v 0.377212 -4.937583 -0.298332
v 0.321085 -4.984024 0.298335
v 0.321085 -4.984024 -0.298332
v 0.261530 -5.030007 0.298335
v 0.261530 -5.030007 -0.298332
v 0.340030 -4.987927 0.298335
v 0.340030 -4.987927 -0.298332
v 0.418297 -4.946781 0.298335
v 0.418297 -4.946781 -0.298332
v 0.496319 -4.906610 0.298335
v 0.496319 -4.906610 -0.298333
v 0.574088 -4.867458 0.298335
v 0.574088 -4.867458 -0.298333
v 0.651591 -4.829366 0.298335
v 0.651591 -4.829366 -0.298333
v 0.728818 -4.792377 0.298335
v 0.728818 -4.792377 -0.298333
v 0.805760 -4.756533 0.298335
v 0.805760 -4.756533 -0.298333
v 0.882405 -4.721877 0.298335
v 0.882405 -4.721877 -0.298333
v 0.958741 -4.688450 0.298335
v 0.958741 -4.688450 -0.298333
v 1.034760 -4.656295 0.298335
v 1.034760 -4.656295 -0.298333
v 1.110450 -4.625453 0.298335
v 1.110450 -4.625453 -0.298333
v 1.185802 -4.595969 0.298335
v 1.185802 -4.595969 -0.298333
v 1.273724 -4.559993 0.298335
v 1.273724 -4.559993 -0.298333
v 1.353189 -4.523029 0.298335
v 1.353189 -4.523029 -0.298333
v 1.424595 -4.485501 0.298335
v 1.424595 -4.485501 -0.298333
v 1.488341 -4.447834 0.298335
v 1.488341 -4.447834 -0.298333
v 1.544824 -4.410452 0.298335
v 1.544824 -4.410452 -0.298333
v 1.594442 -4.373782 0.298335
v 1.594442 -4.373782 -0.298333
v 1.637593 -4.338248 0.298335
v 1.637593 -4.338248 -0.298333
v 1.674675 -4.304274 0.298335
v 1.674675 -4.304274 -0.298333
v 1.706085 -4.272288 0.298335
v 1.706085 -4.272288 -0.298333
v 1.732222 -4.242712 0.298335
v 1.732222 -4.242712 -0.298333
v 1.753484 -4.215971 0.298335
v 1.753484 -4.215971 -0.298333
v 1.770267 -4.192493 0.298335
v 1.770267 -4.192493 -0.298333
v 1.840855 -4.088251 0.298335
v 1.840855 -4.088251 -0.298333
v 1.905840 -3.991315 0.298335
v 1.905840 -3.991315 -0.298333
v 1.966005 -3.898660 0.298335
v 1.966005 -3.898660 -0.298333
v 2.022130 -3.807254 0.298335
v 2.022130 -3.807254 -0.298333
v 2.074995 -3.714071 0.298335
v 2.074995 -3.714071 -0.298333
v 2.125379 -3.616080 0.298335
v 2.125379 -3.616080 -0.298333
v 2.174065 -3.510254 0.298335
v 2.174065 -3.510254 -0.298333
v 2.221831 -3.393565 0.298335
v 2.221831 -3.393565 -0.298333
v 2.269460 -3.262981 0.298335
v 2.269460 -3.262981 -0.298333
v 2.317731 -3.115477 0.298335
v 2.317731 -3.115477 -0.298333
v 2.367424 -2.948024 0.298335
v 2.367424 -2.948024 -0.298333
v 2.419321 -2.757590 0.298335
v 2.419321 -2.757590 -0.298333
v 2.335117 -2.559629 0.298335
v 2.335117 -2.559629 -0.298333
v 2.263404 -2.355918 0.298335
v 2.263404 -2.355918 -0.298333
v 2.204499 -2.146310 0.298335
v 2.204499 -2.146310 -0.298333
v 2.158722 -1.930657 0.298335
v 2.158722 -1.930657 -0.298333
v 2.126393 -1.708813 0.298335
v 2.126393 -1.708813 -0.298333
v 2.107830 -1.480631 0.298335
v 2.107830 -1.480631 -0.298333
v 2.103352 -1.245964 0.298335
v 2.103352 -1.245964 -0.298333
v 2.113279 -1.004665 0.298335
v 2.113279 -1.004665 -0.298333
v 2.137929 -0.756588 0.298335
v 2.137929 -0.756588 -0.298333
v 2.177624 -0.501585 0.298335
v 2.177624 -0.501585 -0.298333
v 2.232680 -0.239511 0.298335
v 2.232680 -0.239511 -0.298333
v 2.303418 0.029783 0.298335
v 2.303418 0.029783 -0.298333
v 2.239545 -0.111459 0.298335
v 2.239545 -0.111459 -0.298333
v 2.173887 -0.248633 0.298335
v 2.173887 -0.248633 -0.298333
v 2.106331 -0.381486 0.298335
v 2.106331 -0.381486 -0.298333
v 2.036763 -0.509762 0.298335
v 2.036763 -0.509762 -0.298333
v 1.965071 -0.633208 0.298335
v 1.965071 -0.633208 -0.298333
v 1.891140 -0.751570 0.298335
v 1.891140 -0.751570 -0.298333
v 1.814859 -0.864593 0.298335
v 1.814859 -0.864593 -0.298333
v 1.736114 -0.972022 0.298335
v 1.736114 -0.972022 -0.298333
v 1.654791 -1.073604 0.298335
v 1.654791 -1.073604 -0.298333
v 1.570778 -1.169084 0.298335
v 1.570778 -1.169084 -0.298333
v 1.483963 -1.258207 0.298335
v 1.483963 -1.258207 -0.298333
v 1.394231 -1.340721 0.298335
v 1.394231 -1.340721 -0.298333
v 1.361243 -1.366918 0.298335
v 1.361243 -1.366918 -0.298333
v 1.331049 -1.385899 0.298335
v 1.331049 -1.385899 -0.298333
v 1.303627 -1.397719 0.298335
v 1.303627 -1.397719 -0.298333
v 1.278953 -1.402435 0.298335
v 1.278953 -1.402435 -0.298333
v 1.257007 -1.400105 0.298335
v 1.257007 -1.400105 -0.298333
v 1.237765 -1.390787 0.298335
v 1.237765 -1.390787 -0.298333
v 1.221207 -1.374536 0.298335
v 1.221207 -1.374536 -0.298333
v 1.207308 -1.351410 0.298335
v 1.207308 -1.351410 -0.298333
v 1.196049 -1.321466 0.298335
v 1.196049 -1.321466 -0.298333
v 1.187406 -1.284761 0.298335
v 1.187406 -1.284761 -0.298333
v 1.181356 -1.241354 0.298335
v 1.181356 -1.241354 -0.298333
v 1.177879 -1.191298 0.298335
v 1.177879 -1.191298 -0.298333
v 1.114246 -1.240909 0.298335
v 1.114246 -1.240909 -0.298333
v 1.053062 -1.294707 0.298335
v 1.053062 -1.294707 -0.298333
v 0.994279 -1.352606 0.298335
v 0.994279 -1.352606 -0.298333
v 0.937845 -1.414520 0.298335
v 0.937845 -1.414520 -0.298333
v 0.883710 -1.480363 0.298335
v 0.883710 -1.480363 -0.298333
v 0.831823 -1.550047 0.298335
v 0.831823 -1.550047 -0.298333
v 0.782134 -1.623487 0.298335
v 0.782134 -1.623487 -0.298333
v 0.734592 -1.700596 0.298335
v 0.734592 -1.700596 -0.298333
v 0.689147 -1.781288 0.298335
v 0.689147 -1.781288 -0.298333
v 0.645749 -1.865477 0.298335
v 0.645749 -1.865477 -0.298333
v 0.604345 -1.953076 0.298335
v 0.604345 -1.953076 -0.298333
v 0.564887 -2.044000 0.298335
v 0.564887 -2.044000 -0.298333
v 0.702668 -1.969602 0.298335
v 0.702668 -1.969602 -0.298333
v 0.830852 -1.911292 0.298335
v 0.830852 -1.911292 -0.298333
v 0.949380 -1.869168 0.298335
v 0.949380 -1.869168 -0.298333
v 1.058195 -1.843328 0.298335
v 1.058195 -1.843328 -0.298333
v 1.157236 -1.833871 0.298335
v 1.157236 -1.833871 -0.298333
v 1.246445 -1.840894 0.298335
v 1.246445 -1.840894 -0.298333
v 1.325764 -1.864496 0.298335
v 1.325764 -1.864496 -0.298333
v 1.395133 -1.904775 0.298335
v 1.395133 -1.904775 -0.298333
v 1.454495 -1.961830 0.298335
v 1.454495 -1.961830 -0.298333
v 1.503790 -2.035758 0.298335
v 1.503790 -2.035758 -0.298333
v 1.542960 -2.126656 0.298335
v 1.542960 -2.126656 -0.298333
v 1.571947 -2.234625 0.298335
v 1.571947 -2.234625 -0.298333
v 1.592155 -2.382298 0.298335
v 1.592155 -2.382298 -0.298333
v 1.594700 -2.531957 0.298335
v 1.594700 -2.531957 -0.298333
v 1.581988 -2.680513 0.298335
v 1.581988 -2.680513 -0.298333
v 1.556424 -2.824879 0.298335
v 1.556424 -2.824879 -0.298333
v 1.520413 -2.961965 0.298335
v 1.520413 -2.961965 -0.298333
v 1.476362 -3.088683 0.298335
v 1.476362 -3.088683 -0.298333
v 1.426674 -3.201943 0.298335
v 1.426674 -3.201943 -0.298333
v 1.373755 -3.298659 0.298335
v 1.373755 -3.298659 -0.298333
v 1.320011 -3.375740 0.298335
v 1.320011 -3.375740 -0.298333
v 1.267847 -3.430098 0.298335
v 1.267847 -3.430098 -0.298333
v 1.219668 -3.458645 0.298335
v 1.219668 -3.458645 -0.298333
v 1.177879 -3.458294 0.298335
v 1.177879 -3.458294 -0.298333
v 1.122468 -3.429366 0.298335
v 1.122468 -3.429366 -0.298333
v 1.071059 -3.391428 0.298335
v 1.071059 -3.391428 -0.298333
v 1.023271 -3.345435 0.298335
v 1.023271 -3.345435 -0.298333
v 0.978726 -3.292342 0.298335
v 0.978726 -3.292342 -0.298333
v 0.937046 -3.233106 0.298335
v 0.937046 -3.233106 -0.298333
v 0.897851 -3.168682 0.298335
v 0.897851 -3.168682 -0.298333
v 0.860764 -3.100023 0.298335
v 0.860764 -3.100023 -0.298333
v 0.825404 -3.028087 0.298335
v 0.825404 -3.028087 -0.298333
v 0.791395 -2.953828 0.298335
v 0.791395 -2.953828 -0.298333
v 0.758355 -2.878202 0.298335
v 0.758355 -2.878202 -0.298333
v 0.725908 -2.802165 0.298335
v 0.725908 -2.802165 -0.298333
v 0.693674 -2.726670 0.298335
v 0.693674 -2.726670 -0.298333
v 0.607894 -2.531810 0.298335
v 0.607894 -2.531810 -0.298333
v 0.530029 -2.364740 0.298335
v 0.530029 -2.364740 -0.298333
v 0.458790 -2.223537 0.298335
v 0.458790 -2.223537 -0.298332
v 0.392885 -2.106276 0.298335
v 0.392885 -2.106276 -0.298332
v 0.331026 -2.011034 0.298335
v 0.331026 -2.011034 -0.298332
v 0.271923 -1.935887 0.298335
v 0.271923 -1.935887 -0.298332
v 0.214286 -1.878911 0.298335
v 0.214286 -1.878911 -0.298332
v 0.156826 -1.838184 0.298335
v 0.156826 -1.838184 -0.298332
v 0.098254 -1.811779 0.298335
v 0.098254 -1.811779 -0.298332
v 0.037279 -1.797776 0.298335
v 0.037279 -1.797776 -0.298332
v -0.027387 -1.794248 0.298335
v -0.027387 -1.794248 -0.298332
v -0.097034 -1.799272 0.298335
v -0.097034 -1.799272 -0.298332
v -0.175444 -1.818834 0.298335
v -0.175444 -1.818834 -0.298332
v -0.252984 -1.858084 0.298335
v -0.252984 -1.858084 -0.298332
v -0.329212 -1.916031 0.298335
v -0.329212 -1.916031 -0.298332
v -0.403684 -1.991687 0.298335
v -0.403684 -1.991687 -0.298332
v -0.475954 -2.084061 0.298335
v -0.475954 -2.084061 -0.298332
v -0.545580 -2.192165 0.298335
v -0.545580 -2.192165 -0.298332
v -0.612118 -2.315007 0.298335
v -0.612118 -2.315007 -0.298332
v -0.675123 -2.451599 0.298335
v -0.675123 -2.451599 -0.298332
v -0.734152 -2.600951 0.298335
v -0.734152 -2.600951 -0.298332
v -0.788760 -2.762074 0.298335
v -0.788760 -2.762074 -0.298332
v -0.838505 -2.933978 0.298335
v -0.838505 -2.933978 -0.298332
vn -0.0000 -0.0000 -1.0000
vn -0.0000 -0.0000 1.0000
vn -0.3203 0.9473 -0.0000
vn 0.6279 0.7783 -0.0000
vn -0.6532 0.7572 -0.0000
vn -0.8765 -0.4814 -0.0000
vn -0.9042 -0.4271 -0.0000
vn -0.9296 -0.3686 -0.0000
vn -0.9509 -0.3095 -0.0000
vn -0.9673 -0.2535 -0.0000
vn -0.9791 -0.2033 -0.0000
vn -0.9870 -0.1606 -0.0000
vn -0.9921 -0.1258 -0.0000
vn -0.9951 -0.0985 -0.0000
vn -0.9970 -0.0779 -0.0000
vn -0.9980 -0.0630 -0.0000
vn -0.1472 -0.9891 -0.0000
vn 0.9246 -0.3809 -0.0000
vn 0.8914 -0.4532 -0.0000
vn 0.8500 -0.5268 -0.0000
vn 0.8000 -0.6000 -0.0000
vn 0.7417 -0.6708 -0.0000
vn 0.6760 -0.7369 -0.0000
vn 0.6045 -0.7966 -0.0000
vn 0.5291 -0.8486 -0.0000
vn 0.4520 -0.8920 -0.0000
vn 0.3753 -0.9269 -0.0000
vn 0.3008 -0.9537 -0.0000
vn 0.9953 0.0969 -0.0000
vn 0.1094 0.9940 -0.0000
vn 0.1879 0.9822 -0.0000
vn 0.2784 0.9605 -0.0000
vn 0.3805 0.9248 -0.0000
vn 0.4920 0.8706 -0.0000
vn 0.6077 0.7942 -0.0000
vn 0.7194 0.6946 -0.0000
vn 0.8180 0.5752 -0.0000
vn 0.8960 0.4441 -0.0000
vn 0.9504 0.3110 -0.0000
vn 0.9828 0.1848 -0.0000
vn 0.9959 0.0902 -0.0000
vn 0.9991 0.0417 -0.0000
vn 1.0000 0.0097 -0.0000
vn 0.9996 -0.0283 -0.0000
vn 0.9973 -0.0728 -0.0000
vn 0.9923 -0.1242 -0.0000
vn 0.9832 -0.1826 -0.0000
vn 0.9688 -0.2478 -0.0000
vn 0.9478 -0.3190 -0.0000
vn 0.9189 -0.3946 -0.0000
vn 0.8813 -0.4725 -0.0000
vn 0.8352 -0.5499 -0.0000
vn 0.7641 -0.6451 -0.0000
vn 0.6311 -0.7757 -0.0000
vn 0.4291 -0.9033 -0.0000
vn 0.1898 -0.9818 -0.0000
vn -0.0526 -0.9986 -0.0000
vn -0.2671 -0.9637 -0.0000
vn -0.4406 -0.8977 -0.0000
vn -0.5752 -0.8180 -0.0000
vn -0.6786 -0.7345 -0.0000
vn -0.7588 -0.6513 -0.0000
vn -0.8220 -0.5694 -0.0000
vn -0.8725 -0.4887 -0.0000
vn -0.8992 -0.4374 -0.0000
vn -0.9044 -0.4268 -0.0000
vn -0.9981 -0.0616 -0.0000
vn -0.9372 0.3488 -0.0000
vn -0.9084 0.4182 -0.0000
vn -0.8767 0.4810 -0.0000
vn -0.8434 0.5372 -0.0000
vn -0.8095 0.5871 -0.0000
vn -0.7758 0.6310 -0.0000
vn -0.7427 0.6696 -0.0000
vn -0.7109 0.7033 -0.0000
vn -0.6805 0.7328 -0.0000
vn -0.6516 0.7586 -0.0000
vn -0.6244 0.7811 -0.0000
vn -0.8393 -0.5437 -0.0000
vn 0.4689 -0.8833 -0.0000
vn 0.4615 -0.8871 -0.0000
vn 0.4537 -0.8911 -0.0000
vn 0.4454 -0.8953 -0.0000
vn 0.4365 -0.8997 -0.0000
vn 0.4271 -0.9042 -0.0000
vn 0.4172 -0.9088 -0.0000
vn 0.4066 -0.9136 -0.0000
vn 0.3953 -0.9185 -0.0000
vn 0.3835 -0.9236 -0.0000
vn 0.3709 -0.9287 -0.0000
vn 0.3716 -0.9284 -0.0000
vn 0.4003 -0.9164 -0.0000
vn 0.4436 -0.8962 -0.0000
vn 0.4871 -0.8733 -0.0000
vn 0.5305 -0.8477 -0.0000
vn 0.5733 -0.8193 -0.0000
vn 0.6152 -0.7883 -0.0000
vn 0.6558 -0.7549 -0.0000
vn 0.6948 -0.7192 -0.0000
vn 0.7317 -0.6817 -0.0000
vn 0.7663 -0.6425 -0.0000
vn 0.7984 -0.6022 -0.0000
vn 0.8208 -0.5712 -0.0000
vn 0.8293 -0.5588 -0.0000
vn 0.8347 -0.5507 -0.0000
vn 0.8455 -0.5340 -0.0000
vn 0.8611 -0.5084 -0.0000
vn 0.8797 -0.4755 -0.0000
vn 0.8991 -0.4377 -0.0000
vn 0.9172 -0.3985 -0.0000
vn 0.9326 -0.3608 -0.0000
vn 0.9451 -0.3269 -0.0000
vn 0.9546 -0.2978 -0.0000
vn 0.9618 -0.2737 -0.0000
vn 0.9977 0.0680 -0.0000
vn 0.9322 0.3619 -0.0000
vn 0.9535 0.3015 -0.0000
vn 0.9710 0.2392 -0.0000
vn 0.9844 0.1760 -0.0000
vn 0.9936 0.1127 -0.0000
vn 0.9987 0.0501 -0.0000
vn 0.9999 -0.0110 -0.0000
vn 0.9975 -0.0700 -0.0000
vn 0.9920 -0.1264 -0.0000
vn 0.9837 -0.1798 -0.0000
vn 0.9732 -0.2299 -0.0000
vn 0.3342 0.9425 -0.0000
vn -0.9066 0.4219 -0.0000
vn -0.8968 0.4425 -0.0000
vn -0.8853 0.4650 -0.0000
vn -0.8720 0.4895 -0.0000
vn -0.8566 0.5161 -0.0000
vn -0.8386 0.5447 -0.0000
vn -0.8179 0.5754 -0.0000
vn -0.7938 0.6082 -0.0000
vn -0.7659 0.6429 -0.0000
vn -0.7338 0.6794 -0.0000
vn -0.6969 0.7172 -0.0000
vn -0.6498 0.7601 -0.0000
vn -0.5779 0.8161 -0.0000
vn -0.4654 0.8851 -0.0000
vn -0.2935 0.9559 -0.0000
vn -0.0416 0.9991 -0.0000
vn 0.2748 0.9615 -0.0000
vn 0.5758 0.8176 -0.0000
vn 0.7851 0.6194 -0.0000
vn 0.9003 0.4353 -0.0000
vn 0.9567 0.2912 -0.0000
vn 0.9830 0.1838 -0.0000
vn 0.9946 0.1037 -0.0000
vn 0.4074 0.9132 -0.0000
vn -0.6379 0.7701 -0.0000
vn -0.6813 0.7320 -0.0000
vn -0.7207 0.6933 -0.0000
vn -0.7560 0.6546 -0.0000
vn -0.7875 0.6163 -0.0000
vn -0.8154 0.5789 -0.0000
vn -0.8399 0.5427 -0.0000
vn -0.8614 0.5079 -0.0000
vn -0.8802 0.4745 -0.0000
vn -0.8966 0.4428 -0.0000
vn -0.9108 0.4128 -0.0000
vn -0.6762 -0.7367 -0.0000
vn 0.4449 -0.8956 -0.0000
vn 0.3748 -0.9271 -0.0000
vn 0.2834 -0.9590 -0.0000
vn 0.1634 -0.9866 -0.0000
vn 0.0083 -1.0000 -0.0000
vn -0.1829 -0.9831 -0.0000
vn -0.3964 -0.9181 -0.0000
vn -0.6019 -0.7986 -0.0000
vn -0.7670 -0.6417 -0.0000
vn -0.8788 -0.4772 -0.0000
vn -0.9445 -0.3284 -0.0000
vn -0.9802 -0.1978 -0.0000
vn -0.9971 -0.0764 -0.0000
vn -0.9994 0.0342 -0.0000
vn -0.9915 0.1299 -0.0000
vn -0.9767 0.2144 -0.0000
vn -0.9566 0.2914 -0.0000
vn -0.9309 0.3653 -0.0000
vn -0.8974 0.4413 -0.0000
vn -0.8500 0.5267 -0.0000
vn -0.7733 0.6341 -0.0000
vn -0.6213 0.7835 -0.0000
vn -0.2602 0.9655 -0.0000
vn 0.2423 0.9702 -0.0000
vn 0.5299 0.8481 -0.0000
vn 0.6450 0.7642 -0.0000
vn 0.7308 0.6826 -0.0000
vn 0.7927 0.6096 -0.0000
vn 0.8365 0.5479 -0.0000
vn 0.8674 0.4977 -0.0000
vn 0.8888 0.4583 -0.0000
vn 0.9034 0.4288 -0.0000
vn 0.9128 0.4084 -0.0000
vn 0.9181 0.3964 -0.0000
vn 0.9197 0.3926 -0.0000
vn 0.9175 0.3978 -0.0000
vn 0.9109 0.4127 -0.0000
vn 0.8997 0.4365 -0.0000
vn 0.8825 0.4703 -0.0000
vn 0.8556 0.5176 -0.0000
vn 0.8132 0.5820 -0.0000
vn 0.7460 0.6660 -0.0000
vn 0.6428 0.7661 -0.0000
vn 0.4969 0.8678 -0.0000
vn 0.3190 0.9478 -0.0000
vn 0.1397 0.9902 -0.0000
vn -0.0088 1.0000 -0.0000
vn -0.1576 0.9875 -0.0000
vn -0.3490 0.9371 -0.0000
vn -0.5306 0.8476 -0.0000
vn -0.6606 0.7507 -0.0000
vn -0.7513 0.6599 -0.0000
vn -0.8150 0.5794 -0.0000
vn -0.8606 0.5092 -0.0000
vn -0.8941 0.4478 -0.0000
vn -0.9194 0.3934 -0.0000
vn -0.9388 0.3444 -0.0000
vn -0.9541 0.2996 -0.0000
vn -0.9662 0.2578 -0.0000
vt 0.046025 0.000000
vt 0.054393 0.000000
vt 0.050209 0.000000
vt 0.041841 0.000000
vt 0.037657 0.000000
vt 0.033473 0.000000
vt 0.058577 0.000000
vt 0.029289 0.000000
vt 0.062762 0.000000
vt 0.025105 0.000000
vt 0.066946 0.000000
vt 0.020921 0.000000
vt 0.071130 0.000000
vt 0.016736 0.000000
vt 0.075314 0.000000
vt 0.012552 0.000000
vt 0.079498 0.000000
vt 0.008368 0.000000
vt 0.083682 0.000000
vt 0.004184 0.000000
vt 0.087866 0.000000
vt 0.000000 0.000000
vt 1.000000 0.000000
vt 0.092050 0.000000
vt 0.096234 0.000000
vt 0.995816 0.000000
vt 0.100418 0.000000
vt 0.104603 0.000000
vt 0.991632 0.000000
vt 0.108787 0.000000
vt 0.987448 0.000000
vt 0.983264 0.000000
vt 0.112971 0.000000
vt 0.979079 0.000000
vt 0.117155 0.000000
vt 0.974895 0.000000
vt 0.121339 0.000000
vt 0.970711 0.000000
vt 0.125523 0.000000
vt 0.966527 0.000000
vt 0.209205 0.000000
vt 0.962343 0.000000
vt 0.213389 0.000000
vt 0.205021 0.000000
vt 0.217573 0.000000
vt 0.200837 0.000000
vt 0.221757 0.000000
vt 0.196653 0.000000
vt 0.225941 0.000000
vt 0.192469 0.000000
vt 0.230126 0.000000
vt 0.129707 0.000000
vt 0.234310 0.000000
vt 0.188285 0.000000
vt 0.238494 0.000000
vt 0.958159 0.000000
vt 0.242678 0.000000
vt 0.184100 0.000000
vt 0.246862 0.000000
vt 0.251046 0.000000
vt 0.179916 0.000000
vt 0.133891 0.000000
vt 0.953975 0.000000
vt 0.255230 0.000000
vt 0.259414 0.000000
vt 0.175732 0.000000
vt 0.263598 0.000000
vt 0.949791 0.000000
vt 0.267782 0.000000
vt 0.271967 0.000000
vt 0.171548 0.000000
vt 0.138075 0.000000
vt 0.276151 0.000000
vt 0.945607 0.000000
vt 0.280335 0.000000
vt 0.284519 0.000000
vt 0.288703 0.000000
vt 0.167364 0.000000
vt 0.941423 0.000000
vt 0.292887 0.000000
vt 0.297071 0.000000
vt 0.301255 0.000000
vt 0.142259 0.000000
vt 0.937239 0.000000
vt 0.305439 0.000000
vt 0.309623 0.000000
vt 0.163180 0.000000
vt 0.313808 0.000000
vt 0.933054 0.000000
vt 0.317992 0.000000
vt 0.928870 0.000000
vt 0.158996 0.000000
vt 0.146444 0.000000
vt 0.397490 0.000000
vt 0.405858 0.000000
vt 0.401674 0.000000
vt 0.322176 0.000000
vt 0.924686 0.000000
vt 0.393305 0.000000
vt 0.154812 0.000000
vt 0.920502 0.000000
vt 0.326360 0.000000
vt 0.410042 0.000000
vt 0.389121 0.000000
vt 0.916318 0.000000
vt 0.150628 0.000000
vt 0.330544 0.000000
vt 0.414226 0.000000
vt 0.384937 0.000000
vt 0.912134 0.000000
vt 0.380753 0.000000
vt 0.334728 0.000000
vt 0.418410 0.000000
vt 0.376569 0.000000
vt 0.907950 0.000000
vt 0.748954 0.000000
vt 0.757322 0.000000
vt 0.753138 0.000000
vt 0.372385 0.000000
vt 0.338912 0.000000
vt 0.422594 0.000000
vt 0.368201 0.000000
vt 0.744770 0.000000
vt 0.903766 0.000000
vt 0.343096 0.000000
vt 0.364017 0.000000
vt 0.740586 0.000000
vt 0.426778 0.000000
vt 0.359833 0.000000
vt 0.347280 0.000000
vt 0.736402 0.000000
vt 0.355649 0.000000
vt 0.899582 0.000000
vt 0.761506 0.000000
vt 0.351464 0.000000
vt 0.895397 0.000000
vt 0.430962 0.000000
vt 0.732218 0.000000
vt 0.891213 0.000000
vt 0.728033 0.000000
vt 0.887029 0.000000
vt 0.435146 0.000000
vt 0.882845 0.000000
vt 0.765690 0.000000
vt 0.723849 0.000000
vt 0.878661 0.000000
vt 0.439331 0.000000
vt 0.719665 0.000000
vt 0.874477 0.000000
vt 0.870293 0.000000
vt 0.715481 0.000000
vt 0.769874 0.000000
vt 0.443515 0.000000
vt 0.866109 0.000000
vt 0.711297 0.000000
vt 0.861925 0.000000
vt 0.447699 0.000000
vt 0.707113 0.000000
vt 0.774059 0.000000
vt 0.857741 0.000000
vt 0.451883 0.000000
vt 0.702929 0.000000
vt 0.853557 0.000000
vt 0.698745 0.000000
vt 0.778243 0.000000
vt 0.849372 0.000000
vt 0.694561 0.000000
vt 0.456067 0.000000
vt 0.690377 0.000000
vt 0.686192 0.000000
vt 0.682008 0.000000
vt 0.845188 0.000000
vt 0.677824 0.000000
vt 0.673640 0.000000
vt 0.782427 0.000000
vt 0.669456 0.000000
vt 0.841004 0.000000
vt 0.460251 0.000000
vt 0.665272 0.000000
vt 0.661088 0.000000
vt 0.836820 0.000000
vt 0.786611 0.000000
vt 0.656904 0.000000
vt 0.464435 0.000000
vt 0.652720 0.000000
vt 0.832636 0.000000
vt 0.648536 0.000000
vt 0.790795 0.000000
vt 0.468619 0.000000
vt 0.828452 0.000000
vt 0.794979 0.000000
vt 0.824268 0.000000
vt 0.644351 0.000000
vt 0.472803 0.000000
vt 0.799163 0.000000
vt 0.820084 0.000000
vt 0.803347 0.000000
vt 0.476987 0.000000
vt 0.815900 0.000000
vt 0.640167 0.000000
vt 0.807531 0.000000
vt 0.811715 0.000000
vt 0.481172 0.000000
vt 0.485356 0.000000
vt 0.635983 0.000000
vt 0.489540 0.000000
vt 0.493724 0.000000
vt 0.497908 0.000000
vt 0.631799 0.000000
vt 0.502092 0.000000
vt 0.506276 0.000000
vt 0.627615 0.000000
vt 0.510460 0.000000
vt 0.623431 0.000000
vt 0.514644 0.000000
vt 0.619247 0.000000
vt 0.518828 0.000000
vt 0.523013 0.000000
vt 0.615063 0.000000
vt 0.581590 0.000000
vt 0.527197 0.000000
vt 0.585774 0.000000
vt 0.577406 0.000000
vt 0.610879 0.000000
vt 0.573222 0.000000
vt 0.589958 0.000000
vt 0.531381 0.000000
vt 0.569038 0.000000
vt 0.594142 0.000000
vt 0.564854 0.000000
vt 0.606695 0.000000
vt 0.535565 0.000000
vt 0.598326 0.000000
vt 0.560669 0.000000
vt 0.539749 0.000000
vt 0.602510 0.000000
vt 0.556485 0.000000
vt 0.543933 0.000000
vt 0.548117 0.000000
vt 0.552301 0.000000
vt 0.000000 1.000000
vt 0.004167 1.000000
vt 0.004167 0.000000
vt 0.008333 1.000000
vt 0.008333 0.000000
vt 0.012500 1.000000
vt 0.012500 0.000000
vt 0.016667 1.000000
vt 0.016667 0.000000
vt 0.020833 1.000000
vt 0.020833 0.000000
vt 0.025000 1.000000
vt 0.025000 0.000000
vt 0.029167 1.000000
vt 0.029167 0.000000
vt 0.033333 1.000000
vt 0.033333 0.000000
vt 0.037500 1.000000
vt 0.037500 0.000000
vt 0.041667 1.000000
vt 0.041667 0.000000
vt 0.045833 1.000000
vt 0.045833 0.000000
vt 0.050000 1.000000
vt 0.050000 0.000000
vt 0.054167 1.000000
vt 0.054167 0.000000
vt 0.058333 1.000000
vt 0.058333 0.000000
vt 0.062500 1.000000
vt 0.062500 0.000000
vt 0.066667 1.000000
vt 0.066667 0.000000
vt 0.070833 1.000000
vt 0.070833 0.000000
vt 0.075000 1.000000
vt 0.075000 0.000000
vt 0.079167 1.000000
vt 0.079167 0.000000
vt 0.083333 1.000000
vt 0.083333 0.000000
vt 0.087500 1.000000
vt 0.087500 0.000000
vt 0.091667 1.000000
vt 0.091667 0.000000
vt 0.095833 1.000000
vt 0.095833 0.000000
vt 0.100000 1.000000
vt 0.100000 0.000000
vt 0.104167 1.000000
vt 0.104167 0.000000
vt 0.108333 1.000000
vt 0.108333 0.000000
vt 0.112500 1.000000
vt 0.112500 0.000000
vt 0.116667 1.000000
vt 0.116667 0.000000
vt 0.120833 1.000000
vt 0.120833 0.000000
vt 0.125000 1.000000
vt 0.125000 0.000000
vt 0.129167 1.000000
vt 0.129167 0.000000
vt 0.133333 1.000000
vt 0.133333 0.000000
vt 0.137500 1.000000
vt 0.137500 0.000000
vt 0.141667 1.000000
vt 0.141667 0.000000
vt 0.145833 1.000000
vt 0.145833 0.000000
vt 0.150000 1.000000
vt 0.150000 0.000000
vt 0.154167 1.000000
vt 0.154167 0.000000
vt 0.158333 1.000000
vt 0.158333 0.000000
vt 0.162500 1.000000
vt 0.162500 0.000000
vt 0.166667 1.000000
vt 0.166667 0.000000
vt 0.170833 1.000000
vt 0.170833 0.000000
vt 0.175000 1.000000
vt 0.175000 0.000000
vt 0.179167 1.000000
vt 0.179167 0.000000
vt 0.183333 1.000000
vt 0.183333 0.000000
vt 0.187500 1.000000
vt 0.187500 0.000000
vt 0.191667 1.000000
vt 0.191667 0.000000
vt 0.195833 1.000000
vt 0.195833 0.000000
vt 0.200000 1.000000
vt 0.200000 0.000000
vt 0.204167 1.000000
vt 0.204167 0.000000
vt 0.208333 1.000000
vt 0.208333 0.000000
vt 0.212500 1.000000
vt 0.212500 0.000000
vt 0.216667 1.000000
vt 0.216667 0.000000
vt 0.220833 1.000000
vt 0.220833 0.000000
vt 0.225000 1.000000
vt 0.225000 0.000000
vt 0.229167 1.000000
vt 0.229167 0.000000
vt 0.233333 1.000000
vt 0.233333 0.000000
vt 0.237500 1.000000
vt 0.237500 0.000000
vt 0.241667 1.000000
vt 0.241667 0.000000
vt 0.245833 1.000000
vt 0.245833 0.000000
vt 0.250000 1.000000
vt 0.250000 0.000000
vt 0.254167 1.000000
vt 0.254167 0.000000
vt 0.258333 1.000000
vt 0.258333 0.000000
vt 0.262500 1.000000
vt 0.262500 0.000000
vt 0.266667 1.000000
vt 0.266667 0.000000
vt 0.270833 1.000000
vt 0.270833 0.000000
vt 0.275000 1.000000
vt 0.275000 0.000000
vt 0.279167 1.000000
vt 0.279167 0.000000
vt 0.283333 1.000000
vt 0.283333 0.000000
vt 0.287500 1.000000
vt 0.287500 0.000000
vt 0.291667 1.000000
vt 0.291667 0.000000
vt 0.295833 1.000000
vt 0.295833 0.000000
vt 0.300000 1.000000
vt 0.300000 0.000000
vt 0.304167 1.000000
vt 0.304167 0.000000
vt 0.308333 1.000000
vt 0.308333 0.000000
vt 0.312500 1.000000
vt 0.312500 0.000000
vt 0.316667 1.000000
vt 0.316667 0.000000
vt 0.320833 1.000000
vt 0.320833 0.000000
vt 0.325000 1.000000
vt 0.325000 0.000000
vt 0.329167 1.000000
vt 0.329167 0.000000
vt 0.333333 1.000000
vt 0.333333 0.000000
vt 0.337500 1.000000
vt 0.337500 0.000000
vt 0.341667 1.000000
vt 0.341667 0.000000
vt 0.345833 1.000000
vt 0.345833 0.000000
vt 0.350000 1.000000
vt 0.350000 0.000000
vt 0.354167 1.000000
vt 0.354167 0.000000
vt 0.358333 1.000000
vt 0.358333 0.000000
vt 0.362500 1.000000
vt 0.362500 0.000000
vt 0.366667 1.000000
vt 0.366667 0.000000
vt 0.370833 1.000000
vt 0.370833 0.000000
vt 0.375000 1.000000
vt 0.375000 0.000000
vt 0.379167 1.000000
vt 0.379167 0.000000
vt 0.383333 1.000000
vt 0.383333 0.000000
vt 0.387500 1.000000
vt 0.387500 0.000000
vt 0.391667 1.000000
vt 0.391667 0.000000
vt 0.395833 1.000000
vt 0.395833 0.000000
vt 0.400000 1.000000
vt 0.400000 0.000000
vt 0.404167 1.000000
vt 0.404167 0.000000
vt 0.408333 1.000000
vt 0.408333 0.000000
vt 0.412500 1.000000
vt 0.412500 0.000000
vt 0.416667 1.000000
vt 0.416667 0.000000
vt 0.420833 1.000000
vt 0.420833 0.000000
vt 0.425000 1.000000
vt 0.425000 0.000000
vt 0.429167 1.000000
vt 0.429167 0.000000
vt 0.433333 1.000000
vt 0.433333 0.000000
vt 0.437500 1.000000
vt 0.437500 0.000000
vt 0.441667 1.000000
vt 0.441667 0.000000
vt 0.445833 1.000000
vt 0.445833 0.000000
vt 0.450000 1.000000
vt 0.450000 0.000000
vt 0.454167 1.000000
vt 0.454167 0.000000
vt 0.458333 1.000000
vt 0.458333 0.000000
vt 0.462500 1.000000
vt 0.462500 0.000000
vt 0.466667 1.000000
vt 0.466667 0.000000
vt 0.470833 1.000000
vt 0.470833 0.000000
vt 0.475000 1.000000
vt 0.475000 0.000000
vt 0.479167 1.000000
vt 0.479167 0.000000
vt 0.483333 1.000000
vt 0.483333 0.000000
vt 0.487500 1.000000
vt 0.487500 0.000000
vt 0.491667 1.000000
vt 0.491667 0.000000
vt 0.495833 1.000000
vt 0.495833 0.000000
vt 0.500000 1.000000
vt 0.500000 0.000000
vt 0.504167 1.000000
vt 0.504167 0.000000
vt 0.508333 1.000000
vt 0.508333 0.000000
vt 0.512500 1.000000
vt 0.512500 0.000000
vt 0.516667 1.000000
vt 0.516667 0.000000
vt 0.520833 1.000000
vt 0.520833 0.000000
vt 0.525000 1.000000
vt 0.525000 0.000000
vt 0.529167 1.000000
vt 0.529167 0.000000
vt 0.533333 1.000000
vt 0.533333 0.000000
vt 0.537500 1.000000
vt 0.537500 0.000000
vt 0.541667 1.000000
vt 0.541667 0.000000
vt 0.545833 1.000000
vt 0.545833 0.000000
vt 0.550000 1.000000
vt 0.550000 0.000000
vt 0.554167 1.000000
vt 0.554167 0.000000
vt 0.558333 1.000000
vt 0.558333 0.000000
vt 0.562500 1.000000
vt 0.562500 0.000000
vt 0.566667 1.000000
vt 0.566667 0.000000
vt 0.570833 1.000000
vt 0.570833 0.000000
vt 0.575000 1.000000
vt 0.575000 0.000000
vt 0.579167 1.000000
vt 0.579167 0.000000
vt 0.583333 1.000000
vt 0.583333 0.000000
vt 0.587500 1.000000
vt 0.587500 0.000000
vt 0.591667 1.000000
vt 0.591667 0.000000
vt 0.595833 1.000000
vt 0.595833 0.000000
vt 0.600000 1.000000
vt 0.600000 0.000000
vt 0.604167 1.000000
vt 0.604167 0.000000
vt 0.608333 1.000000
vt 0.608333 0.000000
vt 0.612500 1.000000
vt 0.612500 0.000000
vt 0.616667 1.000000
vt 0.616667 0.000000
vt 0.620833 1.000000
vt 0.620833 0.000000
vt 0.625000 1.000000
vt 0.625000 0.000000
vt 0.629167 1.000000
vt 0.629167 0.000000
vt 0.633333 1.000000
vt 0.633333 0.000000
vt 0.637500 1.000000
vt 0.637500 0.000000
vt 0.641667 1.000000
vt 0.641667 0.000000
vt 0.645833 1.000000
vt 0.645833 0.000000
vt 0.650000 1.000000
vt 0.650000 0.000000
vt 0.654167 1.000000
vt 0.654167 0.000000
vt 0.658333 1.000000
vt 0.658333 0.000000
vt 0.662500 1.000000
vt 0.662500 0.000000
vt 0.666667 1.000000
vt 0.666667 0.000000
vt 0.670833 1.000000
vt 0.670833 0.000000
vt 0.675000 1.000000
vt 0.675000 0.000000
vt 0.679167 1.000000
vt 0.679167 0.000000
vt 0.683333 1.000000
vt 0.683333 0.000000
vt 0.687500 1.000000
vt 0.687500 0.000000
vt 0.691667 1.000000
vt 0.691667 0.000000
vt 0.695833 1.000000
vt 0.695833 0.000000
vt 0.700000 1.000000
vt 0.700000 0.000000
vt 0.704167 1.000000
vt 0.704167 0.000000
vt 0.708333 1.000000
vt 0.708333 0.000000
vt 0.712500 1.000000
vt 0.712500 0.000000
vt 0.716667 1.000000
vt 0.716667 0.000000
vt 0.720833 1.000000
vt 0.720833 0.000000
vt 0.725000 1.000000
vt 0.725000 0.000000
vt 0.729167 1.000000
vt 0.729167 0.000000
vt 0.733333 1.000000
vt 0.733333 0.000000
vt 0.737500 1.000000
vt 0.737500 0.000000
vt 0.741667 1.000000
vt 0.741667 0.000000
vt 0.745833 1.000000
vt 0.745833 0.000000
vt 0.750000 1.000000
vt 0.750000 0.000000
vt 0.754167 1.000000
vt 0.754167 0.000000
vt 0.758333 1.000000
vt 0.758333 0.000000
vt 0.762500 1.000000
vt 0.762500 0.000000
vt 0.766667 1.000000
vt 0.766667 0.000000
vt 0.770833 1.000000
vt 0.770833 0.000000
vt 0.775000 1.000000
vt 0.775000 0.000000
vt 0.779167 1.000000
vt 0.779167 0.000000
vt 0.783333 1.000000
vt 0.783333 0.000000
vt 0.787500 1.000000
vt 0.787500 0.000000
vt 0.791667 1.000000
vt 0.791667 0.000000
vt 0.795833 1.000000
vt 0.795833 0.000000
vt 0.800000 1.000000
vt 0.800000 0.000000
vt 0.804167 1.000000
vt 0.804167 0.000000
vt 0.808333 1.000000
vt 0.808333 0.000000
vt 0.812500 1.000000
vt 0.812500 0.000000
vt 0.816667 1.000000
vt 0.816667 0.000000
vt 0.820833 1.000000
vt 0.820833 0.000000
vt 0.825000 1.000000
vt 0.825000 0.000000
vt 0.829167 1.000000
vt 0.829167 0.000000
vt 0.833333 1.000000
vt 0.833333 0.000000
vt 0.837500 1.000000
vt 0.837500 0.000000
vt 0.841667 1.000000
vt 0.841667 0.000000
vt 0.845833 1.000000
vt 0.845833 0.000000
vt 0.850000 1.000000
vt 0.850000 0.000000
vt 0.854167 1.000000
vt 0.854167 0.000000
vt 0.858333 1.000000
vt 0.858333 0.000000
vt 0.862500 1.000000
vt 0.862500 0.000000
vt 0.866667 1.000000
vt 0.866667 0.000000
vt 0.870833 1.000000
vt 0.870833 0.000000
vt 0.875000 1.000000
vt 0.875000 0.000000
vt 0.879167 1.000000
vt 0.879167 0.000000
vt 0.883333 1.000000
vt 0.883333 0.000000
vt 0.887500 1.000000
vt 0.887500 0.000000
vt 0.891667 1.000000
vt 0.891667 0.000000
vt 0.895833 1.000000
vt 0.895833 0.000000
vt 0.900000 1.000000
vt 0.900000 0.000000
vt 0.904167 1.000000
vt 0.904167 0.000000
vt 0.908333 1.000000
vt 0.908333 0.000000
vt 0.912500 1.000000
vt 0.912500 0.000000
vt 0.916667 1.000000
vt 0.916667 0.000000
vt 0.920833 1.000000
vt 0.920833 0.000000
vt 0.925000 1.000000
vt 0.925000 0.000000
vt 0.929167 1.000000
vt 0.929167 0.000000
vt 0.933333 1.000000
vt 0.933333 0.000000
vt 0.937500 1.000000
vt 0.937500 0.000000
vt 0.941667 1.000000
vt 0.941667 0.000000
vt 0.945833 1.000000
vt 0.945833 0.000000
vt 0.950000 1.000000
vt 0.950000 0.000000
vt 0.954167 1.000000
vt 0.954167 0.000000
vt 0.958333 1.000000
vt 0.958333 0.000000
vt 0.962500 1.000000
vt 0.962500 0.000000
vt 0.966667 1.000000
vt 0.966667 0.000000
vt 0.970833 1.000000
vt 0.970833 0.000000
vt 0.975000 1.000000
vt 0.975000 0.000000
vt 0.979167 1.000000
vt 0.979167 0.000000
vt 0.983333 1.000000
vt 0.983333 0.000000
vt 0.987500 1.000000
vt 0.987500 0.000000
vt 0.991667 1.000000
vt 0.991667 0.000000
vt 0.995833 1.000000
vt 0.995833 0.000000
vt 1.000000 1.000000
s 0
usemtl SVGMat.001
f 972/721/223 974/722/223 973/723/223
f 971/724/223 974/722/223 972/721/223
f 970/725/223 974/722/223 971/724/223
f 969/726/223 974/722/223 970/725/223
f 969/726/223 975/727/223 974/722/223
f 968/728/223 975/727/223 969/726/223
f 968/728/223 976/729/223 975/727/223
f 967/730/223 976/729/223 968/728/223
f 967/730/223 977/731/223 976/729/223
f 966/732/223 977/731/223 967/730/223
f 966/732/223 978/733/223 977/731/223
f 965/734/223 978/733/223 966/732/223
f 965/734/223 979/735/223 978/733/223
f 964/736/223 979/735/223 965/734/223
f 964/736/223 980/737/223 979/735/223
f 963/738/223 980/737/223 964/736/223
f 963/738/223 981/739/223 980/737/223
f 962/740/223 981/739/223 963/738/223
f 962/740/223 982/741/223 981/739/223
f 961/742/223 982/741/223 962/740/223
f 1200/743/223 982/741/223 961/742/223
f 1200/743/223 983/744/223 982/741/223
f 1200/743/223 984/745/223 983/744/223
f 1199/746/223 984/745/223 1200/743/223
f 1199/746/223 985/747/223 984/745/223
f 1199/746/223 986/748/223 985/747/223
f 1198/749/223 986/748/223 1199/746/223
f 1198/749/223 987/750/223 986/748/223
f 1197/751/223 987/750/223 1198/749/223
f 1196/752/223 987/750/223 1197/751/223
f 1196/752/223 988/753/223 987/750/223
f 1195/754/223 988/753/223 1196/752/223
f 1195/754/223 989/755/223 988/753/223
f 1194/756/223 989/755/223 1195/754/223
f 1194/756/223 990/757/223 989/755/223
f 1193/758/223 990/757/223 1194/756/223
f 1193/758/223 991/759/223 990/757/223
f 1192/760/223 1011/761/223 1193/758/223
f 1011/761/223 991/759/223 1193/758/223
f 1191/762/223 1012/763/223 1192/760/223
f 1012/763/223 1011/761/223 1192/760/223
f 1010/764/223 991/759/223 1011/761/223
f 1191/762/223 1013/765/223 1012/763/223
f 1009/766/223 991/759/223 1010/764/223
f 1191/762/223 1014/767/223 1013/765/223
f 1008/768/223 991/759/223 1009/766/223
f 1191/762/223 1015/769/223 1014/767/223
f 1007/770/223 991/759/223 1008/768/223
f 1191/762/223 1016/771/223 1015/769/223
f 1007/770/223 992/772/223 991/759/223
f 1191/762/223 1017/773/223 1016/771/223
f 1006/774/223 992/772/223 1007/770/223
f 1191/762/223 1018/775/223 1017/773/223
f 1190/776/223 1018/775/223 1191/762/223
f 1190/776/223 1019/777/223 1018/775/223
f 1005/778/223 992/772/223 1006/774/223
f 1190/776/223 1020/779/223 1019/777/223
f 1190/776/223 1021/780/223 1020/779/223
f 1004/781/223 992/772/223 1005/778/223
f 1004/781/223 993/782/223 992/772/223
f 1189/783/223 1021/780/223 1190/776/223
f 1189/783/223 1022/784/223 1021/780/223
f 1189/783/223 1023/785/223 1022/784/223
f 1003/786/223 993/782/223 1004/781/223
f 1189/783/223 1024/787/223 1023/785/223
f 1188/788/223 1024/787/223 1189/783/223
f 1188/788/223 1025/789/223 1024/787/223
f 1188/788/223 1026/790/223 1025/789/223
f 1002/791/223 993/782/223 1003/786/223
f 1002/791/223 994/792/223 993/782/223
f 1188/788/223 1027/793/223 1026/790/223
f 1187/794/223 1027/793/223 1188/788/223
f 1187/794/223 1028/795/223 1027/793/223
f 1187/794/223 1029/796/223 1028/795/223
f 1187/794/223 1030/797/223 1029/796/223
f 1001/798/223 994/792/223 1002/791/223
f 1186/799/223 1030/797/223 1187/794/223
f 1186/799/223 1031/800/223 1030/797/223
f 1186/799/223 1032/801/223 1031/800/223
f 1186/799/223 1033/802/223 1032/801/223
f 1001/798/223 995/803/223 994/792/223
f 1185/804/223 1033/802/223 1186/799/223
f 1185/804/223 1034/805/223 1033/802/223
f 1185/804/223 1035/806/223 1034/805/223
f 1000/807/223 995/803/223 1001/798/223
f 1185/804/223 1036/808/223 1035/806/223
f 1184/809/223 1036/808/223 1185/804/223
f 1184/809/223 1037/810/223 1036/808/223
f 1183/811/223 1037/810/223 1184/809/223
f 999/812/223 995/803/223 1000/807/223
f 999/812/223 996/813/223 995/803/223
f 1056/814/223 1058/815/223 1057/816/223
f 1183/811/223 1038/817/223 1037/810/223
f 1182/818/223 1038/817/223 1183/811/223
f 1055/819/223 1058/815/223 1056/814/223
f 998/820/223 996/813/223 999/812/223
f 1181/821/223 1038/817/223 1182/818/223
f 1181/821/223 1039/822/223 1038/817/223
f 1055/819/223 1059/823/223 1058/815/223
f 1054/824/223 1059/823/223 1055/819/223
f 1180/825/223 1039/822/223 1181/821/223
f 998/820/223 997/826/223 996/813/223
f 1180/825/223 1040/827/223 1039/822/223
f 1054/824/223 1060/828/223 1059/823/223
f 1053/829/223 1060/828/223 1054/824/223
f 1179/830/223 1040/827/223 1180/825/223
f 1052/831/223 1060/828/223 1053/829/223
f 1179/830/223 1041/832/223 1040/827/223
f 1052/831/223 1061/833/223 1060/828/223
f 1051/834/223 1061/833/223 1052/831/223
f 1178/835/223 1041/832/223 1179/830/223
f 1140/836/223 1142/837/223 1141/838/223
f 1050/839/223 1061/833/223 1051/834/223
f 1178/835/223 1042/840/223 1041/832/223
f 1050/839/223 1062/841/223 1061/833/223
f 1049/842/223 1062/841/223 1050/839/223
f 1139/843/223 1142/837/223 1140/836/223
f 1177/844/223 1042/840/223 1178/835/223
f 1177/844/223 1043/845/223 1042/840/223
f 1048/846/223 1062/841/223 1049/842/223
f 1138/847/223 1142/837/223 1139/843/223
f 1048/846/223 1063/848/223 1062/841/223
f 1047/849/223 1063/848/223 1048/846/223
f 1177/844/223 1044/850/223 1043/845/223
f 1137/851/223 1142/837/223 1138/847/223
f 1046/852/223 1063/848/223 1047/849/223
f 1176/853/223 1044/850/223 1177/844/223
f 1137/851/223 1143/854/223 1142/837/223
f 1045/855/223 1063/848/223 1046/852/223
f 1176/853/223 1045/855/223 1044/850/223
f 1175/856/223 1045/855/223 1176/853/223
f 1045/855/223 1064/857/223 1063/848/223
f 1175/856/223 1064/857/223 1045/855/223
f 1136/858/223 1143/854/223 1137/851/223
f 1174/859/223 1064/857/223 1175/856/223
f 1135/860/223 1143/854/223 1136/858/223
f 1173/861/223 1064/857/223 1174/859/223
f 1173/861/223 1065/862/223 1064/857/223
f 1172/863/223 1065/862/223 1173/861/223
f 1135/860/223 1144/864/223 1143/854/223
f 1134/865/223 1144/864/223 1135/860/223
f 1171/866/223 1065/862/223 1172/863/223
f 1171/866/223 1066/867/223 1065/862/223
f 1133/868/223 1144/864/223 1134/865/223
f 1170/869/223 1066/867/223 1171/866/223
f 1169/870/223 1066/867/223 1170/869/223
f 1132/871/223 1144/864/223 1133/868/223
f 1132/871/223 1145/872/223 1144/864/223
f 1169/870/223 1067/873/223 1066/867/223
f 1168/874/223 1067/873/223 1169/870/223
f 1131/875/223 1145/872/223 1132/871/223
f 1167/876/223 1067/873/223 1168/874/223
f 1167/876/223 1068/877/223 1067/873/223
f 1130/878/223 1145/872/223 1131/875/223
f 1130/878/223 1146/879/223 1145/872/223
f 1166/880/223 1068/877/223 1167/876/223
f 1166/880/223 1069/881/223 1068/877/223
f 1129/882/223 1146/879/223 1130/878/223
f 1165/883/223 1069/881/223 1166/880/223
f 1129/882/223 1128/884/223 1146/879/223
f 1128/884/223 1147/885/223 1146/879/223
f 1164/886/223 1069/881/223 1165/883/223
f 1127/887/223 1147/885/223 1128/884/223
f 1164/886/223 1070/888/223 1069/881/223
f 1126/889/223 1147/885/223 1127/887/223
f 1125/890/223 1147/885/223 1126/889/223
f 1124/891/223 1147/885/223 1125/890/223
f 1163/892/223 1070/888/223 1164/886/223
f 1123/893/223 1147/885/223 1124/891/223
f 1122/894/223 1147/885/223 1123/893/223
f 1122/894/223 1148/895/223 1147/885/223
f 1121/896/223 1148/895/223 1122/894/223
f 1162/897/223 1070/888/223 1163/892/223
f 1162/897/223 1071/898/223 1070/888/223
f 1120/899/223 1148/895/223 1121/896/223
f 1119/900/223 1148/895/223 1120/899/223
f 1161/901/223 1071/898/223 1162/897/223
f 1119/900/223 1149/902/223 1148/895/223
f 1118/903/223 1149/902/223 1119/900/223
f 1161/901/223 1072/904/223 1071/898/223
f 1117/905/223 1149/902/223 1118/903/223
f 1160/906/223 1072/904/223 1161/901/223
f 1116/907/223 1149/902/223 1117/905/223
f 1116/907/223 1150/908/223 1149/902/223
f 1160/906/223 1073/909/223 1072/904/223
f 1159/910/223 1073/909/223 1160/906/223
f 1116/907/223 1151/911/223 1150/908/223
f 1158/912/223 1073/909/223 1159/910/223
f 1115/913/223 1151/911/223 1116/907/223
f 1158/912/223 1074/914/223 1073/909/223
f 1115/913/223 1152/915/223 1151/911/223
f 1157/916/223 1074/914/223 1158/912/223
f 1115/913/223 1153/917/223 1152/915/223
f 1157/916/223 1075/918/223 1074/914/223
f 1156/919/223 1075/918/223 1157/916/223
f 1114/920/223 1153/917/223 1115/913/223
f 1114/920/223 1154/921/223 1153/917/223
f 1155/922/223 1075/918/223 1156/919/223
f 1114/920/223 1155/922/223 1154/921/223
f 1155/922/223 1076/923/223 1075/918/223
f 1114/920/223 1076/923/223 1155/922/223
f 1114/920/223 1077/924/223 1076/923/223
f 1113/925/223 1077/924/223 1114/920/223
f 1113/925/223 1078/926/223 1077/924/223
f 1113/925/223 1079/927/223 1078/926/223
f 1113/925/223 1080/928/223 1079/927/223
f 1112/929/223 1080/928/223 1113/925/223
f 1112/929/223 1081/930/223 1080/928/223
f 1112/929/223 1082/931/223 1081/930/223
f 1111/932/223 1082/931/223 1112/929/223
f 1111/932/223 1083/933/223 1082/931/223
f 1110/934/223 1083/933/223 1111/932/223
f 1110/934/223 1084/935/223 1083/933/223
f 1109/936/223 1084/935/223 1110/934/223
f 1109/936/223 1085/937/223 1084/935/223
f 1109/936/223 1086/938/223 1085/937/223
f 1108/939/223 1086/938/223 1109/936/223
f 1108/939/223 1100/940/223 1086/938/223
f 1100/940/223 1087/941/223 1086/938/223
f 1108/939/223 1101/942/223 1100/940/223
f 1099/943/223 1087/941/223 1100/940/223
f 1107/944/223 1101/942/223 1108/939/223
f 1098/945/223 1087/941/223 1099/943/223
f 1107/944/223 1102/946/223 1101/942/223
f 1098/945/223 1088/947/223 1087/941/223
f 1097/948/223 1088/947/223 1098/945/223
f 1107/944/223 1103/949/223 1102/946/223
f 1096/950/223 1088/947/223 1097/948/223
f 1106/951/223 1103/949/223 1107/944/223
f 1096/950/223 1089/952/223 1088/947/223
f 1106/951/223 1104/953/223 1103/949/223
f 1095/954/223 1089/952/223 1096/950/223
f 1095/954/223 1090/955/223 1089/952/223
f 1106/951/223 1105/956/223 1104/953/223
f 1094/957/223 1090/955/223 1095/954/223
f 1094/957/223 1091/958/223 1090/955/223
f 1094/957/223 1092/959/223 1091/958/223
f 1093/960/223 1092/959/223 1094/957/223
f 1212/721/224 1213/723/224 1214/722/224
f 1211/724/224 1212/721/224 1214/722/224
f 1210/725/224 1211/724/224 1214/722/224
f 1209/726/224 1210/725/224 1214/722/224
f 1209/726/224 1214/722/224 1215/727/224
f 1208/728/224 1209/726/224 1215/727/224
f 1208/728/224 1215/727/224 1216/729/224
f 1207/730/224 1208/728/224 1216/729/224
f 1207/730/224 1216/729/224 1217/731/224
f 1206/732/224 1207/730/224 1217/731/224
f 1206/732/224 1217/731/224 1218/733/224
f 1205/734/224 1206/732/224 1218/733/224
f 1205/734/224 1218/733/224 1219/735/224
f 1204/736/224 1205/734/224 1219/735/224
f 1204/736/224 1219/735/224 1220/737/224
f 1203/738/224 1204/736/224 1220/737/224
f 1203/738/224 1220/737/224 1221/739/224
f 1202/740/224 1203/738/224 1221/739/224
f 1202/740/224 1221/739/224 1222/741/224
f 1201/742/224 1202/740/224 1222/741/224
f 1440/743/224 1201/742/224 1222/741/224
f 1440/743/224 1222/741/224 1223/744/224
f 1440/743/224 1223/744/224 1224/745/224
f 1439/746/224 1440/743/224 1224/745/224
f 1439/746/224 1224/745/224 1225/747/224
f 1439/746/224 1225/747/224 1226/748/224
f 1438/749/224 1439/746/224 1226/748/224
f 1438/749/224 1226/748/224 1227/750/224
f 1437/751/224 1438/749/224 1227/750/224
f 1436/752/224 1437/751/224 1227/750/224
f 1436/752/224 1227/750/224 1228/753/224
f 1435/754/224 1436/752/224 1228/753/224
f 1435/754/224 1228/753/224 1229/755/224
f 1434/756/224 1435/754/224 1229/755/224
f 1434/756/224 1229/755/224 1230/757/224
f 1433/758/224 1434/756/224 1230/757/224
f 1433/758/224 1230/757/224 1231/759/224
f 1432/760/224 1433/758/224 1251/761/224
f 1251/761/224 1433/758/224 1231/759/224
f 1431/762/224 1432/760/224 1252/763/224
f 1252/763/224 1432/760/224 1251/761/224
f 1250/764/224 1251/761/224 1231/759/224
f 1431/762/224 1252/763/224 1253/765/224
f 1249/766/224 1250/764/224 1231/759/224
f 1431/762/224 1253/765/224 1254/767/224
f 1248/768/224 1249/766/224 1231/759/224
f 1431/762/224 1254/767/224 1255/769/224
f 1247/770/224 1248/768/224 1231/759/224
f 1431/762/224 1255/769/224 1256/771/224
f 1247/770/224 1231/759/224 1232/772/224
f 1431/762/224 1256/771/224 1257/773/224
f 1246/774/224 1247/770/224 1232/772/224
f 1431/762/224 1257/773/224 1258/775/224
f 1430/776/224 1431/762/224 1258/775/224
f 1430/776/224 1258/775/224 1259/777/224
f 1245/778/224 1246/774/224 1232/772/224
f 1430/776/224 1259/777/224 1260/779/224
f 1430/776/224 1260/779/224 1261/780/224
f 1244/781/224 1245/778/224 1232/772/224
f 1244/781/224 1232/772/224 1233/782/224
f 1429/783/224 1430/776/224 1261/780/224
f 1429/783/224 1261/780/224 1262/784/224
f 1429/783/224 1262/784/224 1263/785/224
f 1243/786/224 1244/781/224 1233/782/224
f 1429/783/224 1263/785/224 1264/787/224
f 1428/788/224 1429/783/224 1264/787/224
f 1428/788/224 1264/787/224 1265/789/224
f 1428/788/224 1265/789/224 1266/790/224
f 1242/791/224 1243/786/224 1233/782/224
f 1242/791/224 1233/782/224 1234/792/224
f 1428/788/224 1266/790/224 1267/793/224
f 1427/794/224 1428/788/224 1267/793/224
f 1427/794/224 1267/793/224 1268/795/224
f 1427/794/224 1268/795/224 1269/796/224
f 1427/794/224 1269/796/224 1270/797/224
f 1241/798/224 1242/791/224 1234/792/224
f 1426/799/224 1427/794/224 1270/797/224
f 1426/799/224 1270/797/224 1271/800/224
f 1426/799/224 1271/800/224 1272/801/224
f 1426/799/224 1272/801/224 1273/802/224
f 1241/798/224 1234/792/224 1235/803/224
f 1425/804/224 1426/799/224 1273/802/224
f 1425/804/224 1273/802/224 1274/805/224
f 1425/804/224 1274/805/224 1275/806/224
f 1240/807/224 1241/798/224 1235/803/224
f 1425/804/224 1275/806/224 1276/808/224
f 1424/809/224 1425/804/224 1276/808/224
f 1424/809/224 1276/808/224 1277/810/224
f 1423/811/224 1424/809/224 1277/810/224
f 1239/812/224 1240/807/224 1235/803/224
f 1239/812/224 1235/803/224 1236/813/224
f 1296/814/224 1297/816/224 1298/815/224
f 1423/811/224 1277/810/224 1278/817/224
f 1422/818/224 1423/811/224 1278/817/224
f 1295/819/224 1296/814/224 1298/815/224
f 1238/820/224 1239/812/224 1236/813/224
f 1421/821/224 1422/818/224 1278/817/224
f 1421/821/224 1278/817/224 1279/822/224
f 1295/819/224 1298/815/224 1299/823/224
f 1294/824/224 1295/819/224 1299/823/224
f 1420/825/224 1421/821/224 1279/822/224
f 1238/820/224 1236/813/224 1237/826/224
f 1420/825/224 1279/822/224 1280/827/224
f 1294/824/224 1299/823/224 1300/828/224
f 1293/829/224 1294/824/224 1300/828/224
f 1419/830/224 1420/825/224 1280/827/224
f 1292/831/224 1293/829/224 1300/828/224
f 1419/830/224 1280/827/224 1281/832/224
f 1292/831/224 1300/828/224 1301/833/224
f 1291/834/224 1292/831/224 1301/833/224
f 1418/835/224 1419/830/224 1281/832/224
f 1380/836/224 1381/838/224 1382/837/224
f 1290/839/224 1291/834/224 1301/833/224
f 1418/835/224 1281/832/224 1282/840/224
f 1290/839/224 1301/833/224 1302/841/224
f 1289/842/224 1290/839/224 1302/841/224
f 1379/843/224 1380/836/224 1382/837/224
f 1417/844/224 1418/835/224 1282/840/224
f 1417/844/224 1282/840/224 1283/845/224
f 1288/846/224 1289/842/224 1302/841/224
f 1378/847/224 1379/843/224 1382/837/224
f 1288/846/224 1302/841/224 1303/848/224
f 1287/849/224 1288/846/224 1303/848/224
f 1417/844/224 1283/845/224 1284/850/224
f 1377/851/224 1378/847/224 1382/837/224
f 1286/852/224 1287/849/224 1303/848/224
f 1416/853/224 1417/844/224 1284/850/224
f 1377/851/224 1382/837/224 1383/854/224
f 1285/855/224 1286/852/224 1303/848/224
f 1416/853/224 1284/850/224 1285/855/224
f 1415/856/224 1416/853/224 1285/855/224
f 1285/855/224 1303/848/224 1304/857/224
f 1415/856/224 1285/855/224 1304/857/224
f 1376/858/224 1377/851/224 1383/854/224
f 1414/859/224 1415/856/224 1304/857/224
f 1375/860/224 1376/858/224 1383/854/224
f 1413/861/224 1414/859/224 1304/857/224
f 1413/861/224 1304/857/224 1305/862/224
f 1412/863/224 1413/861/224 1305/862/224
f 1375/860/224 1383/854/224 1384/864/224
f 1374/865/224 1375/860/224 1384/864/224
f 1411/866/224 1412/863/224 1305/862/224
f 1411/866/224 1305/862/224 1306/867/224
f 1373/868/224 1374/865/224 1384/864/224
f 1410/869/224 1411/866/224 1306/867/224
f 1409/870/224 1410/869/224 1306/867/224
f 1372/871/224 1373/868/224 1384/864/224
f 1372/871/224 1384/864/224 1385/872/224
f 1409/870/224 1306/867/224 1307/873/224
f 1408/874/224 1409/870/224 1307/873/224
f 1371/875/224 1372/871/224 1385/872/224
f 1407/876/224 1408/874/224 1307/873/224
f 1407/876/224 1307/873/224 1308/877/224
f 1370/878/224 1371/875/224 1385/872/224
f 1370/878/224 1385/872/224 1386/879/224
f 1406/880/224 1407/876/224 1308/877/224
f 1406/880/224 1308/877/224 1309/881/224
f 1369/882/224 1370/878/224 1386/879/224
f 1405/883/224 1406/880/224 1309/881/224
f 1369/882/224 1386/879/224 1368/884/224
f 1368/884/224 1386/879/224 1387/885/224
f 1404/886/224 1405/883/224 1309/881/224
f 1367/887/224 1368/884/224 1387/885/224
f 1404/886/224 1309/881/224 1310/888/224
f 1366/889/224 1367/887/224 1387/885/224
f 1365/890/224 1366/889/224 1387/885/224
f 1364/891/224 1365/890/224 1387/885/224
f 1403/892/224 1404/886/224 1310/888/224
f 1363/893/224 1364/891/224 1387/885/224
f 1362/894/224 1363/893/224 1387/885/224
f 1362/894/224 1387/885/224 1388/895/224
f 1361/896/224 1362/894/224 1388/895/224
f 1402/897/224 1403/892/224 1310/888/224
f 1402/897/224 1310/888/224 1311/898/224
f 1360/899/224 1361/896/224 1388/895/224
f 1359/900/224 1360/899/224 1388/895/224
f 1401/901/224 1402/897/224 1311/898/224
f 1359/900/224 1388/895/224 1389/902/224
f 1358/903/224 1359/900/224 1389/902/224
f 1401/901/224 1311/898/224 1312/904/224
f 1357/905/224 1358/903/224 1389/902/224
f 1400/906/224 1401/901/224 1312/904/224
f 1356/907/224 1357/905/224 1389/902/224
f 1356/907/224 1389/902/224 1390/908/224
f 1400/906/224 1312/904/224 1313/909/224
f 1399/910/224 1400/906/224 1313/909/224
f 1356/907/224 1390/908/224 1391/911/224
f 1398/912/224 1399/910/224 1313/909/224
f 1355/913/224 1356/907/224 1391/911/224
f 1398/912/224 1313/909/224 1314/914/224
f 1355/913/224 1391/911/224 1392/915/224
f 1397/916/224 1398/912/224 1314/914/224
f 1355/913/224 1392/915/224 1393/917/224
f 1397/916/224 1314/914/224 1315/918/224
f 1396/919/224 1397/916/224 1315/918/224
f 1354/920/224 1355/913/224 1393/917/224
f 1354/920/224 1393/917/224 1394/921/224
f 1395/922/224 1396/919/224 1315/918/224
f 1354/920/224 1394/921/224 1395/922/224
f 1395/922/224 1315/918/224 1316/923/224
f 1354/920/224 1395/922/224 1316/923/224
f 1354/920/224 1316/923/224 1317/924/224
f 1353/925/224 1354/920/224 1317/924/224
f 1353/925/224 1317/924/224 1318/926/224
f 1353/925/224 1318/926/224 1319/927/224
f 1353/925/224 1319/927/224 1320/928/224
f 1352/929/224 1353/925/224 1320/928/224
f 1352/929/224 1320/928/224 1321/930/224
f 1352/929/224 1321/930/224 1322/931/224
f 1351/932/224 1352/929/224 1322/931/224
f 1351/932/224 1322/931/224 1323/933/224
f 1350/934/224 1351/932/224 1323/933/224
f 1350/934/224 1323/933/224 1324/935/224
f 1349/936/224 1350/934/224 1324/935/224
f 1349/936/224 1324/935/224 1325/937/224
f 1349/936/224 1325/937/224 1326/938/224
f 1348/939/224 1349/936/224 1326/938/224
f 1348/939/224 1326/938/224 1340/940/224
f 1340/940/224 1326/938/224 1327/941/224
f 1348/939/224 1340/940/224 1341/942/224
f 1339/943/224 1340/940/224 1327/941/224
f 1347/944/224 1348/939/224 1341/942/224
f 1338/945/224 1339/943/224 1327/941/224
f 1347/944/224 1341/942/224 1342/946/224
f 1338/945/224 1327/941/224 1328/947/224
f 1337/948/224 1338/945/224 1328/947/224
f 1347/944/224 1342/946/224 1343/949/224
f 1336/950/224 1337/948/224 1328/947/224
f 1346/951/224 1347/944/224 1343/949/224
f 1336/950/224 1328/947/224 1329/952/224
f 1346/951/224 1343/949/224 1344/953/224
f 1335/954/224 1336/950/224 1329/952/224
f 1335/954/224 1329/952/224 1330/955/224
f 1346/951/224 1344/953/224 1345/956/224
f 1334/957/224 1335/954/224 1330/955/224
f 1334/957/224 1330/955/224 1331/958/224
f 1334/957/224 1331/958/224 1332/959/224
f 1333/960/224 1334/957/224 1332/959/224
s 1
f 1442/961/225 1444/962/226 1443/963/226 1441/742/225
f 1444/962/226 1446/964/226 1445/965/226 1443/963/226
f 1446/964/226 1448/966/226 1447/967/226 1445/965/226
f 1448/966/226 1450/968/226 1449/969/226 1447/967/226
f 1450/968/226 1452/970/226 1451/971/226 1449/969/226
f 1452/970/226 1454/972/226 1453/973/226 1451/971/226
f 1454/972/226 1456/974/226 1455/975/226 1453/973/226
f 1456/974/226 1458/976/226 1457/977/226 1455/975/226
f 1458/976/226 1460/978/226 1459/979/226 1457/977/226
f 1460/978/226 1462/980/226 1461/981/226 1459/979/226
f 1462/980/226 1464/982/226 1463/983/226 1461/981/226
f 1464/982/226 1466/984/227 1465/985/227 1463/983/226
f 1466/984/227 1468/986/228 1467/987/228 1465/985/227
f 1468/986/228 1470/988/229 1469/989/229 1467/987/228
f 1470/988/229 1472/990/230 1471/991/230 1469/989/229
f 1472/990/230 1474/992/231 1473/993/231 1471/991/230
f 1474/992/231 1476/994/232 1475/995/232 1473/993/231
f 1476/994/232 1478/996/233 1477/997/233 1475/995/232
f 1478/996/233 1480/998/234 1479/999/234 1477/997/233
f 1480/998/234 1482/1000/235 1481/1001/235 1479/999/234
f 1482/1000/235 1484/1002/236 1483/1003/236 1481/1001/235
f 1484/1002/236 1486/1004/237 1485/1005/237 1483/1003/236
f 1486/1004/237 1488/1006/238 1487/1007/238 1485/1005/237
f 1488/1006/238 1490/1008/239 1489/1009/239 1487/1007/238
f 1490/1008/239 1492/1010/240 1491/1011/240 1489/1009/239
f 1492/1010/240 1494/1012/241 1493/1013/241 1491/1011/240
f 1494/1012/241 1496/1014/242 1495/1015/242 1493/1013/241
f 1496/1014/242 1498/1016/243 1497/1017/243 1495/1015/242
f 1498/1016/243 1500/1018/244 1499/1019/244 1497/1017/243
f 1500/1018/244 1502/1020/245 1501/1021/245 1499/1019/244
f 1502/1020/245 1504/1022/246 1503/1023/246 1501/1021/245
f 1504/1022/246 1506/1024/247 1505/1025/247 1503/1023/246
f 1506/1024/247 1508/1026/248 1507/1027/248 1505/1025/247
f 1508/1026/248 1510/1028/249 1509/1029/249 1507/1027/248
f 1510/1028/249 1512/1030/250 1511/1031/250 1509/1029/249
f 1512/1030/250 1514/1032/251 1513/1033/251 1511/1031/250
f 1514/1032/251 1516/1034/252 1515/1035/252 1513/1033/251
f 1516/1034/252 1518/1036/253 1517/1037/253 1515/1035/252
f 1518/1036/253 1520/1038/254 1519/1039/254 1517/1037/253
f 1520/1038/254 1522/1040/255 1521/1041/255 1519/1039/254
f 1522/1040/255 1524/1042/256 1523/1043/256 1521/1041/255
f 1524/1042/256 1526/1044/257 1525/1045/257 1523/1043/256
f 1526/1044/257 1528/1046/258 1527/1047/258 1525/1045/257
f 1528/1046/258 1530/1048/259 1529/1049/259 1527/1047/258
f 1530/1048/259 1532/1050/260 1531/1051/260 1529/1049/259
f 1532/1050/260 1534/1052/261 1533/1053/261 1531/1051/260
f 1534/1052/261 1536/1054/262 1535/1055/262 1533/1053/261
f 1536/1054/262 1538/1056/263 1537/1057/263 1535/1055/262
f 1538/1056/263 1540/1058/264 1539/1059/264 1537/1057/263
f 1540/1058/264 1542/1060/265 1541/1061/265 1539/1059/264
f 1542/1060/265 1544/1062/266 1543/1063/266 1541/1061/265
f 1544/1062/266 1546/1064/267 1545/1065/267 1543/1063/266
f 1546/1064/267 1548/1066/268 1547/1067/268 1545/1065/267
f 1548/1066/268 1550/1068/269 1549/1069/269 1547/1067/268
f 1550/1068/269 1552/1070/270 1551/1071/270 1549/1069/269
f 1552/1070/270 1554/1072/271 1553/1073/271 1551/1071/270
f 1554/1072/271 1556/1074/272 1555/1075/272 1553/1073/271
f 1556/1074/272 1558/1076/273 1557/1077/273 1555/1075/272
f 1558/1076/273 1560/1078/274 1559/1079/274 1557/1077/273
f 1560/1078/274 1562/1080/275 1561/1081/275 1559/1079/274
f 1562/1080/275 1564/1082/276 1563/1083/276 1561/1081/275
f 1564/1082/276 1566/1084/277 1565/1085/277 1563/1083/276
f 1566/1084/277 1568/1086/278 1567/1087/278 1565/1085/277
f 1568/1086/278 1570/1088/279 1569/1089/279 1567/1087/278
f 1570/1088/279 1572/1090/280 1571/1091/280 1569/1089/279
f 1572/1090/280 1574/1092/281 1573/1093/281 1571/1091/280
f 1574/1092/281 1576/1094/282 1575/1095/282 1573/1093/281
f 1576/1094/282 1578/1096/283 1577/1097/283 1575/1095/282
f 1578/1096/283 1580/1098/284 1579/1099/284 1577/1097/283
f 1580/1098/284 1582/1100/285 1581/1101/285 1579/1099/284
f 1582/1100/285 1584/1102/286 1583/1103/286 1581/1101/285
f 1584/1102/286 1586/1104/287 1585/1105/287 1583/1103/286
f 1586/1104/287 1588/1106/288 1587/1107/288 1585/1105/287
f 1588/1106/288 1590/1108/288 1589/1109/288 1587/1107/288
f 1590/1108/288 1592/1110/288 1591/1111/288 1589/1109/288
f 1592/1110/288 1594/1112/288 1593/1113/288 1591/1111/288
f 1594/1112/288 1596/1114/288 1595/1115/288 1593/1113/288
f 1596/1114/288 1598/1116/288 1597/1117/288 1595/1115/288
f 1598/1116/288 1600/1118/288 1599/1119/288 1597/1117/288
f 1600/1118/288 1602/1120/288 1601/1121/288 1599/1119/288
f 1602/1120/288 1604/1122/288 1603/1123/288 1601/1121/288
f 1604/1122/288 1606/1124/288 1605/1125/288 1603/1123/288
f 1606/1124/288 1608/1126/288 1607/1127/288 1605/1125/288
f 1608/1126/288 1610/1128/289 1609/1129/289 1607/1127/288
f 1610/1128/289 1612/1130/290 1611/1131/290 1609/1129/289
f 1612/1130/290 1614/1132/291 1613/1133/291 1611/1131/290
f 1614/1132/291 1616/1134/292 1615/1135/292 1613/1133/291
f 1616/1134/292 1618/1136/293 1617/1137/293 1615/1135/292
f 1618/1136/293 1620/1138/294 1619/1139/294 1617/1137/293
f 1620/1138/294 1622/1140/295 1621/1141/295 1619/1139/294
f 1622/1140/295 1624/1142/296 1623/1143/296 1621/1141/295
f 1624/1142/296 1626/1144/297 1625/1145/297 1623/1143/296
f 1626/1144/297 1628/1146/298 1627/1147/298 1625/1145/297
f 1628/1146/298 1630/1148/299 1629/1149/299 1627/1147/298
f 1630/1148/299 1632/1150/300 1631/1151/300 1629/1149/299
f 1632/1150/300 1634/1152/301 1633/1153/301 1631/1151/300
f 1634/1152/301 1636/1154/302 1635/1155/302 1633/1153/301
f 1636/1154/302 1638/1156/303 1637/1157/303 1635/1155/302
f 1638/1156/303 1640/1158/304 1639/1159/304 1637/1157/303
f 1640/1158/304 1642/1160/305 1641/1161/305 1639/1159/304
f 1642/1160/305 1644/1162/306 1643/1163/306 1641/1161/305
f 1644/1162/306 1646/1164/307 1645/1165/307 1643/1163/306
f 1646/1164/307 1648/1166/308 1647/1167/308 1645/1165/307
f 1648/1166/308 1650/1168/309 1649/1169/309 1647/1167/308
f 1650/1168/309 1652/1170/310 1651/1171/310 1649/1169/309
f 1652/1170/310 1654/1172/311 1653/1173/311 1651/1171/310
f 1654/1172/311 1656/1174/312 1655/1175/312 1653/1173/311
f 1656/1174/312 1658/1176/313 1657/1177/313 1655/1175/312
f 1658/1176/313 1660/1178/314 1659/1179/314 1657/1177/313
f 1660/1178/314 1662/1180/315 1661/1181/315 1659/1179/314
f 1662/1180/315 1664/1182/316 1663/1183/316 1661/1181/315
f 1664/1182/316 1666/1184/317 1665/1185/317 1663/1183/316
f 1666/1184/317 1668/1186/318 1667/1187/318 1665/1185/317
f 1668/1186/318 1670/1188/319 1669/1189/319 1667/1187/318
f 1670/1188/319 1672/1190/320 1671/1191/320 1669/1189/319
f 1672/1190/320 1674/1192/321 1673/1193/321 1671/1191/320
f 1674/1192/321 1676/1194/322 1675/1195/322 1673/1193/321
f 1676/1194/322 1678/1196/323 1677/1197/323 1675/1195/322
f 1678/1196/323 1680/1198/324 1679/1199/324 1677/1197/323
f 1680/1198/324 1682/1200/325 1681/1201/325 1679/1199/324
f 1682/1200/325 1684/1202/326 1683/1203/326 1681/1201/325
f 1684/1202/326 1686/1204/327 1685/1205/327 1683/1203/326
f 1686/1204/327 1688/1206/328 1687/1207/328 1685/1205/327
f 1688/1206/328 1690/1208/329 1689/1209/329 1687/1207/328
f 1690/1208/329 1692/1210/330 1691/1211/330 1689/1209/329
f 1692/1210/330 1694/1212/331 1693/1213/331 1691/1211/330
f 1694/1212/331 1696/1214/332 1695/1215/332 1693/1213/331
f 1696/1214/332 1698/1216/333 1697/1217/333 1695/1215/332
f 1698/1216/333 1700/1218/334 1699/1219/334 1697/1217/333
f 1700/1218/334 1702/1220/335 1701/1221/335 1699/1219/334
f 1702/1220/335 1704/1222/336 1703/1223/336 1701/1221/335
f 1704/1222/336 1706/1224/337 1705/1225/337 1703/1223/336
f 1706/1224/337 1708/1226/338 1707/1227/338 1705/1225/337
f 1708/1226/338 1710/1228/339 1709/1229/339 1707/1227/338
f 1710/1228/339 1712/1230/340 1711/1231/340 1709/1229/339
f 1712/1230/340 1714/1232/341 1713/1233/341 1711/1231/340
f 1714/1232/341 1716/1234/342 1715/1235/342 1713/1233/341
f 1716/1234/342 1718/1236/343 1717/1237/343 1715/1235/342
f 1718/1236/343 1720/1238/344 1719/1239/344 1717/1237/343
f 1720/1238/344 1722/1240/345 1721/1241/345 1719/1239/344
f 1722/1240/345 1724/1242/346 1723/1243/346 1721/1241/345
f 1724/1242/346 1726/1244/347 1725/1245/347 1723/1243/346
f 1726/1244/347 1728/1246/348 1727/1247/348 1725/1245/347
f 1728/1246/348 1730/1248/349 1729/1249/349 1727/1247/348
f 1730/1248/349 1732/1250/350 1731/1251/350 1729/1249/349
f 1732/1250/350 1734/1252/351 1733/1253/351 1731/1251/350
f 1734/1252/351 1736/1254/352 1735/1255/352 1733/1253/351
f 1736/1254/352 1738/1256/353 1737/1257/353 1735/1255/352
f 1738/1256/353 1740/1258/354 1739/1259/354 1737/1257/353
f 1740/1258/354 1742/1260/355 1741/1261/355 1739/1259/354
f 1742/1260/355 1744/1262/356 1743/1263/356 1741/1261/355
f 1744/1262/356 1746/1264/357 1745/1265/357 1743/1263/356
f 1746/1264/357 1748/1266/358 1747/1267/358 1745/1265/357
f 1748/1266/358 1750/1268/359 1749/1269/359 1747/1267/358
f 1750/1268/359 1752/1270/360 1751/1271/360 1749/1269/359
f 1752/1270/360 1754/1272/361 1753/1273/361 1751/1271/360
f 1754/1272/361 1756/1274/362 1755/1275/362 1753/1273/361
f 1756/1274/362 1758/1276/363 1757/1277/363 1755/1275/362
f 1758/1276/363 1760/1278/364 1759/1279/364 1757/1277/363
f 1760/1278/364 1762/1280/365 1761/1281/365 1759/1279/364
f 1762/1280/365 1764/1282/366 1763/1283/366 1761/1281/365
f 1764/1282/366 1766/1284/367 1765/1285/367 1763/1283/366
f 1766/1284/367 1768/1286/368 1767/1287/368 1765/1285/367
f 1768/1286/368 1770/1288/369 1769/1289/369 1767/1287/368
f 1770/1288/369 1772/1290/370 1771/1291/370 1769/1289/369
f 1772/1290/370 1774/1292/371 1773/1293/371 1771/1291/370
f 1774/1292/371 1776/1294/372 1775/1295/372 1773/1293/371
f 1776/1294/372 1778/1296/373 1777/1297/373 1775/1295/372
f 1778/1296/373 1780/1298/374 1779/1299/374 1777/1297/373
f 1780/1298/374 1782/1300/375 1781/1301/375 1779/1299/374
f 1782/1300/375 1784/1302/376 1783/1303/376 1781/1301/375
f 1784/1302/376 1786/1304/377 1785/1305/377 1783/1303/376
f 1786/1304/377 1788/1306/378 1787/1307/378 1785/1305/377
f 1788/1306/378 1790/1308/379 1789/1309/379 1787/1307/378
f 1790/1308/379 1792/1310/380 1791/1311/380 1789/1309/379
f 1792/1310/380 1794/1312/381 1793/1313/381 1791/1311/380
f 1794/1312/381 1796/1314/382 1795/1315/382 1793/1313/381
f 1796/1314/382 1798/1316/383 1797/1317/383 1795/1315/382
f 1798/1316/383 1800/1318/384 1799/1319/384 1797/1317/383
f 1800/1318/384 1802/1320/385 1801/1321/385 1799/1319/384
f 1802/1320/385 1804/1322/386 1803/1323/386 1801/1321/385
f 1804/1322/386 1806/1324/387 1805/1325/387 1803/1323/386
f 1806/1324/387 1808/1326/388 1807/1327/388 1805/1325/387
f 1808/1326/388 1810/1328/389 1809/1329/389 1807/1327/388
f 1810/1328/389 1812/1330/390 1811/1331/390 1809/1329/389
f 1812/1330/390 1814/1332/391 1813/1333/391 1811/1331/390
f 1814/1332/391 1816/1334/392 1815/1335/392 1813/1333/391
f 1816/1334/392 1818/1336/393 1817/1337/393 1815/1335/392
f 1818/1336/393 1820/1338/394 1819/1339/394 1817/1337/393
f 1820/1338/394 1822/1340/395 1821/1341/395 1819/1339/394
f 1822/1340/395 1824/1342/396 1823/1343/396 1821/1341/395
f 1824/1342/396 1826/1344/397 1825/1345/397 1823/1343/396
f 1826/1344/397 1828/1346/398 1827/1347/398 1825/1345/397
f 1828/1346/398 1830/1348/399 1829/1349/399 1827/1347/398
f 1830/1348/399 1832/1350/400 1831/1351/400 1829/1349/399
f 1832/1350/400 1834/1352/401 1833/1353/401 1831/1351/400
f 1834/1352/401 1836/1354/402 1835/1355/402 1833/1353/401
f 1836/1354/402 1838/1356/403 1837/1357/403 1835/1355/402
f 1838/1356/403 1840/1358/404 1839/1359/404 1837/1357/403
f 1840/1358/404 1842/1360/405 1841/1361/405 1839/1359/404
f 1842/1360/405 1844/1362/406 1843/1363/406 1841/1361/405
f 1844/1362/406 1846/1364/407 1845/1365/407 1843/1363/406
f 1846/1364/407 1848/1366/408 1847/1367/408 1845/1365/407
f 1848/1366/408 1850/1368/409 1849/1369/409 1847/1367/408
f 1850/1368/409 1852/1370/410 1851/1371/410 1849/1369/409
f 1852/1370/410 1854/1372/411 1853/1373/411 1851/1371/410
f 1854/1372/411 1856/1374/412 1855/1375/412 1853/1373/411
f 1856/1374/412 1858/1376/413 1857/1377/413 1855/1375/412
f 1858/1376/413 1860/1378/414 1859/1379/414 1857/1377/413
f 1860/1378/414 1862/1380/415 1861/1381/415 1859/1379/414
f 1862/1380/415 1864/1382/416 1863/1383/416 1861/1381/415
f 1864/1382/416 1866/1384/417 1865/1385/417 1863/1383/416
f 1866/1384/417 1868/1386/418 1867/1387/418 1865/1385/417
f 1868/1386/418 1870/1388/419 1869/1389/419 1867/1387/418
f 1870/1388/419 1872/1390/420 1871/1391/420 1869/1389/419
f 1872/1390/420 1874/1392/421 1873/1393/421 1871/1391/420
f 1874/1392/421 1876/1394/422 1875/1395/422 1873/1393/421
f 1876/1394/422 1878/1396/423 1877/1397/423 1875/1395/422
f 1878/1396/423 1880/1398/424 1879/1399/424 1877/1397/423
f 1880/1398/424 1882/1400/425 1881/1401/425 1879/1399/424
f 1882/1400/425 1884/1402/426 1883/1403/426 1881/1401/425
f 1884/1402/426 1886/1404/427 1885/1405/427 1883/1403/426
f 1886/1404/427 1888/1406/428 1887/1407/428 1885/1405/427
f 1888/1406/428 1890/1408/429 1889/1409/429 1887/1407/428
f 1890/1408/429 1892/1410/430 1891/1411/430 1889/1409/429
f 1892/1410/430 1894/1412/431 1893/1413/431 1891/1411/430
f 1894/1412/431 1896/1414/432 1895/1415/432 1893/1413/431
f 1896/1414/432 1898/1416/433 1897/1417/433 1895/1415/432
f 1898/1416/433 1900/1418/434 1899/1419/434 1897/1417/433
f 1900/1418/434 1902/1420/435 1901/1421/435 1899/1419/434
f 1902/1420/435 1904/1422/436 1903/1423/436 1901/1421/435
f 1904/1422/436 1906/1424/437 1905/1425/437 1903/1423/436
f 1906/1424/437 1908/1426/438 1907/1427/438 1905/1425/437
f 1908/1426/438 1910/1428/439 1909/1429/439 1907/1427/438
f 1910/1428/439 1912/1430/440 1911/1431/440 1909/1429/439
f 1912/1430/440 1914/1432/441 1913/1433/441 1911/1431/440
f 1914/1432/441 1916/1434/442 1915/1435/442 1913/1433/441
f 1916/1434/442 1918/1436/443 1917/1437/443 1915/1435/442
f 1918/1436/443 1920/1438/444 1919/1439/444 1917/1437/443
f 1920/1438/444 1442/1440/225 1441/743/225 1919/1439/444
o Curve.001
v 1.389125 1.353882 -0.298333
v 1.163764 1.171423 -0.298333
v 0.942647 1.004826 -0.298333
v 0.725774 0.854093 -0.298333
v 0.513148 0.719229 -0.298333
v 0.304769 0.600238 -0.298332
v 0.100638 0.497125 -0.298332
v -0.099245 0.409894 -0.298332
v -0.294876 0.338548 -0.298332
v -0.486257 0.283092 -0.298332
v -0.673385 0.243529 -0.298332
v -0.856259 0.219865 -0.298332
v -0.856259 0.203470 -0.298332
v -0.856259 0.158144 -0.298332
v -0.856259 0.089674 -0.298332
v -0.856259 0.003844 -0.298332
v -0.856259 -0.093558 -0.298332
v -0.856259 -0.196746 -0.298332
v -0.856259 -0.299935 -0.298332
v -0.856259 -0.397337 -0.298332
v -0.856259 -0.483167 -0.298332
v -0.856259 -0.551638 -0.298332
v -0.856259 -0.596963 -0.298332
v -0.856259 -0.613358 -0.298332
v -0.708673 -0.565425 -0.298332
v -0.498192 -0.492507 -0.298332
v -0.235107 -0.390643 -0.298332
v 0.070291 -0.255873 -0.298332
v 0.407711 -0.084238 -0.298332
v 0.766864 0.128221 -0.298333
v 1.137460 0.385465 -0.298333
v 1.509206 0.691452 -0.298333
v 1.871814 1.050142 -0.298333
v 2.214991 1.465495 -0.298333
v 2.528447 1.941470 -0.298333
v 2.801893 2.482028 -0.298333
v 2.738437 2.414776 -0.298333
v 2.674634 2.349952 -0.298333
v 2.610463 2.287696 -0.298333
v 2.545906 2.228150 -0.298333
v 2.480942 2.171453 -0.298333
v 2.415551 2.117746 -0.298333
v 2.349712 2.067170 -0.298333
v 2.283407 2.019865 -0.298333
v 2.216614 1.975973 -0.298333
v 2.149314 1.935633 -0.298333
v 2.081487 1.898986 -0.298333
v 2.013113 1.866174 -0.298333
v 2.122835 1.992156 -0.298333
v 2.225493 2.116506 -0.298333
v 2.321338 2.239284 -0.298333
v 2.410620 2.360547 -0.298333
v 2.493588 2.480352 -0.298333
v 2.570493 2.598759 -0.298333
v 2.641585 2.715823 -0.298333
v 2.707113 2.831604 -0.298333
v 2.767328 2.946159 -0.298333
v 2.822481 3.059545 -0.298333
v 2.872820 3.171821 -0.298333
v 2.918597 3.283043 -0.298333
v 2.833200 3.153262 -0.298333
v 2.745921 3.031439 -0.298333
v 2.656600 2.918330 -0.298333
v 2.565078 2.814693 -0.298333
v 2.471197 2.721283 -0.298333
v 2.374797 2.638857 -0.298333
v 2.275720 2.568171 -0.298333
v 2.173808 2.509981 -0.298333
v 2.068900 2.465044 -0.298333
v 1.960839 2.434116 -0.298333
v 1.849465 2.417954 -0.298333
v 1.734621 2.417313 -0.298333
v 1.627686 2.433948 -0.298333
v 1.514895 2.467088 -0.298333
v 1.394960 2.511385 -0.298333
v 1.266590 2.561490 -0.298333
v 1.128495 2.612056 -0.298333
v 0.979386 2.657734 -0.298333
v 0.817974 2.693177 -0.298333
v 0.642967 2.713037 -0.298333
v 0.453077 2.711965 -0.298332
v 0.247015 2.684614 -0.298332
v 0.023490 2.625635 -0.298332
v -0.218787 2.529680 -0.298332
v -0.167989 2.772718 -0.298332
v -0.101370 3.013381 -0.298332
v -0.020915 3.247794 -0.298332
v 0.071389 3.472080 -0.298332
v 0.173559 3.682364 -0.298332
v 0.283609 3.874770 -0.298332
v 0.399555 4.045422 -0.298332
v 0.519410 4.190444 -0.298333
v 0.641191 4.305961 -0.298333
v 0.762912 4.388097 -0.298333
v 0.882587 4.432975 -0.298333
v 0.998233 4.436721 -0.298333
v 1.071835 4.413356 -0.298333
v 1.131906 4.369998 -0.298333
v 1.178957 4.308025 -0.298333
v 1.213495 4.228811 -0.298333
v 1.236030 4.133733 -0.298333
v 1.247069 4.024166 -0.298333
v 1.247123 3.901486 -0.298333
v 1.236700 3.767068 -0.298333
v 1.216307 3.622289 -0.298333
v 1.186456 3.468525 -0.298333
v 1.147654 3.307150 -0.298333
v 1.100410 3.139542 -0.298333
v 1.184296 3.305050 -0.298333
v 1.258548 3.466063 -0.298333
v 1.322411 3.622227 -0.298333
v 1.375126 3.773189 -0.298333
v 1.415938 3.918594 -0.298333
v 1.444091 4.058091 -0.298333
v 1.458827 4.191325 -0.298333
v 1.459389 4.317944 -0.298333
v 1.445023 4.437594 -0.298333
v 1.414970 4.549922 -0.298333
v 1.368474 4.654574 -0.298333
v 1.304778 4.751198 -0.298333
v 1.245213 4.797855 -0.298333
v 1.181894 4.834446 -0.298333
v 1.115127 4.860768 -0.298333
v 1.045211 4.876616 -0.298333
v 0.972448 4.881786 -0.298333
v 0.897140 4.876073 -0.298333
v 0.819589 4.859274 -0.298333
v 0.740094 4.831182 -0.298333
v 0.658958 4.791596 -0.298333
v 0.576483 4.740309 -0.298333
v 0.492969 4.677118 -0.298333
v 0.408718 4.601818 -0.298332
v 0.161856 4.340672 -0.298332
v -0.054130 4.064238 -0.298332
v -0.240895 3.773335 -0.298332
v -0.400099 3.468782 -0.298332
v -0.533398 3.151403 -0.298332
v -0.642447 2.822016 -0.298332
v -0.728905 2.481443 -0.298332
v -0.794429 2.130504 -0.298332
v -0.840675 1.770020 -0.298332
v -0.869302 1.400811 -0.298332
v -0.881966 1.023697 -0.298332
v -0.880323 0.639501 -0.298332
v -0.782041 0.874005 -0.298332
v -0.661337 1.076203 -0.298332
v -0.518939 1.247145 -0.298332
v -0.355575 1.387880 -0.298332
v -0.171972 1.499456 -0.298332
v 0.031138 1.582924 -0.298332
v 0.253032 1.639332 -0.298332
v 0.492979 1.669730 -0.298333
v 0.750249 1.675166 -0.298333
v 1.024117 1.656690 -0.298333
v 1.313854 1.615350 -0.298333
v 1.618732 1.552197 -0.298333
v 1.389125 1.353882 0.298335
v 1.163764 1.171423 0.298335
v 0.942647 1.004826 0.298335
v 0.725774 0.854093 0.298335
v 0.513148 0.719229 0.298335
v 0.304769 0.600238 0.298335
v 0.100638 0.497125 0.298335
v -0.099245 0.409894 0.298335
v -0.294876 0.338548 0.298335
v -0.486257 0.283092 0.298335
v -0.673385 0.243529 0.298335
v -0.856259 0.219865 0.298335
v -0.856259 0.203470 0.298335
v -0.856259 0.158144 0.298335
v -0.856259 0.089674 0.298335
v -0.856259 0.003844 0.298335
v -0.856259 -0.093558 0.298335
v -0.856259 -0.196746 0.298335
v -0.856259 -0.299935 0.298335
v -0.856259 -0.397337 0.298335
v -0.856259 -0.483167 0.298335
v -0.856259 -0.551638 0.298335
v -0.856259 -0.596963 0.298335
v -0.856259 -0.613358 0.298335
v -0.708673 -0.565425 0.298335
v -0.498192 -0.492507 0.298335
v -0.235107 -0.390643 0.298335
v 0.070291 -0.255873 0.298335
v 0.407711 -0.084238 0.298335
v 0.766864 0.128221 0.298335
v 1.137460 0.385465 0.298335
v 1.509206 0.691452 0.298335
v 1.871814 1.050142 0.298335
v 2.214991 1.465495 0.298335
v 2.528447 1.941470 0.298335
v 2.801893 2.482028 0.298335
v 2.738437 2.414776 0.298335
v 2.674634 2.349952 0.298335
v 2.610463 2.287696 0.298335
v 2.545906 2.228150 0.298335
v 2.480942 2.171453 0.298335
v 2.415551 2.117746 0.298335
v 2.349712 2.067170 0.298335
v 2.283407 2.019865 0.298335
v 2.216614 1.975973 0.298335
v 2.149314 1.935633 0.298335
v 2.081487 1.898986 0.298335
v 2.013113 1.866174 0.298335
v 2.122835 1.992156 0.298335
v 2.225493 2.116506 0.298335
v 2.321338 2.239284 0.298335
v 2.410620 2.360547 0.298335
v 2.493588 2.480352 0.298335
v 2.570493 2.598759 0.298335
v 2.641585 2.715823 0.298335
v 2.707113 2.831604 0.298335
v 2.767328 2.946159 0.298335
v 2.822481 3.059545 0.298335
v 2.872820 3.171821 0.298335
v 2.918597 3.283043 0.298335
v 2.833200 3.153262 0.298335
v 2.745921 3.031439 0.298335
v 2.656600 2.918330 0.298335
v 2.565078 2.814693 0.298335
v 2.471197 2.721283 0.298335
v 2.374797 2.638857 0.298335
v 2.275720 2.568171 0.298335
v 2.173808 2.509981 0.298335
v 2.068900 2.465044 0.298335
v 1.960839 2.434116 0.298335
v 1.849465 2.417954 0.298335
v 1.734621 2.417313 0.298335
v 1.627686 2.433948 0.298335
v 1.514895 2.467088 0.298335
v 1.394960 2.511385 0.298335
v 1.266590 2.561490 0.298335
v 1.128495 2.612056 0.298335
v 0.979386 2.657734 0.298335
v 0.817974 2.693177 0.298335
v 0.642967 2.713037 0.298335
v 0.453077 2.711965 0.298335
v 0.247015 2.684614 0.298335
v 0.023490 2.625635 0.298335
v -0.218787 2.529680 0.298335
v -0.167989 2.772718 0.298335
v -0.101370 3.013381 0.298335
v -0.020915 3.247794 0.298335
v 0.071389 3.472080 0.298335
v 0.173559 3.682364 0.298335
v 0.283609 3.874770 0.298335
v 0.399555 4.045422 0.298335
v 0.519410 4.190444 0.298335
v 0.641191 4.305961 0.298335
v 0.762912 4.388097 0.298335
v 0.882587 4.432975 0.298335
v 0.998233 4.436721 0.298335
v 1.071835 4.413356 0.298335
v 1.131906 4.369998 0.298335
v 1.178957 4.308025 0.298335
v 1.213495 4.228811 0.298335
v 1.236030 4.133733 0.298335
v 1.247069 4.024166 0.298335
v 1.247123 3.901486 0.298335
v 1.236700 3.767068 0.298335
v 1.216307 3.622289 0.298335
v 1.186456 3.468525 0.298335
v 1.147654 3.307150 0.298335
v 1.100410 3.139542 0.298335
v 1.184296 3.305050 0.298335
v 1.258548 3.466063 0.298335
v 1.322411 3.622227 0.298335
v 1.375126 3.773189 0.298335
v 1.415938 3.918594 0.298335
v 1.444091 4.058091 0.298335
v 1.458827 4.191325 0.298335
v 1.459389 4.317944 0.298335
v 1.445023 4.437594 0.298335
v 1.414970 4.549922 0.298335
v 1.368474 4.654574 0.298335
v 1.304778 4.751198 0.298335
v 1.245213 4.797855 0.298335
v 1.181894 4.834446 0.298335
v 1.115127 4.860768 0.298335
v 1.045211 4.876616 0.298335
v 0.972448 4.881786 0.298335
v 0.897140 4.876073 0.298335
v 0.819589 4.859274 0.298335
v 0.740094 4.831182 0.298335
v 0.658958 4.791596 0.298335
v 0.576483 4.740309 0.298335
v 0.492969 4.677118 0.298335
v 0.408718 4.601818 0.298335
v 0.161856 4.340672 0.298335
v -0.054130 4.064238 0.298335
v -0.240895 3.773335 0.298335
v -0.400099 3.468782 0.298335
v -0.533398 3.151403 0.298335
v -0.642447 2.822016 0.298335
v -0.728905 2.481443 0.298335
v -0.794429 2.130504 0.298335
v -0.840675 1.770020 0.298335
v -0.869302 1.400811 0.298335
v -0.881966 1.023697 0.298335
v -0.880323 0.639501 0.298335
v -0.782041 0.874005 0.298335
v -0.661337 1.076203 0.298335
v -0.518939 1.247145 0.298335
v -0.355575 1.387880 0.298335
v -0.171972 1.499456 0.298335
v 0.031138 1.582924 0.298335
v 0.253032 1.639332 0.298335
v 0.492979 1.669730 0.298335
v 0.750249 1.675166 0.298335
v 1.024117 1.656690 0.298335
v 1.313854 1.615350 0.298335
v 1.618732 1.552197 0.298335
v 1.389125 1.353882 0.298335
v 1.389125 1.353882 -0.298333
v 1.163764 1.171423 0.298335
v 1.163764 1.171423 -0.298333
v 0.942647 1.004826 0.298335
v 0.942647 1.004826 -0.298333
v 0.725774 0.854093 0.298335
v 0.725774 0.854093 -0.298333
v 0.513148 0.719229 0.298335
v 0.513148 0.719229 -0.298333
v 0.304769 0.600238 0.298335
v 0.304769 0.600238 -0.298332
v 0.100638 0.497125 0.298335
v 0.100638 0.497125 -0.298332
v -0.099245 0.409894 0.298335
v -0.099245 0.409894 -0.298332
v -0.294876 0.338548 0.298335
v -0.294876 0.338548 -0.298332
v -0.486257 0.283092 0.298335
v -0.486257 0.283092 -0.298332
v -0.673385 0.243529 0.298335
v -0.673385 0.243529 -0.298332
v -0.856259 0.219865 0.298335
v -0.856259 0.219865 -0.298332
v -0.856259 0.203470 0.298335
v -0.856259 0.203470 -0.298332
v -0.856259 0.158144 0.298335
v -0.856259 0.158144 -0.298332
v -0.856259 0.089674 0.298335
v -0.856259 0.089674 -0.298332
v -0.856259 0.003844 0.298335
v -0.856259 0.003844 -0.298332
v -0.856259 -0.093558 0.298335
v -0.856259 -0.093558 -0.298332
v -0.856259 -0.196746 0.298335
v -0.856259 -0.196746 -0.298332
v -0.856259 -0.299935 0.298335
v -0.856259 -0.299935 -0.298332
v -0.856259 -0.397337 0.298335
v -0.856259 -0.397337 -0.298332
v -0.856259 -0.483167 0.298335
v -0.856259 -0.483167 -0.298332
v -0.856259 -0.551638 0.298335
v -0.856259 -0.551638 -0.298332
v -0.856259 -0.596963 0.298335
v -0.856259 -0.596963 -0.298332
v -0.856259 -0.613358 0.298335
v -0.856259 -0.613358 -0.298332
v -0.708673 -0.565425 0.298335
v -0.708673 -0.565425 -0.298332
v -0.498192 -0.492507 0.298335
v -0.498192 -0.492507 -0.298332
v -0.235107 -0.390643 0.298335
v -0.235107 -0.390643 -0.298332
v 0.070291 -0.255873 0.298335
v 0.070291 -0.255873 -0.298332
v 0.407711 -0.084238 0.298335
v 0.407711 -0.084238 -0.298332
v 0.766864 0.128221 0.298335
v 0.766864 0.128221 -0.298333
v 1.137460 0.385465 0.298335
v 1.137460 0.385465 -0.298333
v 1.509206 0.691452 0.298335
v 1.509206 0.691452 -0.298333
v 1.871814 1.050142 0.298335
v 1.871814 1.050142 -0.298333
v 2.214991 1.465495 0.298335
v 2.214991 1.465495 -0.298333
v 2.528447 1.941470 0.298335
v 2.528447 1.941470 -0.298333
v 2.801893 2.482028 0.298335
v 2.801893 2.482028 -0.298333
v 2.738437 2.414776 0.298335
v 2.738437 2.414776 -0.298333
v 2.674634 2.349952 0.298335
v 2.674634 2.349952 -0.298333
v 2.610463 2.287696 0.298335
v 2.610463 2.287696 -0.298333
v 2.545906 2.228150 0.298335
v 2.545906 2.228150 -0.298333
v 2.480942 2.171453 0.298335
v 2.480942 2.171453 -0.298333
v 2.415551 2.117746 0.298335
v 2.415551 2.117746 -0.298333
v 2.349712 2.067170 0.298335
v 2.349712 2.067170 -0.298333
v 2.283407 2.019865 0.298335
v 2.283407 2.019865 -0.298333
v 2.216614 1.975973 0.298335
v 2.216614 1.975973 -0.298333
v 2.149314 1.935633 0.298335
v 2.149314 1.935633 -0.298333
v 2.081487 1.898986 0.298335
v 2.081487 1.898986 -0.298333
v 2.013113 1.866174 0.298335
v 2.013113 1.866174 -0.298333
v 2.122835 1.992156 0.298335
v 2.122835 1.992156 -0.298333
v 2.225493 2.116506 0.298335
v 2.225493 2.116506 -0.298333
v 2.321338 2.239284 0.298335
v 2.321338 2.239284 -0.298333
v 2.410620 2.360547 0.298335
v 2.410620 2.360547 -0.298333
v 2.493588 2.480352 0.298335
v 2.493588 2.480352 -0.298333
v 2.570493 2.598759 0.298335
v 2.570493 2.598759 -0.298333
v 2.641585 2.715823 0.298335
v 2.641585 2.715823 -0.298333
v 2.707113 2.831604 0.298335
v 2.707113 2.831604 -0.298333
v 2.767328 2.946159 0.298335
v 2.767328 2.946159 -0.298333
v 2.822481 3.059545 0.298335
v 2.822481 3.059545 -0.298333
v 2.872820 3.171821 0.298335
v 2.872820 3.171821 -0.298333
v 2.918597 3.283043 0.298335
v 2.918597 3.283043 -0.298333
v 2.833200 3.153262 0.298335
v 2.833200 3.153262 -0.298333
v 2.745921 3.031439 0.298335
v 2.745921 3.031439 -0.298333
v 2.656600 2.918330 0.298335
v 2.656600 2.918330 -0.298333
v 2.565078 2.814693 0.298335
v 2.565078 2.814693 -0.298333
v 2.471197 2.721283 0.298335
v 2.471197 2.721283 -0.298333
v 2.374797 2.638857 0.298335
v 2.374797 2.638857 -0.298333
v 2.275720 2.568171 0.298335
v 2.275720 2.568171 -0.298333
v 2.173808 2.509981 0.298335
v 2.173808 2.509981 -0.298333
v 2.068900 2.465044 0.298335
v 2.068900 2.465044 -0.298333
v 1.960839 2.434116 0.298335
v 1.960839 2.434116 -0.298333
v 1.849465 2.417954 0.298335
v 1.849465 2.417954 -0.298333
v 1.734621 2.417313 0.298335
v 1.734621 2.417313 -0.298333
v 1.627686 2.433948 0.298335
v 1.627686 2.433948 -0.298333
v 1.514895 2.467088 0.298335
v 1.514895 2.467088 -0.298333
v 1.394960 2.511385 0.298335
v 1.394960 2.511385 -0.298333
v 1.266590 2.561490 0.298335
v 1.266590 2.561490 -0.298333
v 1.128495 2.612056 0.298335
v 1.128495 2.612056 -0.298333
v 0.979386 2.657734 0.298335
v 0.979386 2.657734 -0.298333
v 0.817974 2.693177 0.298335
v 0.817974 2.693177 -0.298333
v 0.642967 2.713037 0.298335
v 0.642967 2.713037 -0.298333
v 0.453077 2.711965 0.298335
v 0.453077 2.711965 -0.298332
v 0.247015 2.684614 0.298335
v 0.247015 2.684614 -0.298332
v 0.023490 2.625635 0.298335
v 0.023490 2.625635 -0.298332
v -0.218787 2.529680 0.298335
v -0.218787 2.529680 -0.298332
v -0.167989 2.772718 0.298335
v -0.167989 2.772718 -0.298332
v -0.101370 3.013381 0.298335
v -0.101370 3.013381 -0.298332
v -0.020915 3.247794 0.298335
v -0.020915 3.247794 -0.298332
v 0.071389 3.472080 0.298335
v 0.071389 3.472080 -0.298332
v 0.173559 3.682364 0.298335
v 0.173559 3.682364 -0.298332
v 0.283609 3.874770 0.298335
v 0.283609 3.874770 -0.298332
v 0.399555 4.045422 0.298335
v 0.399555 4.045422 -0.298332
v 0.519410 4.190444 0.298335
v 0.519410 4.190444 -0.298333
v 0.641191 4.305961 0.298335
v 0.641191 4.305961 -0.298333
v 0.762912 4.388097 0.298335
v 0.762912 4.388097 -0.298333
v 0.882587 4.432975 0.298335
v 0.882587 4.432975 -0.298333
v 0.998233 4.436721 0.298335
v 0.998233 4.436721 -0.298333
v 1.071835 4.413356 0.298335
v 1.071835 4.413356 -0.298333
v 1.131906 4.369998 0.298335
v 1.131906 4.369998 -0.298333
v 1.178957 4.308025 0.298335
v 1.178957 4.308025 -0.298333
v 1.213495 4.228811 0.298335
v 1.213495 4.228811 -0.298333
v 1.236030 4.133733 0.298335
v 1.236030 4.133733 -0.298333
v 1.247069 4.024166 0.298335
v 1.247069 4.024166 -0.298333
v 1.247123 3.901486 0.298335
v 1.247123 3.901486 -0.298333
v 1.236700 3.767068 0.298335
v 1.236700 3.767068 -0.298333
v 1.216307 3.622289 0.298335
v 1.216307 3.622289 -0.298333
v 1.186456 3.468525 0.298335
v 1.186456 3.468525 -0.298333
v 1.147654 3.307150 0.298335
v 1.147654 3.307150 -0.298333
v 1.100410 3.139542 0.298335
v 1.100410 3.139542 -0.298333
v 1.184296 3.305050 0.298335
v 1.184296 3.305050 -0.298333
v 1.258548 3.466063 0.298335
v 1.258548 3.466063 -0.298333
v 1.322411 3.622227 0.298335
v 1.322411 3.622227 -0.298333
v 1.375126 3.773189 0.298335
v 1.375126 3.773189 -0.298333
v 1.415938 3.918594 0.298335
v 1.415938 3.918594 -0.298333
v 1.444091 4.058091 0.298335
v 1.444091 4.058091 -0.298333
v 1.458827 4.191325 0.298335
v 1.458827 4.191325 -0.298333
v 1.459389 4.317944 0.298335
v 1.459389 4.317944 -0.298333
v 1.445023 4.437594 0.298335
v 1.445023 4.437594 -0.298333
v 1.414970 4.549922 0.298335
v 1.414970 4.549922 -0.298333
v 1.368474 4.654574 0.298335
v 1.368474 4.654574 -0.298333
v 1.304778 4.751198 0.298335
v 1.304778 4.751198 -0.298333
v 1.245213 4.797855 0.298335
v 1.245213 4.797855 -0.298333
v 1.181894 4.834446 0.298335
v 1.181894 4.834446 -0.298333
v 1.115127 4.860768 0.298335
v 1.115127 4.860768 -0.298333
v 1.045211 4.876616 0.298335
v 1.045211 4.876616 -0.298333
v 0.972448 4.881786 0.298335
v 0.972448 4.881786 -0.298333
v 0.897140 4.876073 0.298335
v 0.897140 4.876073 -0.298333
v 0.819589 4.859274 0.298335
v 0.819589 4.859274 -0.298333
v 0.740094 4.831182 0.298335
v 0.740094 4.831182 -0.298333
v 0.658958 4.791596 0.298335
v 0.658958 4.791596 -0.298333
v 0.576483 4.740309 0.298335
v 0.576483 4.740309 -0.298333
v 0.492969 4.677118 0.298335
v 0.492969 4.677118 -0.298333
v 0.408718 4.601818 0.298335
v 0.408718 4.601818 -0.298332
v 0.161856 4.340672 0.298335
v 0.161856 4.340672 -0.298332
v -0.054130 4.064238 0.298335
v -0.054130 4.064238 -0.298332
v -0.240895 3.773335 0.298335
v -0.240895 3.773335 -0.298332
v -0.400099 3.468782 0.298335
v -0.400099 3.468782 -0.298332
v -0.533398 3.151403 0.298335
v -0.533398 3.151403 -0.298332
v -0.642447 2.822016 0.298335
v -0.642447 2.822016 -0.298332
v -0.728905 2.481443 0.298335
v -0.728905 2.481443 -0.298332
v -0.794429 2.130504 0.298335
v -0.794429 2.130504 -0.298332
v -0.840675 1.770020 0.298335
v -0.840675 1.770020 -0.298332
v -0.869302 1.400811 0.298335
v -0.869302 1.400811 -0.298332
v -0.881966 1.023697 0.298335
v -0.881966 1.023697 -0.298332
v -0.880323 0.639501 0.298335
v -0.880323 0.639501 -0.298332
v -0.782041 0.874005 0.298335
v -0.782041 0.874005 -0.298332
v -0.661337 1.076203 0.298335
v -0.661337 1.076203 -0.298332
v -0.518939 1.247145 0.298335
v -0.518939 1.247145 -0.298332
v -0.355575 1.387880 0.298335
v -0.355575 1.387880 -0.298332
v -0.171972 1.499456 0.298335
v -0.171972 1.499456 -0.298332
v 0.031138 1.582924 0.298335
v 0.031138 1.582924 -0.298332
v 0.253032 1.639332 0.298335
v 0.253032 1.639332 -0.298332
v 0.492979 1.669730 0.298335
v 0.492979 1.669730 -0.298333
v 0.750249 1.675166 0.298335
v 0.750249 1.675166 -0.298333
v 1.024117 1.656690 0.298335
v 1.024117 1.656690 -0.298333
v 1.313854 1.615350 0.298335
v 1.313854 1.615350 -0.298333
v 1.618732 1.552197 0.298335
v 1.618732 1.552197 -0.298333
vn -0.0000 -0.0000 -1.0000
vn -0.0000 -0.0000 1.0000
vn -0.6415 0.7671 -0.0000
vn -0.6156 0.7881 -0.0000
vn -0.5863 0.8101 -0.0000
vn -0.5533 0.8330 -0.0000
vn -0.5159 0.8567 -0.0000
vn -0.4735 0.8808 -0.0000
vn -0.4256 0.9049 -0.0000
vn -0.3715 0.9284 -0.0000
vn -0.3106 0.9505 -0.0000
vn -0.2427 0.9701 -0.0000
vn -0.1677 0.9858 -0.0000
vn -0.7511 0.6602 -0.0000
vn -1.0000 -0.0000 -0.0000
vn -0.5878 -0.8090 -0.0000
vn 0.3181 -0.9480 -0.0000
vn 0.3443 -0.9389 -0.0000
vn 0.3825 -0.9240 -0.0000
vn 0.4287 -0.9034 -0.0000
vn 0.4815 -0.8764 -0.0000
vn 0.5400 -0.8416 -0.0000
vn 0.6034 -0.7975 -0.0000
vn 0.6701 -0.7423 -0.0000
vn 0.7380 -0.6748 -0.0000
vn 0.8042 -0.5943 -0.0000
vn 0.8652 -0.5015 -0.0000
vn 0.5748 0.8183 -0.0000
vn -0.7201 0.6939 -0.0000
vn -0.7046 0.7096 -0.0000
vn -0.6872 0.7265 -0.0000
vn -0.6678 0.7443 -0.0000
vn -0.6462 0.7632 -0.0000
vn -0.6220 0.7830 -0.0000
vn -0.5951 0.8037 -0.0000
vn -0.5651 0.8250 -0.0000
vn -0.5318 0.8469 -0.0000
vn -0.4949 0.8690 -0.0000
vn -0.4541 0.8909 -0.0000
vn 0.7956 0.6059 -0.0000
vn 0.7627 -0.6468 -0.0000
vn 0.7798 -0.6261 -0.0000
vn 0.7968 -0.6042 -0.0000
vn 0.8138 -0.5812 -0.0000
vn 0.8305 -0.5571 -0.0000
vn 0.8468 -0.5319 -0.0000
vn 0.8626 -0.5059 -0.0000
vn 0.8778 -0.4790 -0.0000
vn 0.8923 -0.4514 -0.0000
vn 0.9060 -0.4233 -0.0000
vn 0.9187 -0.3949 -0.0000
vn 0.4673 0.8841 -0.0000
vn -0.8243 0.5662 -0.0000
vn -0.7991 0.6012 -0.0000
vn -0.7675 0.6411 -0.0000
vn -0.7278 0.6858 -0.0000
vn -0.6781 0.7350 -0.0000
vn -0.6159 0.7878 -0.0000
vn -0.5390 0.8423 -0.0000
vn -0.4455 0.8953 -0.0000
vn -0.3351 0.9422 -0.0000
vn -0.2099 0.9777 -0.0000
vn -0.0748 0.9972 -0.0000
vn 0.0743 0.9972 -0.0000
vn 0.2183 0.9759 -0.0000
vn 0.3144 0.9493 -0.0000
vn 0.3550 0.9348 -0.0000
vn 0.3537 0.9353 -0.0000
vn 0.3185 0.9479 -0.0000
vn 0.2539 0.9672 -0.0000
vn 0.1638 0.9865 -0.0000
vn 0.0536 0.9986 -0.0000
vn -0.0687 0.9976 -0.0000
vn -0.1937 0.9811 -0.0000
vn -0.3122 0.9500 -0.0000
vn 0.6441 0.7649 -0.0000
vn 0.9718 -0.2358 -0.0000
vn 0.9552 -0.2958 -0.0000
vn 0.9357 -0.3528 -0.0000
vn 0.9125 -0.4090 -0.0000
vn 0.8842 -0.4670 -0.0000
vn 0.8482 -0.5296 -0.0000
vn 0.7999 -0.6002 -0.0000
vn 0.7309 -0.6825 -0.0000
vn 0.6259 -0.7799 -0.0000
vn 0.4584 -0.8887 -0.0000
vn 0.1943 -0.9809 -0.0000
vn -0.1371 -0.9906 -0.0000
vn -0.4496 -0.8932 -0.0000
vn -0.6985 -0.7156 -0.0000
vn -0.8627 -0.5058 -0.0000
vn -0.9486 -0.3164 -0.0000
vn -0.9862 -0.1658 -0.0000
vn -0.9987 -0.0504 -0.0000
vn -0.9993 0.0385 -0.0000
vn -0.9941 0.1084 -0.0000
vn -0.9863 0.1651 -0.0000
vn -0.9772 0.2122 -0.0000
vn -0.9676 0.2526 -0.0000
vn -0.3634 -0.9316 -0.0000
vn 0.9002 -0.4355 -0.0000
vn 0.9171 -0.3987 -0.0000
vn 0.9352 -0.3542 -0.0000
vn 0.9539 -0.3001 -0.0000
vn 0.9722 -0.2342 -0.0000
vn 0.9881 -0.1540 -0.0000
vn 0.9984 -0.0573 -0.0000
vn 0.9983 0.0575 -0.0000
vn 0.9819 0.1893 -0.0000
vn 0.9428 0.3333 -0.0000
vn 0.8774 0.4798 -0.0000
vn 0.7354 0.6777 -0.0000
vn 0.5599 0.8286 -0.0000
vn 0.4348 0.9005 -0.0000
vn 0.2948 0.9556 -0.0000
vn 0.1464 0.9892 -0.0000
vn -0.0024 1.0000 -0.0000
vn -0.1440 0.9896 -0.0000
vn -0.2730 0.9620 -0.0000
vn -0.3865 0.9223 -0.0000
vn -0.4839 0.8751 -0.0000
vn -0.5663 0.8242 -0.0000
vn -0.6354 0.7722 -0.0000
vn -0.6972 0.7169 -0.0000
vn -0.7582 0.6520 -0.0000
vn -0.8156 0.5786 -0.0000
vn -0.8647 0.5023 -0.0000
vn -0.9049 0.4256 -0.0000
vn -0.9364 0.3510 -0.0000
vn -0.9599 0.2804 -0.0000
vn -0.9766 0.2149 -0.0000
vn -0.9878 0.1555 -0.0000
vn -0.9948 0.1023 -0.0000
vn -0.9985 0.0554 -0.0000
vn -0.9999 0.0146 -0.0000
vn -0.1950 -0.9808 -0.0000
vn 0.8927 -0.4507 -0.0000
vn 0.8160 -0.5781 -0.0000
vn 0.7129 -0.7012 -0.0000
vn 0.5880 -0.8089 -0.0000
vn 0.4511 -0.8925 -0.0000
vn 0.3140 -0.9494 -0.0000
vn 0.1864 -0.9825 -0.0000
vn 0.0735 -0.9973 -0.0000
vn -0.0231 -0.9997 -0.0000
vn -0.1044 -0.9945 -0.0000
vn -0.1721 -0.9851 -0.0000
vn -0.9679 -0.2514 -0.0000
vt 0.909677 0.000000
vt 0.922581 0.000000
vt 0.916129 0.000000
vt 0.929032 0.000000
vt 0.903226 0.000000
vt 0.064516 0.000000
vt 0.077419 0.000000
vt 0.070968 0.000000
vt 0.083871 0.000000
vt 0.090323 0.000000
vt 0.096774 0.000000
vt 0.103226 0.000000
vt 0.109677 0.000000
vt 0.116129 0.000000
vt 0.122581 0.000000
vt 0.129032 0.000000
vt 0.135484 0.000000
vt 0.141935 0.000000
vt 0.148387 0.000000
vt 0.154839 0.000000
vt 0.896774 0.000000
vt 0.890323 0.000000
vt 0.935484 0.000000
vt 0.883871 0.000000
vt 0.161290 0.000000
vt 0.058065 0.000000
vt 0.941935 0.000000
vt 0.877419 0.000000
vt 0.870968 0.000000
vt 0.948387 0.000000
vt 0.167742 0.000000
vt 0.051613 0.000000
vt 0.864516 0.000000
vt 0.535484 0.000000
vt 0.954839 0.000000
vt 0.045161 0.000000
vt 0.858065 0.000000
vt 0.174194 0.000000
vt 0.541936 0.000000
vt 0.529032 0.000000
vt 0.961290 0.000000
vt 0.548387 0.000000
vt 0.554839 0.000000
vt 0.038710 0.000000
vt 0.851613 0.000000
vt 0.561290 0.000000
vt 0.522581 0.000000
vt 0.967742 0.000000
vt 0.180645 0.000000
vt 0.567742 0.000000
vt 0.032258 0.000000
vt 0.845161 0.000000
vt 0.574194 0.000000
vt 0.516129 0.000000
vt 0.974194 0.000000
vt 0.580645 0.000000
vt 0.025806 0.000000
vt 0.587097 0.000000
vt 0.187097 0.000000
vt 0.838710 0.000000
vt 0.509677 0.000000
vt 0.832258 0.000000
vt 0.980645 0.000000
vt 0.019355 0.000000
vt 0.593548 0.000000
vt 0.825806 0.000000
vt 0.600000 0.000000
vt 0.503226 0.000000
vt 0.819355 0.000000
vt 0.012903 0.000000
vt 0.812903 0.000000
vt 0.987097 0.000000
vt 0.606452 0.000000
vt 0.193548 0.000000
vt 0.496774 0.000000
vt 0.806452 0.000000
vt 0.612903 0.000000
vt 0.800000 0.000000
vt 0.006452 0.000000
vt 0.793548 0.000000
vt 0.490323 0.000000
vt 0.619355 0.000000
vt 0.993548 0.000000
vt 0.787097 0.000000
vt 0.625806 0.000000
vt 0.683871 0.000000
vt 0.696774 0.000000
vt 0.690323 0.000000
vt 0.780645 0.000000
vt 0.483871 0.000000
vt 0.632258 0.000000
vt 0.200000 0.000000
vt 0.677419 0.000000
vt 0.000000 0.000000
vt 0.638710 0.000000
vt 0.774194 0.000000
vt 0.703226 0.000000
vt 0.670968 0.000000
vt 0.645161 0.000000
vt 0.664516 0.000000
vt 0.651613 0.000000
vt 0.658065 0.000000
vt 0.767742 0.000000
vt 0.709677 0.000000
vt 0.477419 0.000000
vt 0.761290 0.000000
vt 1.000000 0.000000
vt 0.716129 0.000000
vt 0.754839 0.000000
vt 0.722581 0.000000
vt 0.470968 0.000000
vt 0.748387 0.000000
vt 0.729032 0.000000
vt 0.735484 0.000000
vt 0.741935 0.000000
vt 0.206452 0.000000
vt 0.464516 0.000000
vt 0.458065 0.000000
vt 0.451613 0.000000
vt 0.445161 0.000000
vt 0.303226 0.000000
vt 0.212903 0.000000
vt 0.438710 0.000000
vt 0.309677 0.000000
vt 0.296774 0.000000
vt 0.432258 0.000000
vt 0.290323 0.000000
vt 0.316129 0.000000
vt 0.283871 0.000000
vt 0.425806 0.000000
vt 0.219355 0.000000
vt 0.277419 0.000000
vt 0.322581 0.000000
vt 0.419355 0.000000
vt 0.270968 0.000000
vt 0.329032 0.000000
vt 0.264516 0.000000
vt 0.412903 0.000000
vt 0.335484 0.000000
vt 0.258065 0.000000
vt 0.406452 0.000000
vt 0.251613 0.000000
vt 0.341935 0.000000
vt 0.245161 0.000000
vt 0.238710 0.000000
vt 0.232258 0.000000
vt 0.225806 0.000000
vt 0.400000 0.000000
vt 0.348387 0.000000
vt 0.354839 0.000000
vt 0.393548 0.000000
vt 0.361290 0.000000
vt 0.387097 0.000000
vt 0.367742 0.000000
vt 0.374194 0.000000
vt 0.380645 0.000000
vt 0.000000 1.000000
vt 0.006410 1.000000
vt 0.006410 0.000000
vt 0.012821 1.000000
vt 0.012821 0.000000
vt 0.019231 1.000000
vt 0.019231 0.000000
vt 0.025641 1.000000
vt 0.025641 0.000000
vt 0.032051 1.000000
vt 0.032051 0.000000
vt 0.038462 1.000000
vt 0.038462 0.000000
vt 0.044872 1.000000
vt 0.044872 0.000000
vt 0.051282 1.000000
vt 0.051282 0.000000
vt 0.057692 1.000000
vt 0.057692 0.000000
vt 0.064103 1.000000
vt 0.064103 0.000000
vt 0.070513 1.000000
vt 0.070513 0.000000
vt 0.076923 1.000000
vt 0.076923 0.000000
vt 0.083333 1.000000
vt 0.083333 0.000000
vt 0.089744 1.000000
vt 0.089744 0.000000
vt 0.096154 1.000000
vt 0.096154 0.000000
vt 0.102564 1.000000
vt 0.102564 0.000000
vt 0.108974 1.000000
vt 0.108974 0.000000
vt 0.115385 1.000000
vt 0.115385 0.000000
vt 0.121795 1.000000
vt 0.121795 0.000000
vt 0.128205 1.000000
vt 0.128205 0.000000
vt 0.134615 1.000000
vt 0.134615 0.000000
vt 0.141026 1.000000
vt 0.141026 0.000000
vt 0.147436 1.000000
vt 0.147436 0.000000
vt 0.153846 1.000000
vt 0.153846 0.000000
vt 0.160256 1.000000
vt 0.160256 0.000000
vt 0.166667 1.000000
vt 0.166667 0.000000
vt 0.173077 1.000000
vt 0.173077 0.000000
vt 0.179487 1.000000
vt 0.179487 0.000000
vt 0.185897 1.000000
vt 0.185897 0.000000
vt 0.192308 1.000000
vt 0.192308 0.000000
vt 0.198718 1.000000
vt 0.198718 0.000000
vt 0.205128 1.000000
vt 0.205128 0.000000
vt 0.211538 1.000000
vt 0.211538 0.000000
vt 0.217949 1.000000
vt 0.217949 0.000000
vt 0.224359 1.000000
vt 0.224359 0.000000
vt 0.230769 1.000000
vt 0.230769 0.000000
vt 0.237179 1.000000
vt 0.237179 0.000000
vt 0.243590 1.000000
vt 0.243590 0.000000
vt 0.250000 1.000000
vt 0.250000 0.000000
vt 0.256410 1.000000
vt 0.256410 0.000000
vt 0.262821 1.000000
vt 0.262821 0.000000
vt 0.269231 1.000000
vt 0.269231 0.000000
vt 0.275641 1.000000
vt 0.275641 0.000000
vt 0.282051 1.000000
vt 0.282051 0.000000
vt 0.288462 1.000000
vt 0.288462 0.000000
vt 0.294872 1.000000
vt 0.294872 0.000000
vt 0.301282 1.000000
vt 0.301282 0.000000
vt 0.307692 1.000000
vt 0.307692 0.000000
vt 0.314103 1.000000
vt 0.314103 0.000000
vt 0.320513 1.000000
vt 0.320513 0.000000
vt 0.326923 1.000000
vt 0.326923 0.000000
vt 0.333333 1.000000
vt 0.333333 0.000000
vt 0.339744 1.000000
vt 0.339744 0.000000
vt 0.346154 1.000000
vt 0.346154 0.000000
vt 0.352564 1.000000
vt 0.352564 0.000000
vt 0.358974 1.000000
vt 0.358974 0.000000
vt 0.365385 1.000000
vt 0.365385 0.000000
vt 0.371795 1.000000
vt 0.371795 0.000000
vt 0.378205 1.000000
vt 0.378205 0.000000
vt 0.384615 1.000000
vt 0.384615 0.000000
vt 0.391026 1.000000
vt 0.391026 0.000000
vt 0.397436 1.000000
vt 0.397436 0.000000
vt 0.403846 1.000000
vt 0.403846 0.000000
vt 0.410256 1.000000
vt 0.410256 0.000000
vt 0.416667 1.000000
vt 0.416667 0.000000
vt 0.423077 1.000000
vt 0.423077 0.000000
vt 0.429487 1.000000
vt 0.429487 0.000000
vt 0.435897 1.000000
vt 0.435897 0.000000
vt 0.442308 1.000000
vt 0.442308 0.000000
vt 0.448718 1.000000
vt 0.448718 0.000000
vt 0.455128 1.000000
vt 0.455128 0.000000
vt 0.461538 1.000000
vt 0.461538 0.000000
vt 0.467949 1.000000
vt 0.467949 0.000000
vt 0.474359 1.000000
vt 0.474359 0.000000
vt 0.480769 1.000000
vt 0.480769 0.000000
vt 0.487179 1.000000
vt 0.487179 0.000000
vt 0.493590 1.000000
vt 0.493590 0.000000
vt 0.500000 1.000000
vt 0.500000 0.000000
vt 0.506410 1.000000
vt 0.506410 0.000000
vt 0.512821 1.000000
vt 0.512821 0.000000
vt 0.519231 1.000000
vt 0.519231 0.000000
vt 0.525641 1.000000
vt 0.525641 0.000000
vt 0.532051 1.000000
vt 0.532051 0.000000
vt 0.538462 1.000000
vt 0.538462 0.000000
vt 0.544872 1.000000
vt 0.544872 0.000000
vt 0.551282 1.000000
vt 0.551282 0.000000
vt 0.557692 1.000000
vt 0.557692 0.000000
vt 0.564103 1.000000
vt 0.564103 0.000000
vt 0.570513 1.000000
vt 0.570513 0.000000
vt 0.576923 1.000000
vt 0.576923 0.000000
vt 0.583333 1.000000
vt 0.583333 0.000000
vt 0.589744 1.000000
vt 0.589744 0.000000
vt 0.596154 1.000000
vt 0.596154 0.000000
vt 0.602564 1.000000
vt 0.602564 0.000000
vt 0.608974 1.000000
vt 0.608974 0.000000
vt 0.615385 1.000000
vt 0.615385 0.000000
vt 0.621795 1.000000
vt 0.621795 0.000000
vt 0.628205 1.000000
vt 0.628205 0.000000
vt 0.634615 1.000000
vt 0.634615 0.000000
vt 0.641026 1.000000
vt 0.641026 0.000000
vt 0.647436 1.000000
vt 0.647436 0.000000
vt 0.653846 1.000000
vt 0.653846 0.000000
vt 0.660256 1.000000
vt 0.660256 0.000000
vt 0.666667 1.000000
vt 0.666667 0.000000
vt 0.673077 1.000000
vt 0.673077 0.000000
vt 0.679487 1.000000
vt 0.679487 0.000000
vt 0.685897 1.000000
vt 0.685897 0.000000
vt 0.692308 1.000000
vt 0.692308 0.000000
vt 0.698718 1.000000
vt 0.698718 0.000000
vt 0.705128 1.000000
vt 0.705128 0.000000
vt 0.711538 1.000000
vt 0.711538 0.000000
vt 0.717949 1.000000
vt 0.717949 0.000000
vt 0.724359 1.000000
vt 0.724359 0.000000
vt 0.730769 1.000000
vt 0.730769 0.000000
vt 0.737179 1.000000
vt 0.737179 0.000000
vt 0.743590 1.000000
vt 0.743590 0.000000
vt 0.750000 1.000000
vt 0.750000 0.000000
vt 0.756410 1.000000
vt 0.756410 0.000000
vt 0.762821 1.000000
vt 0.762821 0.000000
vt 0.769231 1.000000
vt 0.769231 0.000000
vt 0.775641 1.000000
vt 0.775641 0.000000
vt 0.782051 1.000000
vt 0.782051 0.000000
vt 0.788462 1.000000
vt 0.788462 0.000000
vt 0.794872 1.000000
vt 0.794872 0.000000
vt 0.801282 1.000000
vt 0.801282 0.000000
vt 0.807692 1.000000
vt 0.807692 0.000000
vt 0.814103 1.000000
vt 0.814103 0.000000
vt 0.820513 1.000000
vt 0.820513 0.000000
vt 0.826923 1.000000
vt 0.826923 0.000000
vt 0.833333 1.000000
vt 0.833333 0.000000
vt 0.839744 1.000000
vt 0.839744 0.000000
vt 0.846154 1.000000
vt 0.846154 0.000000
vt 0.852564 1.000000
vt 0.852564 0.000000
vt 0.858974 1.000000
vt 0.858974 0.000000
vt 0.865385 1.000000
vt 0.865385 0.000000
vt 0.871795 1.000000
vt 0.871795 0.000000
vt 0.878205 1.000000
vt 0.878205 0.000000
vt 0.884615 1.000000
vt 0.884615 0.000000
vt 0.891026 1.000000
vt 0.891026 0.000000
vt 0.897436 1.000000
vt 0.897436 0.000000
vt 0.903846 1.000000
vt 0.903846 0.000000
vt 0.910256 1.000000
vt 0.910256 0.000000
vt 0.916667 1.000000
vt 0.916667 0.000000
vt 0.923077 1.000000
vt 0.923077 0.000000
vt 0.929487 1.000000
vt 0.929487 0.000000
vt 0.935897 1.000000
vt 0.935897 0.000000
vt 0.942308 1.000000
vt 0.942308 0.000000
vt 0.948718 1.000000
vt 0.948718 0.000000
vt 0.955128 1.000000
vt 0.955128 0.000000
vt 0.961538 1.000000
vt 0.961538 0.000000
vt 0.967949 1.000000
vt 0.967949 0.000000
vt 0.974359 1.000000
vt 0.974359 0.000000
vt 0.980769 1.000000
vt 0.980769 0.000000
vt 0.987179 1.000000
vt 0.987179 0.000000
vt 0.993590 1.000000
vt 0.993590 0.000000
vt 1.000000 1.000000
s 0
usemtl SVGMat.001
f 2062/1441/445 2064/1442/445 2063/1443/445
f 2062/1441/445 2065/1444/445 2064/1442/445
f 2061/1445/445 2065/1444/445 2062/1441/445
f 1931/1446/445 1933/1447/445 1932/1448/445
f 1931/1446/445 1934/1449/445 1933/1447/445
f 1931/1446/445 1935/1450/445 1934/1449/445
f 1931/1446/445 1936/1451/445 1935/1450/445
f 1931/1446/445 1937/1452/445 1936/1451/445
f 1931/1446/445 1938/1453/445 1937/1452/445
f 1931/1446/445 1939/1454/445 1938/1453/445
f 1931/1446/445 1940/1455/445 1939/1454/445
f 1931/1446/445 1941/1456/445 1940/1455/445
f 1931/1446/445 1942/1457/445 1941/1456/445
f 1931/1446/445 1943/1458/445 1942/1457/445
f 1931/1446/445 1944/1459/445 1943/1458/445
f 1931/1446/445 1945/1460/445 1944/1459/445
f 2060/1461/445 2065/1444/445 2061/1445/445
f 2059/1462/445 2065/1444/445 2060/1461/445
f 2059/1462/445 2066/1463/445 2065/1444/445
f 2058/1464/445 2066/1463/445 2059/1462/445
f 1931/1446/445 1946/1465/445 1945/1460/445
f 1930/1466/445 1946/1465/445 1931/1446/445
f 2058/1464/445 2067/1467/445 2066/1463/445
f 2057/1468/445 2067/1467/445 2058/1464/445
f 2056/1469/445 2067/1467/445 2057/1468/445
f 2056/1469/445 2068/1470/445 2067/1467/445
f 1930/1466/445 1947/1471/445 1946/1465/445
f 1929/1472/445 1947/1471/445 1930/1466/445
f 2055/1473/445 2068/1470/445 2056/1469/445
f 2055/1473/445 2004/1474/445 2068/1470/445
f 2004/1474/445 2069/1475/445 2068/1470/445
f 1928/1476/445 1947/1471/445 1929/1472/445
f 2054/1477/445 2004/1474/445 2055/1473/445
f 1928/1476/445 1948/1478/445 1947/1471/445
f 2054/1477/445 2005/1479/445 2004/1474/445
f 2003/1480/445 2069/1475/445 2004/1474/445
f 2003/1480/445 2070/1481/445 2069/1475/445
f 2054/1477/445 2006/1482/445 2005/1479/445
f 2054/1477/445 2007/1483/445 2006/1482/445
f 1927/1484/445 1948/1478/445 1928/1476/445
f 2053/1485/445 2007/1483/445 2054/1477/445
f 2053/1485/445 2008/1486/445 2007/1483/445
f 2002/1487/445 2070/1481/445 2003/1480/445
f 2002/1487/445 2071/1488/445 2070/1481/445
f 1927/1484/445 1949/1489/445 1948/1478/445
f 2053/1485/445 2009/1490/445 2008/1486/445
f 1926/1491/445 1949/1489/445 1927/1484/445
f 2052/1492/445 2009/1490/445 2053/1485/445
f 2052/1492/445 2010/1493/445 2009/1490/445
f 2001/1494/445 2071/1488/445 2002/1487/445
f 2001/1494/445 2072/1495/445 2071/1488/445
f 2052/1492/445 2011/1496/445 2010/1493/445
f 1925/1497/445 1949/1489/445 1926/1491/445
f 2052/1492/445 2012/1498/445 2011/1496/445
f 1925/1497/445 1950/1499/445 1949/1489/445
f 2051/1500/445 2012/1498/445 2052/1492/445
f 2000/1501/445 2072/1495/445 2001/1494/445
f 2050/1502/445 2012/1498/445 2051/1500/445
f 2000/1501/445 2073/1503/445 2072/1495/445
f 1924/1504/445 1950/1499/445 1925/1497/445
f 2050/1502/445 2013/1505/445 2012/1498/445
f 2049/1506/445 2013/1505/445 2050/1502/445
f 2049/1506/445 2014/1507/445 2013/1505/445
f 1999/1508/445 2073/1503/445 2000/1501/445
f 2048/1509/445 2014/1507/445 2049/1506/445
f 1923/1510/445 1950/1499/445 1924/1504/445
f 2047/1511/445 2014/1507/445 2048/1509/445
f 1999/1508/445 2074/1512/445 2073/1503/445
f 2047/1511/445 2015/1513/445 2014/1507/445
f 1923/1510/445 1951/1514/445 1950/1499/445
f 1998/1515/445 2074/1512/445 1999/1508/445
f 2046/1516/445 2015/1513/445 2047/1511/445
f 2046/1516/445 2016/1517/445 2015/1513/445
f 2045/1518/445 2016/1517/445 2046/1516/445
f 1922/1519/445 1951/1514/445 1923/1510/445
f 2044/1520/445 2016/1517/445 2045/1518/445
f 1997/1521/445 2074/1512/445 1998/1515/445
f 2044/1520/445 2017/1522/445 2016/1517/445
f 1997/1521/445 2075/1523/445 2074/1512/445
f 2043/1524/445 2017/1522/445 2044/1520/445
f 2043/1524/445 2018/1525/445 2017/1522/445
f 2027/1526/445 2029/1527/445 2028/1528/445
f 2042/1529/445 2018/1525/445 2043/1524/445
f 1996/1530/445 2075/1523/445 1997/1521/445
f 2042/1529/445 2019/1531/445 2018/1525/445
f 1922/1519/445 1952/1532/445 1951/1514/445
f 2026/1533/445 2029/1527/445 2027/1526/445
f 1921/1534/445 1952/1532/445 1922/1519/445
f 2042/1529/445 2020/1535/445 2019/1531/445
f 2041/1536/445 2020/1535/445 2042/1529/445
f 2026/1533/445 2030/1537/445 2029/1527/445
f 2025/1538/445 2030/1537/445 2026/1533/445
f 2041/1536/445 2021/1539/445 2020/1535/445
f 2024/1540/445 2030/1537/445 2025/1538/445
f 2041/1536/445 2022/1541/445 2021/1539/445
f 2023/1542/445 2030/1537/445 2024/1540/445
f 2040/1543/445 2022/1541/445 2041/1536/445
f 2040/1543/445 2023/1542/445 2022/1541/445
f 2040/1543/445 2030/1537/445 2023/1542/445
f 2040/1543/445 2031/1544/445 2030/1537/445
f 1995/1545/445 2075/1523/445 1996/1530/445
f 2039/1546/445 2031/1544/445 2040/1543/445
f 1995/1545/445 2076/1547/445 2075/1523/445
f 2039/1546/445 2032/1548/445 2031/1544/445
f 2038/1549/445 2032/1548/445 2039/1546/445
f 2038/1549/445 2033/1550/445 2032/1548/445
f 2076/1547/445 1952/1532/445 1921/1534/445
f 1994/1551/445 2076/1547/445 1995/1545/445
f 2037/1552/445 2033/1550/445 2038/1549/445
f 2037/1552/445 2034/1553/445 2033/1550/445
f 2037/1552/445 2035/1554/445 2034/1553/445
f 2036/1555/445 2035/1554/445 2037/1552/445
f 2076/1547/445 1953/1556/445 1952/1532/445
f 1993/1557/445 2076/1547/445 1994/1551/445
f 1993/1557/445 1953/1556/445 2076/1547/445
f 1992/1558/445 1953/1556/445 1993/1557/445
f 1991/1559/445 1953/1556/445 1992/1558/445
f 1990/1560/445 1953/1556/445 1991/1559/445
f 1990/1560/445 1968/1561/445 1953/1556/445
f 1968/1561/445 1954/1562/445 1953/1556/445
f 1989/1563/445 1968/1561/445 1990/1560/445
f 1989/1563/445 1969/1564/445 1968/1561/445
f 1967/1565/445 1954/1562/445 1968/1561/445
f 1988/1566/445 1969/1564/445 1989/1563/445
f 1966/1567/445 1954/1562/445 1967/1565/445
f 1988/1566/445 1970/1568/445 1969/1564/445
f 1965/1569/445 1954/1562/445 1966/1567/445
f 1987/1570/445 1970/1568/445 1988/1566/445
f 1965/1569/445 1955/1571/445 1954/1562/445
f 1964/1572/445 1955/1571/445 1965/1569/445
f 1987/1570/445 1971/1573/445 1970/1568/445
f 1986/1574/445 1971/1573/445 1987/1570/445
f 1963/1575/445 1955/1571/445 1964/1572/445
f 1986/1574/445 1972/1576/445 1971/1573/445
f 1962/1577/445 1955/1571/445 1963/1575/445
f 1985/1578/445 1972/1576/445 1986/1574/445
f 1985/1578/445 1973/1579/445 1972/1576/445
f 1961/1580/445 1955/1571/445 1962/1577/445
f 1984/1581/445 1973/1579/445 1985/1578/445
f 1960/1582/445 1955/1571/445 1961/1580/445
f 1984/1581/445 1974/1583/445 1973/1579/445
f 1960/1582/445 1959/1584/445 1955/1571/445
f 1959/1584/445 1958/1585/445 1955/1571/445
f 1958/1585/445 1957/1586/445 1955/1571/445
f 1957/1586/445 1956/1587/445 1955/1571/445
f 1983/1588/445 1974/1583/445 1984/1581/445
f 1983/1588/445 1975/1589/445 1974/1583/445
f 1983/1588/445 1976/1590/445 1975/1589/445
f 1982/1591/445 1976/1590/445 1983/1588/445
f 1982/1591/445 1977/1592/445 1976/1590/445
f 1981/1593/445 1977/1592/445 1982/1591/445
f 1981/1593/445 1978/1594/445 1977/1592/445
f 1981/1593/445 1979/1595/445 1978/1594/445
f 1980/1596/445 1979/1595/445 1981/1593/445
f 2218/1441/446 2219/1443/446 2220/1442/446
f 2218/1441/446 2220/1442/446 2221/1444/446
f 2217/1445/446 2218/1441/446 2221/1444/446
f 2087/1446/446 2088/1448/446 2089/1447/446
f 2087/1446/446 2089/1447/446 2090/1449/446
f 2087/1446/446 2090/1449/446 2091/1450/446
f 2087/1446/446 2091/1450/446 2092/1451/446
f 2087/1446/446 2092/1451/446 2093/1452/446
f 2087/1446/446 2093/1452/446 2094/1453/446
f 2087/1446/446 2094/1453/446 2095/1454/446
f 2087/1446/446 2095/1454/446 2096/1455/446
f 2087/1446/446 2096/1455/446 2097/1456/446
f 2087/1446/446 2097/1456/446 2098/1457/446
f 2087/1446/446 2098/1457/446 2099/1458/446
f 2087/1446/446 2099/1458/446 2100/1459/446
f 2087/1446/446 2100/1459/446 2101/1460/446
f 2216/1461/446 2217/1445/446 2221/1444/446
f 2215/1462/446 2216/1461/446 2221/1444/446
f 2215/1462/446 2221/1444/446 2222/1463/446
f 2214/1464/446 2215/1462/446 2222/1463/446
f 2087/1446/446 2101/1460/446 2102/1465/446
f 2086/1466/446 2087/1446/446 2102/1465/446
f 2214/1464/446 2222/1463/446 2223/1467/446
f 2213/1468/446 2214/1464/446 2223/1467/446
f 2212/1469/446 2213/1468/446 2223/1467/446
f 2212/1469/446 2223/1467/446 2224/1470/446
f 2086/1466/446 2102/1465/446 2103/1471/446
f 2085/1472/446 2086/1466/446 2103/1471/446
f 2211/1473/446 2212/1469/446 2224/1470/446
f 2211/1473/446 2224/1470/446 2160/1474/446
f 2160/1474/446 2224/1470/446 2225/1475/446
f 2084/1476/446 2085/1472/446 2103/1471/446
f 2210/1477/446 2211/1473/446 2160/1474/446
f 2084/1476/446 2103/1471/446 2104/1478/446
f 2210/1477/446 2160/1474/446 2161/1479/446
f 2159/1480/446 2160/1474/446 2225/1475/446
f 2159/1480/446 2225/1475/446 2226/1481/446
f 2210/1477/446 2161/1479/446 2162/1482/446
f 2210/1477/446 2162/1482/446 2163/1483/446
f 2083/1484/446 2084/1476/446 2104/1478/446
f 2209/1485/446 2210/1477/446 2163/1483/446
f 2209/1485/446 2163/1483/446 2164/1486/446
f 2158/1487/446 2159/1480/446 2226/1481/446
f 2158/1487/446 2226/1481/446 2227/1488/446
f 2083/1484/446 2104/1478/446 2105/1489/446
f 2209/1485/446 2164/1486/446 2165/1490/446
f 2082/1491/446 2083/1484/446 2105/1489/446
f 2208/1492/446 2209/1485/446 2165/1490/446
f 2208/1492/446 2165/1490/446 2166/1493/446
f 2157/1494/446 2158/1487/446 2227/1488/446
f 2157/1494/446 2227/1488/446 2228/1495/446
f 2208/1492/446 2166/1493/446 2167/1496/446
f 2081/1497/446 2082/1491/446 2105/1489/446
f 2208/1492/446 2167/1496/446 2168/1498/446
f 2081/1497/446 2105/1489/446 2106/1499/446
f 2207/1500/446 2208/1492/446 2168/1498/446
f 2156/1501/446 2157/1494/446 2228/1495/446
f 2206/1502/446 2207/1500/446 2168/1498/446
f 2156/1501/446 2228/1495/446 2229/1503/446
f 2080/1504/446 2081/1497/446 2106/1499/446
f 2206/1502/446 2168/1498/446 2169/1505/446
f 2205/1506/446 2206/1502/446 2169/1505/446
f 2205/1506/446 2169/1505/446 2170/1507/446
f 2155/1508/446 2156/1501/446 2229/1503/446
f 2204/1509/446 2205/1506/446 2170/1507/446
f 2079/1510/446 2080/1504/446 2106/1499/446
f 2203/1511/446 2204/1509/446 2170/1507/446
f 2155/1508/446 2229/1503/446 2230/1512/446
f 2203/1511/446 2170/1507/446 2171/1513/446
f 2079/1510/446 2106/1499/446 2107/1514/446
f 2154/1515/446 2155/1508/446 2230/1512/446
f 2202/1516/446 2203/1511/446 2171/1513/446
f 2202/1516/446 2171/1513/446 2172/1517/446
f 2201/1518/446 2202/1516/446 2172/1517/446
f 2078/1519/446 2079/1510/446 2107/1514/446
f 2200/1520/446 2201/1518/446 2172/1517/446
f 2153/1521/446 2154/1515/446 2230/1512/446
f 2200/1520/446 2172/1517/446 2173/1522/446
f 2153/1521/446 2230/1512/446 2231/1523/446
f 2199/1524/446 2200/1520/446 2173/1522/446
f 2199/1524/446 2173/1522/446 2174/1525/446
f 2183/1526/446 2184/1528/446 2185/1527/446
f 2198/1529/446 2199/1524/446 2174/1525/446
f 2152/1530/446 2153/1521/446 2231/1523/446
f 2198/1529/446 2174/1525/446 2175/1531/446
f 2078/1519/446 2107/1514/446 2108/1532/446
f 2182/1533/446 2183/1526/446 2185/1527/446
f 2077/1534/446 2078/1519/446 2108/1532/446
f 2198/1529/446 2175/1531/446 2176/1535/446
f 2197/1536/446 2198/1529/446 2176/1535/446
f 2182/1533/446 2185/1527/446 2186/1537/446
f 2181/1538/446 2182/1533/446 2186/1537/446
f 2197/1536/446 2176/1535/446 2177/1539/446
f 2180/1540/446 2181/1538/446 2186/1537/446
f 2197/1536/446 2177/1539/446 2178/1541/446
f 2179/1542/446 2180/1540/446 2186/1537/446
f 2196/1543/446 2197/1536/446 2178/1541/446
f 2196/1543/446 2178/1541/446 2179/1542/446
f 2196/1543/446 2179/1542/446 2186/1537/446
f 2196/1543/446 2186/1537/446 2187/1544/446
f 2151/1545/446 2152/1530/446 2231/1523/446
f 2195/1546/446 2196/1543/446 2187/1544/446
f 2151/1545/446 2231/1523/446 2232/1547/446
f 2195/1546/446 2187/1544/446 2188/1548/446
f 2194/1549/446 2195/1546/446 2188/1548/446
f 2194/1549/446 2188/1548/446 2189/1550/446
f 2232/1547/446 2077/1534/446 2108/1532/446
f 2150/1551/446 2151/1545/446 2232/1547/446
f 2193/1552/446 2194/1549/446 2189/1550/446
f 2193/1552/446 2189/1550/446 2190/1553/446
f 2193/1552/446 2190/1553/446 2191/1554/446
f 2192/1555/446 2193/1552/446 2191/1554/446
f 2232/1547/446 2108/1532/446 2109/1556/446
f 2149/1557/446 2150/1551/446 2232/1547/446
f 2149/1557/446 2232/1547/446 2109/1556/446
f 2148/1558/446 2149/1557/446 2109/1556/446
f 2147/1559/446 2148/1558/446 2109/1556/446
f 2146/1560/446 2147/1559/446 2109/1556/446
f 2146/1560/446 2109/1556/446 2124/1561/446
f 2124/1561/446 2109/1556/446 2110/1562/446
f 2145/1563/446 2146/1560/446 2124/1561/446
f 2145/1563/446 2124/1561/446 2125/1564/446
f 2123/1565/446 2124/1561/446 2110/1562/446
f 2144/1566/446 2145/1563/446 2125/1564/446
f 2122/1567/446 2123/1565/446 2110/1562/446
f 2144/1566/446 2125/1564/446 2126/1568/446
f 2121/1569/446 2122/1567/446 2110/1562/446
f 2143/1570/446 2144/1566/446 2126/1568/446
f 2121/1569/446 2110/1562/446 2111/1571/446
f 2120/1572/446 2121/1569/446 2111/1571/446
f 2143/1570/446 2126/1568/446 2127/1573/446
f 2142/1574/446 2143/1570/446 2127/1573/446
f 2119/1575/446 2120/1572/446 2111/1571/446
f 2142/1574/446 2127/1573/446 2128/1576/446
f 2118/1577/446 2119/1575/446 2111/1571/446
f 2141/1578/446 2142/1574/446 2128/1576/446
f 2141/1578/446 2128/1576/446 2129/1579/446
f 2117/1580/446 2118/1577/446 2111/1571/446
f 2140/1581/446 2141/1578/446 2129/1579/446
f 2116/1582/446 2117/1580/446 2111/1571/446
f 2140/1581/446 2129/1579/446 2130/1583/446
f 2116/1582/446 2111/1571/446 2115/1584/446
f 2115/1584/446 2111/1571/446 2114/1585/446
f 2114/1585/446 2111/1571/446 2113/1586/446
f 2113/1586/446 2111/1571/446 2112/1587/446
f 2139/1588/446 2140/1581/446 2130/1583/446
f 2139/1588/446 2130/1583/446 2131/1589/446
f 2139/1588/446 2131/1589/446 2132/1590/446
f 2138/1591/446 2139/1588/446 2132/1590/446
f 2138/1591/446 2132/1590/446 2133/1592/446
f 2137/1593/446 2138/1591/446 2133/1592/446
f 2137/1593/446 2133/1592/446 2134/1594/446
f 2137/1593/446 2134/1594/446 2135/1595/446
f 2136/1596/446 2137/1593/446 2135/1595/446
s 1
f 2234/1597/447 2236/1598/448 2235/1599/448 2233/1534/447
f 2236/1598/448 2238/1600/449 2237/1601/449 2235/1599/448
f 2238/1600/449 2240/1602/450 2239/1603/450 2237/1601/449
f 2240/1602/450 2242/1604/451 2241/1605/451 2239/1603/450
f 2242/1604/451 2244/1606/452 2243/1607/452 2241/1605/451
f 2244/1606/452 2246/1608/453 2245/1609/453 2243/1607/452
f 2246/1608/453 2248/1610/454 2247/1611/454 2245/1609/453
f 2248/1610/454 2250/1612/455 2249/1613/455 2247/1611/454
f 2250/1612/455 2252/1614/456 2251/1615/456 2249/1613/455
f 2252/1614/456 2254/1616/457 2253/1617/457 2251/1615/456
f 2254/1616/457 2256/1618/458 2255/1619/458 2253/1617/457
f 2256/1618/458 2258/1620/459 2257/1621/459 2255/1619/458
f 2258/1620/459 2260/1622/459 2259/1623/459 2257/1621/459
f 2260/1622/459 2262/1624/459 2261/1625/459 2259/1623/459
f 2262/1624/459 2264/1626/459 2263/1627/459 2261/1625/459
f 2264/1626/459 2266/1628/459 2265/1629/459 2263/1627/459
f 2266/1628/459 2268/1630/459 2267/1631/459 2265/1629/459
f 2268/1630/459 2270/1632/459 2269/1633/459 2267/1631/459
f 2270/1632/459 2272/1634/459 2271/1635/459 2269/1633/459
f 2272/1634/459 2274/1636/459 2273/1637/459 2271/1635/459
f 2274/1636/459 2276/1638/459 2275/1639/459 2273/1637/459
f 2276/1638/459 2278/1640/459 2277/1641/459 2275/1639/459
f 2278/1640/459 2280/1642/460 2279/1643/460 2277/1641/459
f 2280/1642/460 2282/1644/461 2281/1645/461 2279/1643/460
f 2282/1644/461 2284/1646/462 2283/1647/462 2281/1645/461
f 2284/1646/462 2286/1648/463 2285/1649/463 2283/1647/462
f 2286/1648/463 2288/1650/464 2287/1651/464 2285/1649/463
f 2288/1650/464 2290/1652/465 2289/1653/465 2287/1651/464
f 2290/1652/465 2292/1654/466 2291/1655/466 2289/1653/465
f 2292/1654/466 2294/1656/467 2293/1657/467 2291/1655/466
f 2294/1656/467 2296/1658/468 2295/1659/468 2293/1657/467
f 2296/1658/468 2298/1660/469 2297/1661/469 2295/1659/468
f 2298/1660/469 2300/1662/470 2299/1663/470 2297/1661/469
f 2300/1662/470 2302/1664/471 2301/1665/471 2299/1663/470
f 2302/1664/471 2304/1666/472 2303/1667/472 2301/1665/471
f 2304/1666/472 2306/1668/473 2305/1669/473 2303/1667/472
f 2306/1668/473 2308/1670/474 2307/1671/474 2305/1669/473
f 2308/1670/474 2310/1672/475 2309/1673/475 2307/1671/474
f 2310/1672/475 2312/1674/476 2311/1675/476 2309/1673/475
f 2312/1674/476 2314/1676/477 2313/1677/477 2311/1675/476
f 2314/1676/477 2316/1678/478 2315/1679/478 2313/1677/477
f 2316/1678/478 2318/1680/479 2317/1681/479 2315/1679/478
f 2318/1680/479 2320/1682/480 2319/1683/480 2317/1681/479
f 2320/1682/480 2322/1684/481 2321/1685/481 2319/1683/480
f 2322/1684/481 2324/1686/482 2323/1687/482 2321/1685/481
f 2324/1686/482 2326/1688/483 2325/1689/483 2323/1687/482
f 2326/1688/483 2328/1690/484 2327/1691/484 2325/1689/483
f 2328/1690/484 2330/1692/485 2329/1693/485 2327/1691/484
f 2330/1692/485 2332/1694/486 2331/1695/486 2329/1693/485
f 2332/1694/486 2334/1696/487 2333/1697/487 2331/1695/486
f 2334/1696/487 2336/1698/488 2335/1699/488 2333/1697/487
f 2336/1698/488 2338/1700/489 2337/1701/489 2335/1699/488
f 2338/1700/489 2340/1702/490 2339/1703/490 2337/1701/489
f 2340/1702/490 2342/1704/491 2341/1705/491 2339/1703/490
f 2342/1704/491 2344/1706/492 2343/1707/492 2341/1705/491
f 2344/1706/492 2346/1708/493 2345/1709/493 2343/1707/492
f 2346/1708/493 2348/1710/494 2347/1711/494 2345/1709/493
f 2348/1710/494 2350/1712/495 2349/1713/495 2347/1711/494
f 2350/1712/495 2352/1714/496 2351/1715/496 2349/1713/495
f 2352/1714/496 2354/1716/497 2353/1717/497 2351/1715/496
f 2354/1716/497 2356/1718/498 2355/1719/498 2353/1717/497
f 2356/1718/498 2358/1720/499 2357/1721/499 2355/1719/498
f 2358/1720/499 2360/1722/500 2359/1723/500 2357/1721/499
f 2360/1722/500 2362/1724/501 2361/1725/501 2359/1723/500
f 2362/1724/501 2364/1726/502 2363/1727/502 2361/1725/501
f 2364/1726/502 2366/1728/503 2365/1729/503 2363/1727/502
f 2366/1728/503 2368/1730/504 2367/1731/504 2365/1729/503
f 2368/1730/504 2370/1732/505 2369/1733/505 2367/1731/504
f 2370/1732/505 2372/1734/506 2371/1735/506 2369/1733/505
f 2372/1734/506 2374/1736/507 2373/1737/507 2371/1735/506
f 2374/1736/507 2376/1738/508 2375/1739/508 2373/1737/507
f 2376/1738/508 2378/1740/509 2377/1741/509 2375/1739/508
f 2378/1740/509 2380/1742/510 2379/1743/510 2377/1741/509
f 2380/1742/510 2382/1744/511 2381/1745/511 2379/1743/510
f 2382/1744/511 2384/1746/512 2383/1747/512 2381/1745/511
f 2384/1746/512 2386/1748/513 2385/1749/513 2383/1747/512
f 2386/1748/513 2388/1750/514 2387/1751/514 2385/1749/513
f 2388/1750/514 2390/1752/515 2389/1753/515 2387/1751/514
f 2390/1752/515 2392/1754/516 2391/1755/516 2389/1753/515
f 2392/1754/516 2394/1756/517 2393/1757/517 2391/1755/516
f 2394/1756/517 2396/1758/518 2395/1759/518 2393/1757/517
f 2396/1758/518 2398/1760/519 2397/1761/519 2395/1759/518
f 2398/1760/519 2400/1762/520 2399/1763/520 2397/1761/519
f 2400/1762/520 2402/1764/521 2401/1765/521 2399/1763/520
f 2402/1764/521 2404/1766/522 2403/1767/522 2401/1765/521
f 2404/1766/522 2406/1768/523 2405/1769/523 2403/1767/522
f 2406/1768/523 2408/1770/524 2407/1771/524 2405/1769/523
f 2408/1770/524 2410/1772/525 2409/1773/525 2407/1771/524
f 2410/1772/525 2412/1774/526 2411/1775/526 2409/1773/525
f 2412/1774/526 2414/1776/527 2413/1777/527 2411/1775/526
f 2414/1776/527 2416/1778/528 2415/1779/528 2413/1777/527
f 2416/1778/528 2418/1780/529 2417/1781/529 2415/1779/528
f 2418/1780/529 2420/1782/530 2419/1783/530 2417/1781/529
f 2420/1782/530 2422/1784/531 2421/1785/531 2419/1783/530
f 2422/1784/531 2424/1786/532 2423/1787/532 2421/1785/531
f 2424/1786/532 2426/1788/533 2425/1789/533 2423/1787/532
f 2426/1788/533 2428/1790/534 2427/1791/534 2425/1789/533
f 2428/1790/534 2430/1792/535 2429/1793/535 2427/1791/534
f 2430/1792/535 2432/1794/536 2431/1795/536 2429/1793/535
f 2432/1794/536 2434/1796/537 2433/1797/537 2431/1795/536
f 2434/1796/537 2436/1798/538 2435/1799/538 2433/1797/537
f 2436/1798/538 2438/1800/539 2437/1801/539 2435/1799/538
f 2438/1800/539 2440/1802/540 2439/1803/540 2437/1801/539
f 2440/1802/540 2442/1804/541 2441/1805/541 2439/1803/540
f 2442/1804/541 2444/1806/542 2443/1807/542 2441/1805/541
f 2444/1806/542 2446/1808/543 2445/1809/543 2443/1807/542
f 2446/1808/543 2448/1810/544 2447/1811/544 2445/1809/543
f 2448/1810/544 2450/1812/545 2449/1813/545 2447/1811/544
f 2450/1812/545 2452/1814/546 2451/1815/546 2449/1813/545
f 2452/1814/546 2454/1816/547 2453/1817/547 2451/1815/546
f 2454/1816/547 2456/1818/548 2455/1819/548 2453/1817/547
f 2456/1818/548 2458/1820/549 2457/1821/549 2455/1819/548
f 2458/1820/549 2460/1822/550 2459/1823/550 2457/1821/549
f 2460/1822/550 2462/1824/551 2461/1825/551 2459/1823/550
f 2462/1824/551 2464/1826/552 2463/1827/552 2461/1825/551
f 2464/1826/552 2466/1828/553 2465/1829/553 2463/1827/552
f 2466/1828/553 2468/1830/554 2467/1831/554 2465/1829/553
f 2468/1830/554 2470/1832/555 2469/1833/555 2467/1831/554
f 2470/1832/555 2472/1834/556 2471/1835/556 2469/1833/555
f 2472/1834/556 2474/1836/557 2473/1837/557 2471/1835/556
f 2474/1836/557 2476/1838/558 2475/1839/558 2473/1837/557
f 2476/1838/558 2478/1840/559 2477/1841/559 2475/1839/558
f 2478/1840/559 2480/1842/560 2479/1843/560 2477/1841/559
f 2480/1842/560 2482/1844/561 2481/1845/561 2479/1843/560
f 2482/1844/561 2484/1846/562 2483/1847/562 2481/1845/561
f 2484/1846/562 2486/1848/563 2485/1849/563 2483/1847/562
f 2486/1848/563 2488/1850/564 2487/1851/564 2485/1849/563
f 2488/1850/564 2490/1852/565 2489/1853/565 2487/1851/564
f 2490/1852/565 2492/1854/566 2491/1855/566 2489/1853/565
f 2492/1854/566 2494/1856/567 2493/1857/567 2491/1855/566
f 2494/1856/567 2496/1858/568 2495/1859/568 2493/1857/567
f 2496/1858/568 2498/1860/569 2497/1861/569 2495/1859/568
f 2498/1860/569 2500/1862/570 2499/1863/570 2497/1861/569
f 2500/1862/570 2502/1864/571 2501/1865/571 2499/1863/570
f 2502/1864/571 2504/1866/572 2503/1867/572 2501/1865/571
f 2504/1866/572 2506/1868/573 2505/1869/573 2503/1867/572
f 2506/1868/573 2508/1870/574 2507/1871/574 2505/1869/573
f 2508/1870/574 2510/1872/575 2509/1873/575 2507/1871/574
f 2510/1872/575 2512/1874/576 2511/1875/576 2509/1873/575
f 2512/1874/576 2514/1876/577 2513/1877/577 2511/1875/576
f 2514/1876/577 2516/1878/578 2515/1879/578 2513/1877/577
f 2516/1878/578 2518/1880/579 2517/1881/579 2515/1879/578
f 2518/1880/579 2520/1882/580 2519/1883/580 2517/1881/579
f 2520/1882/580 2522/1884/581 2521/1885/581 2519/1883/580
f 2522/1884/581 2524/1886/582 2523/1887/582 2521/1885/581
f 2524/1886/582 2526/1888/583 2525/1889/583 2523/1887/582
f 2526/1888/583 2528/1890/584 2527/1891/584 2525/1889/583
f 2528/1890/584 2530/1892/585 2529/1893/585 2527/1891/584
f 2530/1892/585 2532/1894/586 2531/1895/586 2529/1893/585
f 2532/1894/586 2534/1896/587 2533/1897/587 2531/1895/586
f 2534/1896/587 2536/1898/588 2535/1899/588 2533/1897/587
f 2536/1898/588 2538/1900/589 2537/1901/589 2535/1899/588
f 2538/1900/589 2540/1902/590 2539/1903/590 2537/1901/589
f 2540/1902/590 2542/1904/591 2541/1905/591 2539/1903/590
f 2542/1904/591 2544/1906/592 2543/1907/592 2541/1905/591
f 2544/1906/592 2234/1908/447 2233/1547/447 2543/1907/592
o Curve.001
v 1.389125 1.353882 -0.298333
v 1.163764 1.171423 -0.298333
v 0.942647 1.004826 -0.298333
v 0.725774 0.854093 -0.298333
v 0.513148 0.719229 -0.298333
v 0.304769 0.600238 -0.298332
v 0.100638 0.497125 -0.298332
v -0.099245 0.409894 -0.298332
v -0.294876 0.338548 -0.298332
v -0.486257 0.283092 -0.298332
v -0.673385 0.243529 -0.298332
v -0.856259 0.219865 -0.298332
v -0.856259 0.203470 -0.298332
v -0.856259 0.158144 -0.298332
v -0.856259 0.089674 -0.298332
v -0.856259 0.003844 -0.298332
v -0.856259 -0.093558 -0.298332
v -0.856259 -0.196746 -0.298332
v -0.856259 -0.299935 -0.298332
v -0.856259 -0.397337 -0.298332
v -0.856259 -0.483167 -0.298332
v -0.856259 -0.551638 -0.298332
v -0.856259 -0.596963 -0.298332
v -0.856259 -0.613358 -0.298332
v -0.708673 -0.565425 -0.298332
v -0.498192 -0.492507 -0.298332
v -0.235107 -0.390643 -0.298332
v 0.070291 -0.255873 -0.298332
v 0.407711 -0.084238 -0.298332
v 0.766864 0.128221 -0.298333
v 1.137460 0.385465 -0.298333
v 1.509206 0.691452 -0.298333
v 1.871814 1.050142 -0.298333
v 2.214991 1.465495 -0.298333
v 2.528447 1.941470 -0.298333
v 2.801893 2.482028 -0.298333
v 2.738437 2.414776 -0.298333
v 2.674634 2.349952 -0.298333
v 2.610463 2.287696 -0.298333
v 2.545906 2.228150 -0.298333
v 2.480942 2.171453 -0.298333
v 2.415551 2.117746 -0.298333
v 2.349712 2.067170 -0.298333
v 2.283407 2.019865 -0.298333
v 2.216614 1.975973 -0.298333
v 2.149314 1.935633 -0.298333
v 2.081487 1.898986 -0.298333
v 2.013113 1.866174 -0.298333
v 2.122835 1.992156 -0.298333
v 2.225493 2.116506 -0.298333
v 2.321338 2.239284 -0.298333
v 2.410620 2.360547 -0.298333
v 2.493588 2.480352 -0.298333
v 2.570493 2.598759 -0.298333
v 2.641585 2.715823 -0.298333
v 2.707113 2.831604 -0.298333
v 2.767328 2.946159 -0.298333
v 2.822481 3.059545 -0.298333
v 2.872820 3.171821 -0.298333
v 2.918597 3.283043 -0.298333
v 2.833200 3.153262 -0.298333
v 2.745921 3.031439 -0.298333
v 2.656600 2.918330 -0.298333
v 2.565078 2.814693 -0.298333
v 2.471197 2.721283 -0.298333
v 2.374797 2.638857 -0.298333
v 2.275720 2.568171 -0.298333
v 2.173808 2.509981 -0.298333
v 2.068900 2.465044 -0.298333
v 1.960839 2.434116 -0.298333
v 1.849465 2.417954 -0.298333
v 1.734621 2.417313 -0.298333
v 1.627686 2.433948 -0.298333
v 1.514895 2.467088 -0.298333
v 1.394960 2.511385 -0.298333
v 1.266590 2.561490 -0.298333
v 1.128495 2.612056 -0.298333
v 0.979386 2.657734 -0.298333
v 0.817974 2.693177 -0.298333
v 0.642967 2.713037 -0.298333
v 0.453077 2.711965 -0.298332
v 0.247015 2.684614 -0.298332
v 0.023490 2.625635 -0.298332
v -0.218787 2.529680 -0.298332
v -0.167989 2.772718 -0.298332
v -0.101370 3.013381 -0.298332
v -0.020915 3.247794 -0.298332
v 0.071389 3.472080 -0.298332
v 0.173559 3.682364 -0.298332
v 0.283609 3.874770 -0.298332
v 0.399555 4.045422 -0.298332
v 0.519410 4.190444 -0.298333
v 0.641191 4.305961 -0.298333
v 0.762912 4.388097 -0.298333
v 0.882587 4.432975 -0.298333
v 0.998233 4.436721 -0.298333
v 1.071835 4.413356 -0.298333
v 1.131906 4.369998 -0.298333
v 1.178957 4.308025 -0.298333
v 1.213495 4.228811 -0.298333
v 1.236030 4.133733 -0.298333
v 1.247069 4.024166 -0.298333
v 1.247123 3.901486 -0.298333
v 1.236700 3.767068 -0.298333
v 1.216307 3.622289 -0.298333
v 1.186456 3.468525 -0.298333
v 1.147654 3.307150 -0.298333
v 1.100410 3.139542 -0.298333
v 1.184296 3.305050 -0.298333
v 1.258548 3.466063 -0.298333
v 1.322411 3.622227 -0.298333
v 1.375126 3.773189 -0.298333
v 1.415938 3.918594 -0.298333
v 1.444091 4.058091 -0.298333
v 1.458827 4.191325 -0.298333
v 1.459389 4.317944 -0.298333
v 1.445023 4.437594 -0.298333
v 1.414970 4.549922 -0.298333
v 1.368474 4.654574 -0.298333
v 1.304778 4.751198 -0.298333
v 1.245213 4.797855 -0.298333
v 1.181894 4.834446 -0.298333
v 1.115127 4.860768 -0.298333
v 1.045211 4.876616 -0.298333
v 0.972448 4.881786 -0.298333
v 0.897140 4.876073 -0.298333
v 0.819589 4.859274 -0.298333
v 0.740094 4.831182 -0.298333
v 0.658958 4.791596 -0.298333
v 0.576483 4.740309 -0.298333
v 0.492969 4.677118 -0.298333
v 0.408718 4.601818 -0.298332
v 0.161856 4.340672 -0.298332
v -0.054130 4.064238 -0.298332
v -0.240895 3.773335 -0.298332
v -0.400099 3.468782 -0.298332
v -0.533398 3.151403 -0.298332
v -0.642447 2.822016 -0.298332
v -0.728905 2.481443 -0.298332
v -0.794429 2.130504 -0.298332
v -0.840675 1.770020 -0.298332
v -0.869302 1.400811 -0.298332
v -0.881966 1.023697 -0.298332
v -0.880323 0.639501 -0.298332
v -0.782041 0.874005 -0.298332
v -0.661337 1.076203 -0.298332
v -0.518939 1.247145 -0.298332
v -0.355575 1.387880 -0.298332
v -0.171972 1.499456 -0.298332
v 0.031138 1.582924 -0.298332
v 0.253032 1.639332 -0.298332
v 0.492979 1.669730 -0.298333
v 0.750249 1.675166 -0.298333
v 1.024117 1.656690 -0.298333
v 1.313854 1.615350 -0.298333
v 1.618732 1.552197 -0.298333
v 1.389125 1.353882 0.298335
v 1.163764 1.171423 0.298335
v 0.942647 1.004826 0.298335
v 0.725774 0.854093 0.298335
v 0.513148 0.719229 0.298335
v 0.304769 0.600238 0.298335
v 0.100638 0.497125 0.298335
v -0.099245 0.409894 0.298335
v -0.294876 0.338548 0.298335
v -0.486257 0.283092 0.298335
v -0.673385 0.243529 0.298335
v -0.856259 0.219865 0.298335
v -0.856259 0.203470 0.298335
v -0.856259 0.158144 0.298335
v -0.856259 0.089674 0.298335
v -0.856259 0.003844 0.298335
v -0.856259 -0.093558 0.298335
v -0.856259 -0.196746 0.298335
v -0.856259 -0.299935 0.298335
v -0.856259 -0.397337 0.298335
v -0.856259 -0.483167 0.298335
v -0.856259 -0.551638 0.298335
v -0.856259 -0.596963 0.298335
v -0.856259 -0.613358 0.298335
v -0.708673 -0.565425 0.298335
v -0.498192 -0.492507 0.298335
v -0.235107 -0.390643 0.298335
v 0.070291 -0.255873 0.298335
v 0.407711 -0.084238 0.298335
v 0.766864 0.128221 0.298335
v 1.137460 0.385465 0.298335
v 1.509206 0.691452 0.298335
v 1.871814 1.050142 0.298335
v 2.214991 1.465495 0.298335
v 2.528447 1.941470 0.298335
v 2.801893 2.482028 0.298335
v 2.738437 2.414776 0.298335
v 2.674634 2.349952 0.298335
v 2.610463 2.287696 0.298335
v 2.545906 2.228150 0.298335
v 2.480942 2.171453 0.298335
v 2.415551 2.117746 0.298335
v 2.349712 2.067170 0.298335
v 2.283407 2.019865 0.298335
v 2.216614 1.975973 0.298335
v 2.149314 1.935633 0.298335
v 2.081487 1.898986 0.298335
v 2.013113 1.866174 0.298335
v 2.122835 1.992156 0.298335
v 2.225493 2.116506 0.298335
v 2.321338 2.239284 0.298335
v 2.410620 2.360547 0.298335
v 2.493588 2.480352 0.298335
v 2.570493 2.598759 0.298335
v 2.641585 2.715823 0.298335
v 2.707113 2.831604 0.298335
v 2.767328 2.946159 0.298335
v 2.822481 3.059545 0.298335
v 2.872820 3.171821 0.298335
v 2.918597 3.283043 0.298335
v 2.833200 3.153262 0.298335
v 2.745921 3.031439 0.298335
v 2.656600 2.918330 0.298335
v 2.565078 2.814693 0.298335
v 2.471197 2.721283 0.298335
v 2.374797 2.638857 0.298335
v 2.275720 2.568171 0.298335
v 2.173808 2.509981 0.298335
v 2.068900 2.465044 0.298335
v 1.960839 2.434116 0.298335
v 1.849465 2.417954 0.298335
v 1.734621 2.417313 0.298335
v 1.627686 2.433948 0.298335
v 1.514895 2.467088 0.298335
v 1.394960 2.511385 0.298335
v 1.266590 2.561490 0.298335
v 1.128495 2.612056 0.298335
v 0.979386 2.657734 0.298335
v 0.817974 2.693177 0.298335
v 0.642967 2.713037 0.298335
v 0.453077 2.711965 0.298335
v 0.247015 2.684614 0.298335
v 0.023490 2.625635 0.298335
v -0.218787 2.529680 0.298335
v -0.167989 2.772718 0.298335
v -0.101370 3.013381 0.298335
v -0.020915 3.247794 0.298335
v 0.071389 3.472080 0.298335
v 0.173559 3.682364 0.298335
v 0.283609 3.874770 0.298335
v 0.399555 4.045422 0.298335
v 0.519410 4.190444 0.298335
v 0.641191 4.305961 0.298335
v 0.762912 4.388097 0.298335
v 0.882587 4.432975 0.298335
v 0.998233 4.436721 0.298335
v 1.071835 4.413356 0.298335
v 1.131906 4.369998 0.298335
v 1.178957 4.308025 0.298335
v 1.213495 4.228811 0.298335
v 1.236030 4.133733 0.298335
v 1.247069 4.024166 0.298335
v 1.247123 3.901486 0.298335
v 1.236700 3.767068 0.298335
v 1.216307 3.622289 0.298335
v 1.186456 3.468525 0.298335
v 1.147654 3.307150 0.298335
v 1.100410 3.139542 0.298335
v 1.184296 3.305050 0.298335
v 1.258548 3.466063 0.298335
v 1.322411 3.622227 0.298335
v 1.375126 3.773189 0.298335
v 1.415938 3.918594 0.298335
v 1.444091 4.058091 0.298335
v 1.458827 4.191325 0.298335
v 1.459389 4.317944 0.298335
v 1.445023 4.437594 0.298335
v 1.414970 4.549922 0.298335
v 1.368474 4.654574 0.298335
v 1.304778 4.751198 0.298335
v 1.245213 4.797855 0.298335
v 1.181894 4.834446 0.298335
v 1.115127 4.860768 0.298335
v 1.045211 4.876616 0.298335
v 0.972448 4.881786 0.298335
v 0.897140 4.876073 0.298335
v 0.819589 4.859274 0.298335
v 0.740094 4.831182 0.298335
v 0.658958 4.791596 0.298335
v 0.576483 4.740309 0.298335
v 0.492969 4.677118 0.298335
v 0.408718 4.601818 0.298335
v 0.161856 4.340672 0.298335
v -0.054130 4.064238 0.298335
v -0.240895 3.773335 0.298335
v -0.400099 3.468782 0.298335
v -0.533398 3.151403 0.298335
v -0.642447 2.822016 0.298335
v -0.728905 2.481443 0.298335
v -0.794429 2.130504 0.298335
v -0.840675 1.770020 0.298335
v -0.869302 1.400811 0.298335
v -0.881966 1.023697 0.298335
v -0.880323 0.639501 0.298335
v -0.782041 0.874005 0.298335
v -0.661337 1.076203 0.298335
v -0.518939 1.247145 0.298335
v -0.355575 1.387880 0.298335
v -0.171972 1.499456 0.298335
v 0.031138 1.582924 0.298335
v 0.253032 1.639332 0.298335
v 0.492979 1.669730 0.298335
v 0.750249 1.675166 0.298335
v 1.024117 1.656690 0.298335
v 1.313854 1.615350 0.298335
v 1.618732 1.552197 0.298335
v 1.389125 1.353882 0.298335
v 1.389125 1.353882 -0.298333
v 1.163764 1.171423 0.298335
v 1.163764 1.171423 -0.298333
v 0.942647 1.004826 0.298335
v 0.942647 1.004826 -0.298333
v 0.725774 0.854093 0.298335
v 0.725774 0.854093 -0.298333
v 0.513148 0.719229 0.298335
v 0.513148 0.719229 -0.298333
v 0.304769 0.600238 0.298335
v 0.304769 0.600238 -0.298332
v 0.100638 0.497125 0.298335
v 0.100638 0.497125 -0.298332
v -0.099245 0.409894 0.298335
v -0.099245 0.409894 -0.298332
v -0.294876 0.338548 0.298335
v -0.294876 0.338548 -0.298332
v -0.486257 0.283092 0.298335
v -0.486257 0.283092 -0.298332
v -0.673385 0.243529 0.298335
v -0.673385 0.243529 -0.298332
v -0.856259 0.219865 0.298335
v -0.856259 0.219865 -0.298332
v -0.856259 0.203470 0.298335
v -0.856259 0.203470 -0.298332
v -0.856259 0.158144 0.298335
v -0.856259 0.158144 -0.298332
v -0.856259 0.089674 0.298335
v -0.856259 0.089674 -0.298332
v -0.856259 0.003844 0.298335
v -0.856259 0.003844 -0.298332
v -0.856259 -0.093558 0.298335
v -0.856259 -0.093558 -0.298332
v -0.856259 -0.196746 0.298335
v -0.856259 -0.196746 -0.298332
v -0.856259 -0.299935 0.298335
v -0.856259 -0.299935 -0.298332
v -0.856259 -0.397337 0.298335
v -0.856259 -0.397337 -0.298332
v -0.856259 -0.483167 0.298335
v -0.856259 -0.483167 -0.298332
v -0.856259 -0.551638 0.298335
v -0.856259 -0.551638 -0.298332
v -0.856259 -0.596963 0.298335
v -0.856259 -0.596963 -0.298332
v -0.856259 -0.613358 0.298335
v -0.856259 -0.613358 -0.298332
v -0.708673 -0.565425 0.298335
v -0.708673 -0.565425 -0.298332
v -0.498192 -0.492507 0.298335
v -0.498192 -0.492507 -0.298332
v -0.235107 -0.390643 0.298335
v -0.235107 -0.390643 -0.298332
v 0.070291 -0.255873 0.298335
v 0.070291 -0.255873 -0.298332
v 0.407711 -0.084238 0.298335
v 0.407711 -0.084238 -0.298332
v 0.766864 0.128221 0.298335
v 0.766864 0.128221 -0.298333
v 1.137460 0.385465 0.298335
v 1.137460 0.385465 -0.298333
v 1.509206 0.691452 0.298335
v 1.509206 0.691452 -0.298333
v 1.871814 1.050142 0.298335
v 1.871814 1.050142 -0.298333
v 2.214991 1.465495 0.298335
v 2.214991 1.465495 -0.298333
v 2.528447 1.941470 0.298335
v 2.528447 1.941470 -0.298333
v 2.801893 2.482028 0.298335
v 2.801893 2.482028 -0.298333
v 2.738437 2.414776 0.298335
v 2.738437 2.414776 -0.298333
v 2.674634 2.349952 0.298335
v 2.674634 2.349952 -0.298333
v 2.610463 2.287696 0.298335
v 2.610463 2.287696 -0.298333
v 2.545906 2.228150 0.298335
v 2.545906 2.228150 -0.298333
v 2.480942 2.171453 0.298335
v 2.480942 2.171453 -0.298333
v 2.415551 2.117746 0.298335
v 2.415551 2.117746 -0.298333
v 2.349712 2.067170 0.298335
v 2.349712 2.067170 -0.298333
v 2.283407 2.019865 0.298335
v 2.283407 2.019865 -0.298333
v 2.216614 1.975973 0.298335
v 2.216614 1.975973 -0.298333
v 2.149314 1.935633 0.298335
v 2.149314 1.935633 -0.298333
v 2.081487 1.898986 0.298335
v 2.081487 1.898986 -0.298333
v 2.013113 1.866174 0.298335
v 2.013113 1.866174 -0.298333
v 2.122835 1.992156 0.298335
v 2.122835 1.992156 -0.298333
v 2.225493 2.116506 0.298335
v 2.225493 2.116506 -0.298333
v 2.321338 2.239284 0.298335
v 2.321338 2.239284 -0.298333
v 2.410620 2.360547 0.298335
v 2.410620 2.360547 -0.298333
v 2.493588 2.480352 0.298335
v 2.493588 2.480352 -0.298333
v 2.570493 2.598759 0.298335
v 2.570493 2.598759 -0.298333
v 2.641585 2.715823 0.298335
v 2.641585 2.715823 -0.298333
v 2.707113 2.831604 0.298335
v 2.707113 2.831604 -0.298333
v 2.767328 2.946159 0.298335
v 2.767328 2.946159 -0.298333
v 2.822481 3.059545 0.298335
v 2.822481 3.059545 -0.298333
v 2.872820 3.171821 0.298335
v 2.872820 3.171821 -0.298333
v 2.918597 3.283043 0.298335
v 2.918597 3.283043 -0.298333
v 2.833200 3.153262 0.298335
v 2.833200 3.153262 -0.298333
v 2.745921 3.031439 0.298335
v 2.745921 3.031439 -0.298333
v 2.656600 2.918330 0.298335
v 2.656600 2.918330 -0.298333
v 2.565078 2.814693 0.298335
v 2.565078 2.814693 -0.298333
v 2.471197 2.721283 0.298335
v 2.471197 2.721283 -0.298333
v 2.374797 2.638857 0.298335
v 2.374797 2.638857 -0.298333
v 2.275720 2.568171 0.298335
v 2.275720 2.568171 -0.298333
v 2.173808 2.509981 0.298335
v 2.173808 2.509981 -0.298333
v 2.068900 2.465044 0.298335
v 2.068900 2.465044 -0.298333
v 1.960839 2.434116 0.298335
v 1.960839 2.434116 -0.298333
v 1.849465 2.417954 0.298335
v 1.849465 2.417954 -0.298333
v 1.734621 2.417313 0.298335
v 1.734621 2.417313 -0.298333
v 1.627686 2.433948 0.298335
v 1.627686 2.433948 -0.298333
v 1.514895 2.467088 0.298335
v 1.514895 2.467088 -0.298333
v 1.394960 2.511385 0.298335
v 1.394960 2.511385 -0.298333
v 1.266590 2.561490 0.298335
v 1.266590 2.561490 -0.298333
v 1.128495 2.612056 0.298335
v 1.128495 2.612056 -0.298333
v 0.979386 2.657734 0.298335
v 0.979386 2.657734 -0.298333
v 0.817974 2.693177 0.298335
v 0.817974 2.693177 -0.298333
v 0.642967 2.713037 0.298335
v 0.642967 2.713037 -0.298333
v 0.453077 2.711965 0.298335
v 0.453077 2.711965 -0.298332
v 0.247015 2.684614 0.298335
v 0.247015 2.684614 -0.298332
v 0.023490 2.625635 0.298335
v 0.023490 2.625635 -0.298332
v -0.218787 2.529680 0.298335
v -0.218787 2.529680 -0.298332
v -0.167989 2.772718 0.298335
v -0.167989 2.772718 -0.298332
v -0.101370 3.013381 0.298335
v -0.101370 3.013381 -0.298332
v -0.020915 3.247794 0.298335
v -0.020915 3.247794 -0.298332
v 0.071389 3.472080 0.298335
v 0.071389 3.472080 -0.298332
v 0.173559 3.682364 0.298335
v 0.173559 3.682364 -0.298332
v 0.283609 3.874770 0.298335
v 0.283609 3.874770 -0.298332
v 0.399555 4.045422 0.298335
v 0.399555 4.045422 -0.298332
v 0.519410 4.190444 0.298335
v 0.519410 4.190444 -0.298333
v 0.641191 4.305961 0.298335
v 0.641191 4.305961 -0.298333
v 0.762912 4.388097 0.298335
v 0.762912 4.388097 -0.298333
v 0.882587 4.432975 0.298335
v 0.882587 4.432975 -0.298333
v 0.998233 4.436721 0.298335
v 0.998233 4.436721 -0.298333
v 1.071835 4.413356 0.298335
v 1.071835 4.413356 -0.298333
v 1.131906 4.369998 0.298335
v 1.131906 4.369998 -0.298333
v 1.178957 4.308025 0.298335
v 1.178957 4.308025 -0.298333
v 1.213495 4.228811 0.298335
v 1.213495 4.228811 -0.298333
v 1.236030 4.133733 0.298335
v 1.236030 4.133733 -0.298333
v 1.247069 4.024166 0.298335
v 1.247069 4.024166 -0.298333
v 1.247123 3.901486 0.298335
v 1.247123 3.901486 -0.298333
v 1.236700 3.767068 0.298335
v 1.236700 3.767068 -0.298333
v 1.216307 3.622289 0.298335
v 1.216307 3.622289 -0.298333
v 1.186456 3.468525 0.298335
v 1.186456 3.468525 -0.298333
v 1.147654 3.307150 0.298335
v 1.147654 3.307150 -0.298333
v 1.100410 3.139542 0.298335
v 1.100410 3.139542 -0.298333
v 1.184296 3.305050 0.298335
v 1.184296 3.305050 -0.298333
v 1.258548 3.466063 0.298335
v 1.258548 3.466063 -0.298333
v 1.322411 3.622227 0.298335
v 1.322411 3.622227 -0.298333
v 1.375126 3.773189 0.298335
v 1.375126 3.773189 -0.298333
v 1.415938 3.918594 0.298335
v 1.415938 3.918594 -0.298333
v 1.444091 4.058091 0.298335
v 1.444091 4.058091 -0.298333
v 1.458827 4.191325 0.298335
v 1.458827 4.191325 -0.298333
v 1.459389 4.317944 0.298335
v 1.459389 4.317944 -0.298333
v 1.445023 4.437594 0.298335
v 1.445023 4.437594 -0.298333
v 1.414970 4.549922 0.298335
v 1.414970 4.549922 -0.298333
v 1.368474 4.654574 0.298335
v 1.368474 4.654574 -0.298333
v 1.304778 4.751198 0.298335
v 1.304778 4.751198 -0.298333
v 1.245213 4.797855 0.298335
v 1.245213 4.797855 -0.298333
v 1.181894 4.834446 0.298335
v 1.181894 4.834446 -0.298333
v 1.115127 4.860768 0.298335
v 1.115127 4.860768 -0.298333
v 1.045211 4.876616 0.298335
v 1.045211 4.876616 -0.298333
v 0.972448 4.881786 0.298335
v 0.972448 4.881786 -0.298333
v 0.897140 4.876073 0.298335
v 0.897140 4.876073 -0.298333
v 0.819589 4.859274 0.298335
v 0.819589 4.859274 -0.298333
v 0.740094 4.831182 0.298335
v 0.740094 4.831182 -0.298333
v 0.658958 4.791596 0.298335
v 0.658958 4.791596 -0.298333
v 0.576483 4.740309 0.298335
v 0.576483 4.740309 -0.298333
v 0.492969 4.677118 0.298335
v 0.492969 4.677118 -0.298333
v 0.408718 4.601818 0.298335
v 0.408718 4.601818 -0.298332
v 0.161856 4.340672 0.298335
v 0.161856 4.340672 -0.298332
v -0.054130 4.064238 0.298335
v -0.054130 4.064238 -0.298332
v -0.240895 3.773335 0.298335
v -0.240895 3.773335 -0.298332
v -0.400099 3.468782 0.298335
v -0.400099 3.468782 -0.298332
v -0.533398 3.151403 0.298335
v -0.533398 3.151403 -0.298332
v -0.642447 2.822016 0.298335
v -0.642447 2.822016 -0.298332
v -0.728905 2.481443 0.298335
v -0.728905 2.481443 -0.298332
v -0.794429 2.130504 0.298335
v -0.794429 2.130504 -0.298332
v -0.840675 1.770020 0.298335
v -0.840675 1.770020 -0.298332
v -0.869302 1.400811 0.298335
v -0.869302 1.400811 -0.298332
v -0.881966 1.023697 0.298335
v -0.881966 1.023697 -0.298332
v -0.880323 0.639501 0.298335
v -0.880323 0.639501 -0.298332
v -0.782041 0.874005 0.298335
v -0.782041 0.874005 -0.298332
v -0.661337 1.076203 0.298335
v -0.661337 1.076203 -0.298332
v -0.518939 1.247145 0.298335
v -0.518939 1.247145 -0.298332
v -0.355575 1.387880 0.298335
v -0.355575 1.387880 -0.298332
v -0.171972 1.499456 0.298335
v -0.171972 1.499456 -0.298332
v 0.031138 1.582924 0.298335
v 0.031138 1.582924 -0.298332
v 0.253032 1.639332 0.298335
v 0.253032 1.639332 -0.298332
v 0.492979 1.669730 0.298335
v 0.492979 1.669730 -0.298333
v 0.750249 1.675166 0.298335
v 0.750249 1.675166 -0.298333
v 1.024117 1.656690 0.298335
v 1.024117 1.656690 -0.298333
v 1.313854 1.615350 0.298335
v 1.313854 1.615350 -0.298333
v 1.618732 1.552197 0.298335
v 1.618732 1.552197 -0.298333
vn -0.0000 -0.0000 -1.0000
vn -0.0000 -0.0000 1.0000
vn -0.6415 0.7671 -0.0000
vn -0.6156 0.7881 -0.0000
vn -0.5863 0.8101 -0.0000
vn -0.5533 0.8330 -0.0000
vn -0.5159 0.8567 -0.0000
vn -0.4735 0.8808 -0.0000
vn -0.4256 0.9049 -0.0000
vn -0.3715 0.9284 -0.0000
vn -0.3106 0.9505 -0.0000
vn -0.2427 0.9701 -0.0000
vn -0.1677 0.9858 -0.0000
vn -0.7511 0.6602 -0.0000
vn -1.0000 -0.0000 -0.0000
vn -0.5878 -0.8090 -0.0000
vn 0.3181 -0.9480 -0.0000
vn 0.3443 -0.9389 -0.0000
vn 0.3825 -0.9240 -0.0000
vn 0.4287 -0.9034 -0.0000
vn 0.4815 -0.8764 -0.0000
vn 0.5400 -0.8416 -0.0000
vn 0.6034 -0.7975 -0.0000
vn 0.6701 -0.7423 -0.0000
vn 0.7380 -0.6748 -0.0000
vn 0.8042 -0.5943 -0.0000
vn 0.8652 -0.5015 -0.0000
vn 0.5748 0.8183 -0.0000
vn -0.7201 0.6939 -0.0000
vn -0.7046 0.7096 -0.0000
vn -0.6872 0.7265 -0.0000
vn -0.6678 0.7443 -0.0000
vn -0.6462 0.7632 -0.0000
vn -0.6220 0.7830 -0.0000
vn -0.5951 0.8037 -0.0000
vn -0.5651 0.8250 -0.0000
vn -0.5318 0.8469 -0.0000
vn -0.4949 0.8690 -0.0000
vn -0.4541 0.8909 -0.0000
vn 0.7956 0.6059 -0.0000
vn 0.7627 -0.6468 -0.0000
vn 0.7798 -0.6261 -0.0000
vn 0.7968 -0.6042 -0.0000
vn 0.8138 -0.5812 -0.0000
vn 0.8305 -0.5571 -0.0000
vn 0.8468 -0.5319 -0.0000
vn 0.8626 -0.5059 -0.0000
vn 0.8778 -0.4790 -0.0000
vn 0.8923 -0.4514 -0.0000
vn 0.9060 -0.4233 -0.0000
vn 0.9187 -0.3949 -0.0000
vn 0.4673 0.8841 -0.0000
vn -0.8243 0.5662 -0.0000
vn -0.7991 0.6012 -0.0000
vn -0.7675 0.6411 -0.0000
vn -0.7278 0.6858 -0.0000
vn -0.6781 0.7350 -0.0000
vn -0.6159 0.7878 -0.0000
vn -0.5390 0.8423 -0.0000
vn -0.4455 0.8953 -0.0000
vn -0.3351 0.9422 -0.0000
vn -0.2099 0.9777 -0.0000
vn -0.0748 0.9972 -0.0000
vn 0.0743 0.9972 -0.0000
vn 0.2183 0.9759 -0.0000
vn 0.3144 0.9493 -0.0000
vn 0.3550 0.9348 -0.0000
vn 0.3537 0.9353 -0.0000
vn 0.3185 0.9479 -0.0000
vn 0.2539 0.9672 -0.0000
vn 0.1638 0.9865 -0.0000
vn 0.0536 0.9986 -0.0000
vn -0.0687 0.9976 -0.0000
vn -0.1937 0.9811 -0.0000
vn -0.3122 0.9500 -0.0000
vn 0.6441 0.7649 -0.0000
vn 0.9718 -0.2358 -0.0000
vn 0.9552 -0.2958 -0.0000
vn 0.9357 -0.3528 -0.0000
vn 0.9125 -0.4090 -0.0000
vn 0.8842 -0.4670 -0.0000
vn 0.8482 -0.5296 -0.0000
vn 0.7999 -0.6002 -0.0000
vn 0.7309 -0.6825 -0.0000
vn 0.6259 -0.7799 -0.0000
vn 0.4584 -0.8887 -0.0000
vn 0.1943 -0.9809 -0.0000
vn -0.1371 -0.9906 -0.0000
vn -0.4496 -0.8932 -0.0000
vn -0.6985 -0.7156 -0.0000
vn -0.8627 -0.5058 -0.0000
vn -0.9486 -0.3164 -0.0000
vn -0.9862 -0.1658 -0.0000
vn -0.9987 -0.0504 -0.0000
vn -0.9993 0.0385 -0.0000
vn -0.9941 0.1084 -0.0000
vn -0.9863 0.1651 -0.0000
vn -0.9772 0.2122 -0.0000
vn -0.9676 0.2526 -0.0000
vn -0.3634 -0.9316 -0.0000
vn 0.9002 -0.4355 -0.0000
vn 0.9171 -0.3987 -0.0000
vn 0.9352 -0.3542 -0.0000
vn 0.9539 -0.3001 -0.0000
vn 0.9722 -0.2342 -0.0000
vn 0.9881 -0.1540 -0.0000
vn 0.9984 -0.0573 -0.0000
vn 0.9983 0.0575 -0.0000
vn 0.9819 0.1893 -0.0000
vn 0.9428 0.3333 -0.0000
vn 0.8774 0.4798 -0.0000
vn 0.7354 0.6777 -0.0000
vn 0.5599 0.8286 -0.0000
vn 0.4348 0.9005 -0.0000
vn 0.2948 0.9556 -0.0000
vn 0.1464 0.9892 -0.0000
vn -0.0024 1.0000 -0.0000
vn -0.1440 0.9896 -0.0000
vn -0.2730 0.9620 -0.0000
vn -0.3865 0.9223 -0.0000
vn -0.4839 0.8751 -0.0000
vn -0.5663 0.8242 -0.0000
vn -0.6354 0.7722 -0.0000
vn -0.6972 0.7169 -0.0000
vn -0.7582 0.6520 -0.0000
vn -0.8156 0.5786 -0.0000
vn -0.8647 0.5023 -0.0000
vn -0.9049 0.4256 -0.0000
vn -0.9364 0.3510 -0.0000
vn -0.9599 0.2804 -0.0000
vn -0.9766 0.2149 -0.0000
vn -0.9878 0.1555 -0.0000
vn -0.9948 0.1023 -0.0000
vn -0.9985 0.0554 -0.0000
vn -0.9999 0.0146 -0.0000
vn -0.1950 -0.9808 -0.0000
vn 0.8927 -0.4507 -0.0000
vn 0.8160 -0.5781 -0.0000
vn 0.7129 -0.7012 -0.0000
vn 0.5880 -0.8089 -0.0000
vn 0.4511 -0.8925 -0.0000
vn 0.3140 -0.9494 -0.0000
vn 0.1864 -0.9825 -0.0000
vn 0.0735 -0.9973 -0.0000
vn -0.0231 -0.9997 -0.0000
vn -0.1044 -0.9945 -0.0000
vn -0.1721 -0.9851 -0.0000
vn -0.9679 -0.2514 -0.0000
vt 0.909677 0.000000
vt 0.922581 0.000000
vt 0.916129 0.000000
vt 0.929032 0.000000
vt 0.903226 0.000000
vt 0.064516 0.000000
vt 0.077419 0.000000
vt 0.070968 0.000000
vt 0.083871 0.000000
vt 0.090323 0.000000
vt 0.096774 0.000000
vt 0.103226 0.000000
vt 0.109677 0.000000
vt 0.116129 0.000000
vt 0.122581 0.000000
vt 0.129032 0.000000
vt 0.135484 0.000000
vt 0.141935 0.000000
vt 0.148387 0.000000
vt 0.154839 0.000000
vt 0.896774 0.000000
vt 0.890323 0.000000
vt 0.935484 0.000000
vt 0.883871 0.000000
vt 0.161290 0.000000
vt 0.058065 0.000000
vt 0.941935 0.000000
vt 0.877419 0.000000
vt 0.870968 0.000000
vt 0.948387 0.000000
vt 0.167742 0.000000
vt 0.051613 0.000000
vt 0.864516 0.000000
vt 0.535484 0.000000
vt 0.954839 0.000000
vt 0.045161 0.000000
vt 0.858065 0.000000
vt 0.174194 0.000000
vt 0.541936 0.000000
vt 0.529032 0.000000
vt 0.961290 0.000000
vt 0.548387 0.000000
vt 0.554839 0.000000
vt 0.038710 0.000000
vt 0.851613 0.000000
vt 0.561290 0.000000
vt 0.522581 0.000000
vt 0.967742 0.000000
vt 0.180645 0.000000
vt 0.567742 0.000000
vt 0.032258 0.000000
vt 0.845161 0.000000
vt 0.574194 0.000000
vt 0.516129 0.000000
vt 0.974194 0.000000
vt 0.580645 0.000000
vt 0.025806 0.000000
vt 0.587097 0.000000
vt 0.187097 0.000000
vt 0.838710 0.000000
vt 0.509677 0.000000
vt 0.832258 0.000000
vt 0.980645 0.000000
vt 0.019355 0.000000
vt 0.593548 0.000000
vt 0.825806 0.000000
vt 0.600000 0.000000
vt 0.503226 0.000000
vt 0.819355 0.000000
vt 0.012903 0.000000
vt 0.812903 0.000000
vt 0.987097 0.000000
vt 0.606452 0.000000
vt 0.193548 0.000000
vt 0.496774 0.000000
vt 0.806452 0.000000
vt 0.612903 0.000000
vt 0.800000 0.000000
vt 0.006452 0.000000
vt 0.793548 0.000000
vt 0.490323 0.000000
vt 0.619355 0.000000
vt 0.993548 0.000000
vt 0.787097 0.000000
vt 0.625806 0.000000
vt 0.683871 0.000000
vt 0.696774 0.000000
vt 0.690323 0.000000
vt 0.780645 0.000000
vt 0.483871 0.000000
vt 0.632258 0.000000
vt 0.200000 0.000000
vt 0.677419 0.000000
vt 0.000000 0.000000
vt 0.638710 0.000000
vt 0.774194 0.000000
vt 0.703226 0.000000
vt 0.670968 0.000000
vt 0.645161 0.000000
vt 0.664516 0.000000
vt 0.651613 0.000000
vt 0.658065 0.000000
vt 0.767742 0.000000
vt 0.709677 0.000000
vt 0.477419 0.000000
vt 0.761290 0.000000
vt 1.000000 0.000000
vt 0.716129 0.000000
vt 0.754839 0.000000
vt 0.722581 0.000000
vt 0.470968 0.000000
vt 0.748387 0.000000
vt 0.729032 0.000000
vt 0.735484 0.000000
vt 0.741935 0.000000
vt 0.206452 0.000000
vt 0.464516 0.000000
vt 0.458065 0.000000
vt 0.451613 0.000000
vt 0.445161 0.000000
vt 0.303226 0.000000
vt 0.212903 0.000000
vt 0.438710 0.000000
vt 0.309677 0.000000
vt 0.296774 0.000000
vt 0.432258 0.000000
vt 0.290323 0.000000
vt 0.316129 0.000000
vt 0.283871 0.000000
vt 0.425806 0.000000
vt 0.219355 0.000000
vt 0.277419 0.000000
vt 0.322581 0.000000
vt 0.419355 0.000000
vt 0.270968 0.000000
vt 0.329032 0.000000
vt 0.264516 0.000000
vt 0.412903 0.000000
vt 0.335484 0.000000
vt 0.258065 0.000000
vt 0.406452 0.000000
vt 0.251613 0.000000
vt 0.341935 0.000000
vt 0.245161 0.000000
vt 0.238710 0.000000
vt 0.232258 0.000000
vt 0.225806 0.000000
vt 0.400000 0.000000
vt 0.348387 0.000000
vt 0.354839 0.000000
vt 0.393548 0.000000
vt 0.361290 0.000000
vt 0.387097 0.000000
vt 0.367742 0.000000
vt 0.374194 0.000000
vt 0.380645 0.000000
vt 0.000000 1.000000
vt 0.006410 1.000000
vt 0.006410 0.000000
vt 0.012821 1.000000
vt 0.012821 0.000000
vt 0.019231 1.000000
vt 0.019231 0.000000
vt 0.025641 1.000000
vt 0.025641 0.000000
vt 0.032051 1.000000
vt 0.032051 0.000000
vt 0.038462 1.000000
vt 0.038462 0.000000
vt 0.044872 1.000000
vt 0.044872 0.000000
vt 0.051282 1.000000
vt 0.051282 0.000000
vt 0.057692 1.000000
vt 0.057692 0.000000
vt 0.064103 1.000000
vt 0.064103 0.000000
vt 0.070513 1.000000
vt 0.070513 0.000000
vt 0.076923 1.000000
vt 0.076923 0.000000
vt 0.083333 1.000000
vt 0.083333 0.000000
vt 0.089744 1.000000
vt 0.089744 0.000000
vt 0.096154 1.000000
vt 0.096154 0.000000
vt 0.102564 1.000000
vt 0.102564 0.000000
vt 0.108974 1.000000
vt 0.108974 0.000000
vt 0.115385 1.000000
vt 0.115385 0.000000
vt 0.121795 1.000000
vt 0.121795 0.000000
vt 0.128205 1.000000
vt 0.128205 0.000000
vt 0.134615 1.000000
vt 0.134615 0.000000
vt 0.141026 1.000000
vt 0.141026 0.000000
vt 0.147436 1.000000
vt 0.147436 0.000000
vt 0.153846 1.000000
vt 0.153846 0.000000
vt 0.160256 1.000000
vt 0.160256 0.000000
vt 0.166667 1.000000
vt 0.166667 0.000000
vt 0.173077 1.000000
vt 0.173077 0.000000
vt 0.179487 1.000000
vt 0.179487 0.000000
vt 0.185897 1.000000
vt 0.185897 0.000000
vt 0.192308 1.000000
vt 0.192308 0.000000
vt 0.198718 1.000000
vt 0.198718 0.000000
vt 0.205128 1.000000
vt 0.205128 0.000000
vt 0.211538 1.000000
vt 0.211538 0.000000
vt 0.217949 1.000000
vt 0.217949 0.000000
vt 0.224359 1.000000
vt 0.224359 0.000000
vt 0.230769 1.000000
vt 0.230769 0.000000
vt 0.237179 1.000000
vt 0.237179 0.000000
vt 0.243590 1.000000
vt 0.243590 0.000000
vt 0.250000 1.000000
vt 0.250000 0.000000
vt 0.256410 1.000000
vt 0.256410 0.000000
vt 0.262821 1.000000
vt 0.262821 0.000000
vt 0.269231 1.000000
vt 0.269231 0.000000
vt 0.275641 1.000000
vt 0.275641 0.000000
vt 0.282051 1.000000
vt 0.282051 0.000000
vt 0.288462 1.000000
vt 0.288462 0.000000
vt 0.294872 1.000000
vt 0.294872 0.000000
vt 0.301282 1.000000
vt 0.301282 0.000000
vt 0.307692 1.000000
vt 0.307692 0.000000
vt 0.314103 1.000000
vt 0.314103 0.000000
vt 0.320513 1.000000
vt 0.320513 0.000000
vt 0.326923 1.000000
vt 0.326923 0.000000
vt 0.333333 1.000000
vt 0.333333 0.000000
vt 0.339744 1.000000
vt 0.339744 0.000000
vt 0.346154 1.000000
vt 0.346154 0.000000
vt 0.352564 1.000000
vt 0.352564 0.000000
vt 0.358974 1.000000
vt 0.358974 0.000000
vt 0.365385 1.000000
vt 0.365385 0.000000
vt 0.371795 1.000000
vt 0.371795 0.000000
vt 0.378205 1.000000
vt 0.378205 0.000000
vt 0.384615 1.000000
vt 0.384615 0.000000
vt 0.391026 1.000000
vt 0.391026 0.000000
vt 0.397436 1.000000
vt 0.397436 0.000000
vt 0.403846 1.000000
vt 0.403846 0.000000
vt 0.410256 1.000000
vt 0.410256 0.000000
vt 0.416667 1.000000
vt 0.416667 0.000000
vt 0.423077 1.000000
vt 0.423077 0.000000
vt 0.429487 1.000000
vt 0.429487 0.000000
vt 0.435897 1.000000
vt 0.435897 0.000000
vt 0.442308 1.000000
vt 0.442308 0.000000
vt 0.448718 1.000000
vt 0.448718 0.000000
vt 0.455128 1.000000
vt 0.455128 0.000000
vt 0.461538 1.000000
vt 0.461538 0.000000
vt 0.467949 1.000000
vt 0.467949 0.000000
vt 0.474359 1.000000
vt 0.474359 0.000000
vt 0.480769 1.000000
vt 0.480769 0.000000
vt 0.487179 1.000000
vt 0.487179 0.000000
vt 0.493590 1.000000
vt 0.493590 0.000000
vt 0.500000 1.000000
vt 0.500000 0.000000
vt 0.506410 1.000000
vt 0.506410 0.000000
vt 0.512821 1.000000
vt 0.512821 0.000000
vt 0.519231 1.000000
vt 0.519231 0.000000
vt 0.525641 1.000000
vt 0.525641 0.000000
vt 0.532051 1.000000
vt 0.532051 0.000000
vt 0.538462 1.000000
vt 0.538462 0.000000
vt 0.544872 1.000000
vt 0.544872 0.000000
vt 0.551282 1.000000
vt 0.551282 0.000000
vt 0.557692 1.000000
vt 0.557692 0.000000
vt 0.564103 1.000000
vt 0.564103 0.000000
vt 0.570513 1.000000
vt 0.570513 0.000000
vt 0.576923 1.000000
vt 0.576923 0.000000
vt 0.583333 1.000000
vt 0.583333 0.000000
vt 0.589744 1.000000
vt 0.589744 0.000000
vt 0.596154 1.000000
vt 0.596154 0.000000
vt 0.602564 1.000000
vt 0.602564 0.000000
vt 0.608974 1.000000
vt 0.608974 0.000000
vt 0.615385 1.000000
vt 0.615385 0.000000
vt 0.621795 1.000000
vt 0.621795 0.000000
vt 0.628205 1.000000
vt 0.628205 0.000000
vt 0.634615 1.000000
vt 0.634615 0.000000
vt 0.641026 1.000000
vt 0.641026 0.000000
vt 0.647436 1.000000
vt 0.647436 0.000000
vt 0.653846 1.000000
vt 0.653846 0.000000
vt 0.660256 1.000000
vt 0.660256 0.000000
vt 0.666667 1.000000
vt 0.666667 0.000000
vt 0.673077 1.000000
vt 0.673077 0.000000
vt 0.679487 1.000000
vt 0.679487 0.000000
vt 0.685897 1.000000
vt 0.685897 0.000000
vt 0.692308 1.000000
vt 0.692308 0.000000
vt 0.698718 1.000000
vt 0.698718 0.000000
vt 0.705128 1.000000
vt 0.705128 0.000000
vt 0.711538 1.000000
vt 0.711538 0.000000
vt 0.717949 1.000000
vt 0.717949 0.000000
vt 0.724359 1.000000
vt 0.724359 0.000000
vt 0.730769 1.000000
vt 0.730769 0.000000
vt 0.737179 1.000000
vt 0.737179 0.000000
vt 0.743590 1.000000
vt 0.743590 0.000000
vt 0.750000 1.000000
vt 0.750000 0.000000
vt 0.756410 1.000000
vt 0.756410 0.000000
vt 0.762821 1.000000
vt 0.762821 0.000000
vt 0.769231 1.000000
vt 0.769231 0.000000
vt 0.775641 1.000000
vt 0.775641 0.000000
vt 0.782051 1.000000
vt 0.782051 0.000000
vt 0.788462 1.000000
vt 0.788462 0.000000
vt 0.794872 1.000000
vt 0.794872 0.000000
vt 0.801282 1.000000
vt 0.801282 0.000000
vt 0.807692 1.000000
vt 0.807692 0.000000
vt 0.814103 1.000000
vt 0.814103 0.000000
vt 0.820513 1.000000
vt 0.820513 0.000000
vt 0.826923 1.000000
vt 0.826923 0.000000
vt 0.833333 1.000000
vt 0.833333 0.000000
vt 0.839744 1.000000
vt 0.839744 0.000000
vt 0.846154 1.000000
vt 0.846154 0.000000
vt 0.852564 1.000000
vt 0.852564 0.000000
vt 0.858974 1.000000
vt 0.858974 0.000000
vt 0.865385 1.000000
vt 0.865385 0.000000
vt 0.871795 1.000000
vt 0.871795 0.000000
vt 0.878205 1.000000
vt 0.878205 0.000000
vt 0.884615 1.000000
vt 0.884615 0.000000
vt 0.891026 1.000000
vt 0.891026 0.000000
vt 0.897436 1.000000
vt 0.897436 0.000000
vt 0.903846 1.000000
vt 0.903846 0.000000
vt 0.910256 1.000000
vt 0.910256 0.000000
vt 0.916667 1.000000
vt 0.916667 0.000000
vt 0.923077 1.000000
vt 0.923077 0.000000
vt 0.929487 1.000000
vt 0.929487 0.000000
vt 0.935897 1.000000
vt 0.935897 0.000000
vt 0.942308 1.000000
vt 0.942308 0.000000
vt 0.948718 1.000000
vt 0.948718 0.000000
vt 0.955128 1.000000
vt 0.955128 0.000000
vt 0.961538 1.000000
vt 0.961538 0.000000
vt 0.967949 1.000000
vt 0.967949 0.000000
vt 0.974359 1.000000
vt 0.974359 0.000000
vt 0.980769 1.000000
vt 0.980769 0.000000
vt 0.987179 1.000000
vt 0.987179 0.000000
vt 0.993590 1.000000
vt 0.993590 0.000000
vt 1.000000 1.000000
s 0
usemtl SVGMat.001
f 2686/1909/593 2688/1910/593 2687/1911/593
f 2686/1909/593 2689/1912/593 2688/1910/593
f 2685/1913/593 2689/1912/593 2686/1909/593
f 2555/1914/593 2557/1915/593 2556/1916/593
f 2555/1914/593 2558/1917/593 2557/1915/593
f 2555/1914/593 2559/1918/593 2558/1917/593
f 2555/1914/593 2560/1919/593 2559/1918/593
f 2555/1914/593 2561/1920/593 2560/1919/593
f 2555/1914/593 2562/1921/593 2561/1920/593
f 2555/1914/593 2563/1922/593 2562/1921/593
f 2555/1914/593 2564/1923/593 2563/1922/593
f 2555/1914/593 2565/1924/593 2564/1923/593
f 2555/1914/593 2566/1925/593 2565/1924/593
f 2555/1914/593 2567/1926/593 2566/1925/593
f 2555/1914/593 2568/1927/593 2567/1926/593
f 2555/1914/593 2569/1928/593 2568/1927/593
f 2684/1929/593 2689/1912/593 2685/1913/593
f 2683/1930/593 2689/1912/593 2684/1929/593
f 2683/1930/593 2690/1931/593 2689/1912/593
f 2682/1932/593 2690/1931/593 2683/1930/593
f 2555/1914/593 2570/1933/593 2569/1928/593
f 2554/1934/593 2570/1933/593 2555/1914/593
f 2682/1932/593 2691/1935/593 2690/1931/593
f 2681/1936/593 2691/1935/593 2682/1932/593
f 2680/1937/593 2691/1935/593 2681/1936/593
f 2680/1937/593 2692/1938/593 2691/1935/593
f 2554/1934/593 2571/1939/593 2570/1933/593
f 2553/1940/593 2571/1939/593 2554/1934/593
f 2679/1941/593 2692/1938/593 2680/1937/593
f 2679/1941/593 2628/1942/593 2692/1938/593
f 2628/1942/593 2693/1943/593 2692/1938/593
f 2552/1944/593 2571/1939/593 2553/1940/593
f 2678/1945/593 2628/1942/593 2679/1941/593
f 2552/1944/593 2572/1946/593 2571/1939/593
f 2678/1945/593 2629/1947/593 2628/1942/593
f 2627/1948/593 2693/1943/593 2628/1942/593
f 2627/1948/593 2694/1949/593 2693/1943/593
f 2678/1945/593 2630/1950/593 2629/1947/593
f 2678/1945/593 2631/1951/593 2630/1950/593
f 2551/1952/593 2572/1946/593 2552/1944/593
f 2677/1953/593 2631/1951/593 2678/1945/593
f 2677/1953/593 2632/1954/593 2631/1951/593
f 2626/1955/593 2694/1949/593 2627/1948/593
f 2626/1955/593 2695/1956/593 2694/1949/593
f 2551/1952/593 2573/1957/593 2572/1946/593
f 2677/1953/593 2633/1958/593 2632/1954/593
f 2550/1959/593 2573/1957/593 2551/1952/593
f 2676/1960/593 2633/1958/593 2677/1953/593
f 2676/1960/593 2634/1961/593 2633/1958/593
f 2625/1962/593 2695/1956/593 2626/1955/593
f 2625/1962/593 2696/1963/593 2695/1956/593
f 2676/1960/593 2635/1964/593 2634/1961/593
f 2549/1965/593 2573/1957/593 2550/1959/593
f 2676/1960/593 2636/1966/593 2635/1964/593
f 2549/1965/593 2574/1967/593 2573/1957/593
f 2675/1968/593 2636/1966/593 2676/1960/593
f 2624/1969/593 2696/1963/593 2625/1962/593
f 2674/1970/593 2636/1966/593 2675/1968/593
f 2624/1969/593 2697/1971/593 2696/1963/593
f 2548/1972/593 2574/1967/593 2549/1965/593
f 2674/1970/593 2637/1973/593 2636/1966/593
f 2673/1974/593 2637/1973/593 2674/1970/593
f 2673/1974/593 2638/1975/593 2637/1973/593
f 2623/1976/593 2697/1971/593 2624/1969/593
f 2672/1977/593 2638/1975/593 2673/1974/593
f 2547/1978/593 2574/1967/593 2548/1972/593
f 2671/1979/593 2638/1975/593 2672/1977/593
f 2623/1976/593 2698/1980/593 2697/1971/593
f 2671/1979/593 2639/1981/593 2638/1975/593
f 2547/1978/593 2575/1982/593 2574/1967/593
f 2622/1983/593 2698/1980/593 2623/1976/593
f 2670/1984/593 2639/1981/593 2671/1979/593
f 2670/1984/593 2640/1985/593 2639/1981/593
f 2669/1986/593 2640/1985/593 2670/1984/593
f 2546/1987/593 2575/1982/593 2547/1978/593
f 2668/1988/593 2640/1985/593 2669/1986/593
f 2621/1989/593 2698/1980/593 2622/1983/593
f 2668/1988/593 2641/1990/593 2640/1985/593
f 2621/1989/593 2699/1991/593 2698/1980/593
f 2667/1992/593 2641/1990/593 2668/1988/593
f 2667/1992/593 2642/1993/593 2641/1990/593
f 2651/1994/593 2653/1995/593 2652/1996/593
f 2666/1997/593 2642/1993/593 2667/1992/593
f 2620/1998/593 2699/1991/593 2621/1989/593
f 2666/1997/593 2643/1999/593 2642/1993/593
f 2546/1987/593 2576/2000/593 2575/1982/593
f 2650/2001/593 2653/1995/593 2651/1994/593
f 2545/2002/593 2576/2000/593 2546/1987/593
f 2666/1997/593 2644/2003/593 2643/1999/593
f 2665/2004/593 2644/2003/593 2666/1997/593
f 2650/2001/593 2654/2005/593 2653/1995/593
f 2649/2006/593 2654/2005/593 2650/2001/593
f 2665/2004/593 2645/2007/593 2644/2003/593
f 2648/2008/593 2654/2005/593 2649/2006/593
f 2665/2004/593 2646/2009/593 2645/2007/593
f 2647/2010/593 2654/2005/593 2648/2008/593
f 2664/2011/593 2646/2009/593 2665/2004/593
f 2664/2011/593 2647/2010/593 2646/2009/593
f 2664/2011/593 2654/2005/593 2647/2010/593
f 2664/2011/593 2655/2012/593 2654/2005/593
f 2619/2013/593 2699/1991/593 2620/1998/593
f 2663/2014/593 2655/2012/593 2664/2011/593
f 2619/2013/593 2700/2015/593 2699/1991/593
f 2663/2014/593 2656/2016/593 2655/2012/593
f 2662/2017/593 2656/2016/593 2663/2014/593
f 2662/2017/593 2657/2018/593 2656/2016/593
f 2700/2015/593 2576/2000/593 2545/2002/593
f 2618/2019/593 2700/2015/593 2619/2013/593
f 2661/2020/593 2657/2018/593 2662/2017/593
f 2661/2020/593 2658/2021/593 2657/2018/593
f 2661/2020/593 2659/2022/593 2658/2021/593
f 2660/2023/593 2659/2022/593 2661/2020/593
f 2700/2015/593 2577/2024/593 2576/2000/593
f 2617/2025/593 2700/2015/593 2618/2019/593
f 2617/2025/593 2577/2024/593 2700/2015/593
f 2616/2026/593 2577/2024/593 2617/2025/593
f 2615/2027/593 2577/2024/593 2616/2026/593
f 2614/2028/593 2577/2024/593 2615/2027/593
f 2614/2028/593 2592/2029/593 2577/2024/593
f 2592/2029/593 2578/2030/593 2577/2024/593
f 2613/2031/593 2592/2029/593 2614/2028/593
f 2613/2031/593 2593/2032/593 2592/2029/593
f 2591/2033/593 2578/2030/593 2592/2029/593
f 2612/2034/593 2593/2032/593 2613/2031/593
f 2590/2035/593 2578/2030/593 2591/2033/593
f 2612/2034/593 2594/2036/593 2593/2032/593
f 2589/2037/593 2578/2030/593 2590/2035/593
f 2611/2038/593 2594/2036/593 2612/2034/593
f 2589/2037/593 2579/2039/593 2578/2030/593
f 2588/2040/593 2579/2039/593 2589/2037/593
f 2611/2038/593 2595/2041/593 2594/2036/593
f 2610/2042/593 2595/2041/593 2611/2038/593
f 2587/2043/593 2579/2039/593 2588/2040/593
f 2610/2042/593 2596/2044/593 2595/2041/593
f 2586/2045/593 2579/2039/593 2587/2043/593
f 2609/2046/593 2596/2044/593 2610/2042/593
f 2609/2046/593 2597/2047/593 2596/2044/593
f 2585/2048/593 2579/2039/593 2586/2045/593
f 2608/2049/593 2597/2047/593 2609/2046/593
f 2584/2050/593 2579/2039/593 2585/2048/593
f 2608/2049/593 2598/2051/593 2597/2047/593
f 2584/2050/593 2583/2052/593 2579/2039/593
f 2583/2052/593 2582/2053/593 2579/2039/593
f 2582/2053/593 2581/2054/593 2579/2039/593
f 2581/2054/593 2580/2055/593 2579/2039/593
f 2607/2056/593 2598/2051/593 2608/2049/593
f 2607/2056/593 2599/2057/593 2598/2051/593
f 2607/2056/593 2600/2058/593 2599/2057/593
f 2606/2059/593 2600/2058/593 2607/2056/593
f 2606/2059/593 2601/2060/593 2600/2058/593
f 2605/2061/593 2601/2060/593 2606/2059/593
f 2605/2061/593 2602/2062/593 2601/2060/593
f 2605/2061/593 2603/2063/593 2602/2062/593
f 2604/2064/593 2603/2063/593 2605/2061/593
f 2842/1909/594 2843/1911/594 2844/1910/594
f 2842/1909/594 2844/1910/594 2845/1912/594
f 2841/1913/594 2842/1909/594 2845/1912/594
f 2711/1914/594 2712/1916/594 2713/1915/594
f 2711/1914/594 2713/1915/594 2714/1917/594
f 2711/1914/594 2714/1917/594 2715/1918/594
f 2711/1914/594 2715/1918/594 2716/1919/594
f 2711/1914/594 2716/1919/594 2717/1920/594
f 2711/1914/594 2717/1920/594 2718/1921/594
f 2711/1914/594 2718/1921/594 2719/1922/594
f 2711/1914/594 2719/1922/594 2720/1923/594
f 2711/1914/594 2720/1923/594 2721/1924/594
f 2711/1914/594 2721/1924/594 2722/1925/594
f 2711/1914/594 2722/1925/594 2723/1926/594
f 2711/1914/594 2723/1926/594 2724/1927/594
f 2711/1914/594 2724/1927/594 2725/1928/594
f 2840/1929/594 2841/1913/594 2845/1912/594
f 2839/1930/594 2840/1929/594 2845/1912/594
f 2839/1930/594 2845/1912/594 2846/1931/594
f 2838/1932/594 2839/1930/594 2846/1931/594
f 2711/1914/594 2725/1928/594 2726/1933/594
f 2710/1934/594 2711/1914/594 2726/1933/594
f 2838/1932/594 2846/1931/594 2847/1935/594
f 2837/1936/594 2838/1932/594 2847/1935/594
f 2836/1937/594 2837/1936/594 2847/1935/594
f 2836/1937/594 2847/1935/594 2848/1938/594
f 2710/1934/594 2726/1933/594 2727/1939/594
f 2709/1940/594 2710/1934/594 2727/1939/594
f 2835/1941/594 2836/1937/594 2848/1938/594
f 2835/1941/594 2848/1938/594 2784/1942/594
f 2784/1942/594 2848/1938/594 2849/1943/594
f 2708/1944/594 2709/1940/594 2727/1939/594
f 2834/1945/594 2835/1941/594 2784/1942/594
f 2708/1944/594 2727/1939/594 2728/1946/594
f 2834/1945/594 2784/1942/594 2785/1947/594
f 2783/1948/594 2784/1942/594 2849/1943/594
f 2783/1948/594 2849/1943/594 2850/1949/594
f 2834/1945/594 2785/1947/594 2786/1950/594
f 2834/1945/594 2786/1950/594 2787/1951/594
f 2707/1952/594 2708/1944/594 2728/1946/594
f 2833/1953/594 2834/1945/594 2787/1951/594
f 2833/1953/594 2787/1951/594 2788/1954/594
f 2782/1955/594 2783/1948/594 2850/1949/594
f 2782/1955/594 2850/1949/594 2851/1956/594
f 2707/1952/594 2728/1946/594 2729/1957/594
f 2833/1953/594 2788/1954/594 2789/1958/594
f 2706/1959/594 2707/1952/594 2729/1957/594
f 2832/1960/594 2833/1953/594 2789/1958/594
f 2832/1960/594 2789/1958/594 2790/1961/594
f 2781/1962/594 2782/1955/594 2851/1956/594
f 2781/1962/594 2851/1956/594 2852/1963/594
f 2832/1960/594 2790/1961/594 2791/1964/594
f 2705/1965/594 2706/1959/594 2729/1957/594
f 2832/1960/594 2791/1964/594 2792/1966/594
f 2705/1965/594 2729/1957/594 2730/1967/594
f 2831/1968/594 2832/1960/594 2792/1966/594
f 2780/1969/594 2781/1962/594 2852/1963/594
f 2830/1970/594 2831/1968/594 2792/1966/594
f 2780/1969/594 2852/1963/594 2853/1971/594
f 2704/1972/594 2705/1965/594 2730/1967/594
f 2830/1970/594 2792/1966/594 2793/1973/594
f 2829/1974/594 2830/1970/594 2793/1973/594
f 2829/1974/594 2793/1973/594 2794/1975/594
f 2779/1976/594 2780/1969/594 2853/1971/594
f 2828/1977/594 2829/1974/594 2794/1975/594
f 2703/1978/594 2704/1972/594 2730/1967/594
f 2827/1979/594 2828/1977/594 2794/1975/594
f 2779/1976/594 2853/1971/594 2854/1980/594
f 2827/1979/594 2794/1975/594 2795/1981/594
f 2703/1978/594 2730/1967/594 2731/1982/594
f 2778/1983/594 2779/1976/594 2854/1980/594
f 2826/1984/594 2827/1979/594 2795/1981/594
f 2826/1984/594 2795/1981/594 2796/1985/594
f 2825/1986/594 2826/1984/594 2796/1985/594
f 2702/1987/594 2703/1978/594 2731/1982/594
f 2824/1988/594 2825/1986/594 2796/1985/594
f 2777/1989/594 2778/1983/594 2854/1980/594
f 2824/1988/594 2796/1985/594 2797/1990/594
f 2777/1989/594 2854/1980/594 2855/1991/594
f 2823/1992/594 2824/1988/594 2797/1990/594
f 2823/1992/594 2797/1990/594 2798/1993/594
f 2807/1994/594 2808/1996/594 2809/1995/594
f 2822/1997/594 2823/1992/594 2798/1993/594
f 2776/1998/594 2777/1989/594 2855/1991/594
f 2822/1997/594 2798/1993/594 2799/1999/594
f 2702/1987/594 2731/1982/594 2732/2000/594
f 2806/2001/594 2807/1994/594 2809/1995/594
f 2701/2002/594 2702/1987/594 2732/2000/594
f 2822/1997/594 2799/1999/594 2800/2003/594
f 2821/2004/594 2822/1997/594 2800/2003/594
f 2806/2001/594 2809/1995/594 2810/2005/594
f 2805/2006/594 2806/2001/594 2810/2005/594
f 2821/2004/594 2800/2003/594 2801/2007/594
f 2804/2008/594 2805/2006/594 2810/2005/594
f 2821/2004/594 2801/2007/594 2802/2009/594
f 2803/2010/594 2804/2008/594 2810/2005/594
f 2820/2011/594 2821/2004/594 2802/2009/594
f 2820/2011/594 2802/2009/594 2803/2010/594
f 2820/2011/594 2803/2010/594 2810/2005/594
f 2820/2011/594 2810/2005/594 2811/2012/594
f 2775/2013/594 2776/1998/594 2855/1991/594
f 2819/2014/594 2820/2011/594 2811/2012/594
f 2775/2013/594 2855/1991/594 2856/2015/594
f 2819/2014/594 2811/2012/594 2812/2016/594
f 2818/2017/594 2819/2014/594 2812/2016/594
f 2818/2017/594 2812/2016/594 2813/2018/594
f 2856/2015/594 2701/2002/594 2732/2000/594
f 2774/2019/594 2775/2013/594 2856/2015/594
f 2817/2020/594 2818/2017/594 2813/2018/594
f 2817/2020/594 2813/2018/594 2814/2021/594
f 2817/2020/594 2814/2021/594 2815/2022/594
f 2816/2023/594 2817/2020/594 2815/2022/594
f 2856/2015/594 2732/2000/594 2733/2024/594
f 2773/2025/594 2774/2019/594 2856/2015/594
f 2773/2025/594 2856/2015/594 2733/2024/594
f 2772/2026/594 2773/2025/594 2733/2024/594
f 2771/2027/594 2772/2026/594 2733/2024/594
f 2770/2028/594 2771/2027/594 2733/2024/594
f 2770/2028/594 2733/2024/594 2748/2029/594
f 2748/2029/594 2733/2024/594 2734/2030/594
f 2769/2031/594 2770/2028/594 2748/2029/594
f 2769/2031/594 2748/2029/594 2749/2032/594
f 2747/2033/594 2748/2029/594 2734/2030/594
f 2768/2034/594 2769/2031/594 2749/2032/594
f 2746/2035/594 2747/2033/594 2734/2030/594
f 2768/2034/594 2749/2032/594 2750/2036/594
f 2745/2037/594 2746/2035/594 2734/2030/594
f 2767/2038/594 2768/2034/594 2750/2036/594
f 2745/2037/594 2734/2030/594 2735/2039/594
f 2744/2040/594 2745/2037/594 2735/2039/594
f 2767/2038/594 2750/2036/594 2751/2041/594
f 2766/2042/594 2767/2038/594 2751/2041/594
f 2743/2043/594 2744/2040/594 2735/2039/594
f 2766/2042/594 2751/2041/594 2752/2044/594
f 2742/2045/594 2743/2043/594 2735/2039/594
f 2765/2046/594 2766/2042/594 2752/2044/594
f 2765/2046/594 2752/2044/594 2753/2047/594
f 2741/2048/594 2742/2045/594 2735/2039/594
f 2764/2049/594 2765/2046/594 2753/2047/594
f 2740/2050/594 2741/2048/594 2735/2039/594
f 2764/2049/594 2753/2047/594 2754/2051/594
f 2740/2050/594 2735/2039/594 2739/2052/594
f 2739/2052/594 2735/2039/594 2738/2053/594
f 2738/2053/594 2735/2039/594 2737/2054/594
f 2737/2054/594 2735/2039/594 2736/2055/594
f 2763/2056/594 2764/2049/594 2754/2051/594
f 2763/2056/594 2754/2051/594 2755/2057/594
f 2763/2056/594 2755/2057/594 2756/2058/594
f 2762/2059/594 2763/2056/594 2756/2058/594
f 2762/2059/594 2756/2058/594 2757/2060/594
f 2761/2061/594 2762/2059/594 2757/2060/594
f 2761/2061/594 2757/2060/594 2758/2062/594
f 2761/2061/594 2758/2062/594 2759/2063/594
f 2760/2064/594 2761/2061/594 2759/2063/594
s 1
f 2858/2065/595 2860/2066/596 2859/2067/596 2857/2002/595
f 2860/2066/596 2862/2068/597 2861/2069/597 2859/2067/596
f 2862/2068/597 2864/2070/598 2863/2071/598 2861/2069/597
f 2864/2070/598 2866/2072/599 2865/2073/599 2863/2071/598
f 2866/2072/599 2868/2074/600 2867/2075/600 2865/2073/599
f 2868/2074/600 2870/2076/601 2869/2077/601 2867/2075/600
f 2870/2076/601 2872/2078/602 2871/2079/602 2869/2077/601
f 2872/2078/602 2874/2080/603 2873/2081/603 2871/2079/602
f 2874/2080/603 2876/2082/604 2875/2083/604 2873/2081/603
f 2876/2082/604 2878/2084/605 2877/2085/605 2875/2083/604
f 2878/2084/605 2880/2086/606 2879/2087/606 2877/2085/605
f 2880/2086/606 2882/2088/607 2881/2089/607 2879/2087/606
f 2882/2088/607 2884/2090/607 2883/2091/607 2881/2089/607
f 2884/2090/607 2886/2092/607 2885/2093/607 2883/2091/607
f 2886/2092/607 2888/2094/607 2887/2095/607 2885/2093/607
f 2888/2094/607 2890/2096/607 2889/2097/607 2887/2095/607
f 2890/2096/607 2892/2098/607 2891/2099/607 2889/2097/607
f 2892/2098/607 2894/2100/607 2893/2101/607 2891/2099/607
f 2894/2100/607 2896/2102/607 2895/2103/607 2893/2101/607
f 2896/2102/607 2898/2104/607 2897/2105/607 2895/2103/607
f 2898/2104/607 2900/2106/607 2899/2107/607 2897/2105/607
f 2900/2106/607 2902/2108/607 2901/2109/607 2899/2107/607
f 2902/2108/607 2904/2110/608 2903/2111/608 2901/2109/607
f 2904/2110/608 2906/2112/609 2905/2113/609 2903/2111/608
f 2906/2112/609 2908/2114/610 2907/2115/610 2905/2113/609
f 2908/2114/610 2910/2116/611 2909/2117/611 2907/2115/610
f 2910/2116/611 2912/2118/612 2911/2119/612 2909/2117/611
f 2912/2118/612 2914/2120/613 2913/2121/613 2911/2119/612
f 2914/2120/613 2916/2122/614 2915/2123/614 2913/2121/613
f 2916/2122/614 2918/2124/615 2917/2125/615 2915/2123/614
f 2918/2124/615 2920/2126/616 2919/2127/616 2917/2125/615
f 2920/2126/616 2922/2128/617 2921/2129/617 2919/2127/616
f 2922/2128/617 2924/2130/618 2923/2131/618 2921/2129/617
f 2924/2130/618 2926/2132/619 2925/2133/619 2923/2131/618
f 2926/2132/619 2928/2134/620 2927/2135/620 2925/2133/619
f 2928/2134/620 2930/2136/621 2929/2137/621 2927/2135/620
f 2930/2136/621 2932/2138/622 2931/2139/622 2929/2137/621
f 2932/2138/622 2934/2140/623 2933/2141/623 2931/2139/622
f 2934/2140/623 2936/2142/624 2935/2143/624 2933/2141/623
f 2936/2142/624 2938/2144/625 2937/2145/625 2935/2143/624
f 2938/2144/625 2940/2146/626 2939/2147/626 2937/2145/625
f 2940/2146/626 2942/2148/627 2941/2149/627 2939/2147/626
f 2942/2148/627 2944/2150/628 2943/2151/628 2941/2149/627
f 2944/2150/628 2946/2152/629 2945/2153/629 2943/2151/628
f 2946/2152/629 2948/2154/630 2947/2155/630 2945/2153/629
f 2948/2154/630 2950/2156/631 2949/2157/631 2947/2155/630
f 2950/2156/631 2952/2158/632 2951/2159/632 2949/2157/631
f 2952/2158/632 2954/2160/633 2953/2161/633 2951/2159/632
f 2954/2160/633 2956/2162/634 2955/2163/634 2953/2161/633
f 2956/2162/634 2958/2164/635 2957/2165/635 2955/2163/634
f 2958/2164/635 2960/2166/636 2959/2167/636 2957/2165/635
f 2960/2166/636 2962/2168/637 2961/2169/637 2959/2167/636
f 2962/2168/637 2964/2170/638 2963/2171/638 2961/2169/637
f 2964/2170/638 2966/2172/639 2965/2173/639 2963/2171/638
f 2966/2172/639 2968/2174/640 2967/2175/640 2965/2173/639
f 2968/2174/640 2970/2176/641 2969/2177/641 2967/2175/640
f 2970/2176/641 2972/2178/642 2971/2179/642 2969/2177/641
f 2972/2178/642 2974/2180/643 2973/2181/643 2971/2179/642
f 2974/2180/643 2976/2182/644 2975/2183/644 2973/2181/643
f 2976/2182/644 2978/2184/645 2977/2185/645 2975/2183/644
f 2978/2184/645 2980/2186/646 2979/2187/646 2977/2185/645
f 2980/2186/646 2982/2188/647 2981/2189/647 2979/2187/646
f 2982/2188/647 2984/2190/648 2983/2191/648 2981/2189/647
f 2984/2190/648 2986/2192/649 2985/2193/649 2983/2191/648
f 2986/2192/649 2988/2194/650 2987/2195/650 2985/2193/649
f 2988/2194/650 2990/2196/651 2989/2197/651 2987/2195/650
f 2990/2196/651 2992/2198/652 2991/2199/652 2989/2197/651
f 2992/2198/652 2994/2200/653 2993/2201/653 2991/2199/652
f 2994/2200/653 2996/2202/654 2995/2203/654 2993/2201/653
f 2996/2202/654 2998/2204/655 2997/2205/655 2995/2203/654
f 2998/2204/655 3000/2206/656 2999/2207/656 2997/2205/655
f 3000/2206/656 3002/2208/657 3001/2209/657 2999/2207/656
f 3002/2208/657 3004/2210/658 3003/2211/658 3001/2209/657
f 3004/2210/658 3006/2212/659 3005/2213/659 3003/2211/658
f 3006/2212/659 3008/2214/660 3007/2215/660 3005/2213/659
f 3008/2214/660 3010/2216/661 3009/2217/661 3007/2215/660
f 3010/2216/661 3012/2218/662 3011/2219/662 3009/2217/661
f 3012/2218/662 3014/2220/663 3013/2221/663 3011/2219/662
f 3014/2220/663 3016/2222/664 3015/2223/664 3013/2221/663
f 3016/2222/664 3018/2224/665 3017/2225/665 3015/2223/664
f 3018/2224/665 3020/2226/666 3019/2227/666 3017/2225/665
f 3020/2226/666 3022/2228/667 3021/2229/667 3019/2227/666
f 3022/2228/667 3024/2230/668 3023/2231/668 3021/2229/667
f 3024/2230/668 3026/2232/669 3025/2233/669 3023/2231/668
f 3026/2232/669 3028/2234/670 3027/2235/670 3025/2233/669
f 3028/2234/670 3030/2236/671 3029/2237/671 3027/2235/670
f 3030/2236/671 3032/2238/672 3031/2239/672 3029/2237/671
f 3032/2238/672 3034/2240/673 3033/2241/673 3031/2239/672
f 3034/2240/673 3036/2242/674 3035/2243/674 3033/2241/673
f 3036/2242/674 3038/2244/675 3037/2245/675 3035/2243/674
f 3038/2244/675 3040/2246/676 3039/2247/676 3037/2245/675
f 3040/2246/676 3042/2248/677 3041/2249/677 3039/2247/676
f 3042/2248/677 3044/2250/678 3043/2251/678 3041/2249/677
f 3044/2250/678 3046/2252/679 3045/2253/679 3043/2251/678
f 3046/2252/679 3048/2254/680 3047/2255/680 3045/2253/679
f 3048/2254/680 3050/2256/681 3049/2257/681 3047/2255/680
f 3050/2256/681 3052/2258/682 3051/2259/682 3049/2257/681
f 3052/2258/682 3054/2260/683 3053/2261/683 3051/2259/682
f 3054/2260/683 3056/2262/684 3055/2263/684 3053/2261/683
f 3056/2262/684 3058/2264/685 3057/2265/685 3055/2263/684
f 3058/2264/685 3060/2266/686 3059/2267/686 3057/2265/685
f 3060/2266/686 3062/2268/687 3061/2269/687 3059/2267/686
f 3062/2268/687 3064/2270/688 3063/2271/688 3061/2269/687
f 3064/2270/688 3066/2272/689 3065/2273/689 3063/2271/688
f 3066/2272/689 3068/2274/690 3067/2275/690 3065/2273/689
f 3068/2274/690 3070/2276/691 3069/2277/691 3067/2275/690
f 3070/2276/691 3072/2278/692 3071/2279/692 3069/2277/691
f 3072/2278/692 3074/2280/693 3073/2281/693 3071/2279/692
f 3074/2280/693 3076/2282/694 3075/2283/694 3073/2281/693
f 3076/2282/694 3078/2284/695 3077/2285/695 3075/2283/694
f 3078/2284/695 3080/2286/696 3079/2287/696 3077/2285/695
f 3080/2286/696 3082/2288/697 3081/2289/697 3079/2287/696
f 3082/2288/697 3084/2290/698 3083/2291/698 3081/2289/697
f 3084/2290/698 3086/2292/699 3085/2293/699 3083/2291/698
f 3086/2292/699 3088/2294/700 3087/2295/700 3085/2293/699
f 3088/2294/700 3090/2296/701 3089/2297/701 3087/2295/700
f 3090/2296/701 3092/2298/702 3091/2299/702 3089/2297/701
f 3092/2298/702 3094/2300/703 3093/2301/703 3091/2299/702
f 3094/2300/703 3096/2302/704 3095/2303/704 3093/2301/703
f 3096/2302/704 3098/2304/705 3097/2305/705 3095/2303/704
f 3098/2304/705 3100/2306/706 3099/2307/706 3097/2305/705
f 3100/2306/706 3102/2308/707 3101/2309/707 3099/2307/706
f 3102/2308/707 3104/2310/708 3103/2311/708 3101/2309/707
f 3104/2310/708 3106/2312/709 3105/2313/709 3103/2311/708
f 3106/2312/709 3108/2314/710 3107/2315/710 3105/2313/709
f 3108/2314/710 3110/2316/711 3109/2317/711 3107/2315/710
f 3110/2316/711 3112/2318/712 3111/2319/712 3109/2317/711
f 3112/2318/712 3114/2320/713 3113/2321/713 3111/2319/712
f 3114/2320/713 3116/2322/714 3115/2323/714 3113/2321/713
f 3116/2322/714 3118/2324/715 3117/2325/715 3115/2323/714
f 3118/2324/715 3120/2326/716 3119/2327/716 3117/2325/715
f 3120/2326/716 3122/2328/717 3121/2329/717 3119/2327/716
f 3122/2328/717 3124/2330/718 3123/2331/718 3121/2329/717
f 3124/2330/718 3126/2332/719 3125/2333/719 3123/2331/718
f 3126/2332/719 3128/2334/720 3127/2335/720 3125/2333/719
f 3128/2334/720 3130/2336/721 3129/2337/721 3127/2335/720
f 3130/2336/721 3132/2338/722 3131/2339/722 3129/2337/721
f 3132/2338/722 3134/2340/723 3133/2341/723 3131/2339/722
f 3134/2340/723 3136/2342/724 3135/2343/724 3133/2341/723
f 3136/2342/724 3138/2344/725 3137/2345/725 3135/2343/724
f 3138/2344/725 3140/2346/726 3139/2347/726 3137/2345/725
f 3140/2346/726 3142/2348/727 3141/2349/727 3139/2347/726
f 3142/2348/727 3144/2350/728 3143/2351/728 3141/2349/727
f 3144/2350/728 3146/2352/729 3145/2353/729 3143/2351/728
f 3146/2352/729 3148/2354/730 3147/2355/730 3145/2353/729
f 3148/2354/730 3150/2356/731 3149/2357/731 3147/2355/730
f 3150/2356/731 3152/2358/732 3151/2359/732 3149/2357/731
f 3152/2358/732 3154/2360/733 3153/2361/733 3151/2359/732
f 3154/2360/733 3156/2362/734 3155/2363/734 3153/2361/733
f 3156/2362/734 3158/2364/735 3157/2365/735 3155/2363/734
f 3158/2364/735 3160/2366/736 3159/2367/736 3157/2365/735
f 3160/2366/736 3162/2368/737 3161/2369/737 3159/2367/736
f 3162/2368/737 3164/2370/738 3163/2371/738 3161/2369/737
f 3164/2370/738 3166/2372/739 3165/2373/739 3163/2371/738
f 3166/2372/739 3168/2374/740 3167/2375/740 3165/2373/739
f 3168/2374/740 2858/2376/595 2857/2015/595 3167/2375/740
o Curve.002
v 2.710382 1.325332 -0.298333
v 2.479158 1.057594 -0.298333
v 2.237380 0.803051 -0.298333
v 1.984643 0.562210 -0.298333
v 1.720543 0.335575 -0.298333
v 1.444675 0.123653 -0.298333
v 1.156635 -0.073050 -0.298333
v 0.856019 -0.254031 -0.298333
v 0.542424 -0.418782 -0.298333
v 0.215443 -0.566798 -0.298332
v -0.125328 -0.697574 -0.298332
v -0.480292 -0.810603 -0.298332
v -0.849854 -0.905381 -0.298332
v -0.829248 -2.126477 -0.298332
v -0.711957 -2.013329 -0.298332
v -0.586165 -1.902166 -0.298332
v -0.451478 -1.793078 -0.298332
v -0.307498 -1.686159 -0.298332
v -0.153830 -1.581502 -0.298332
v 0.009923 -1.479198 -0.298332
v 0.184156 -1.379341 -0.298332
v 0.369266 -1.282022 -0.298332
v 0.565649 -1.187335 -0.298333
v 0.773700 -1.095370 -0.298333
v 0.993817 -1.006222 -0.298333
v 1.226394 -0.919983 -0.298333
v 1.259249 -0.909180 -0.298333
v 1.290197 -0.900777 -0.298333
v 1.319132 -0.894844 -0.298333
v 1.345951 -0.891450 -0.298333
v 1.370545 -0.890665 -0.298333
v 1.392813 -0.892557 -0.298333
v 1.412646 -0.897195 -0.298333
v 1.429941 -0.904649 -0.298333
v 1.444592 -0.914988 -0.298333
v 1.456494 -0.928281 -0.298333
v 1.465540 -0.944597 -0.298333
v 1.471628 -0.964004 -0.298333
v 1.586552 -0.776567 -0.298333
v 1.699010 -0.588425 -0.298333
v 1.809104 -0.399609 -0.298333
v 1.916937 -0.210145 -0.298333
v 2.022610 -0.020065 -0.298333
v 2.126224 0.170603 -0.298333
v 2.227881 0.361830 -0.298333
v 2.327684 0.553587 -0.298333
v 2.425734 0.745845 -0.298333
v 2.522133 0.938574 -0.298333
v 2.616982 1.131746 -0.298333
v 2.710382 1.325332 0.298335
v 2.479158 1.057594 0.298335
v 2.237380 0.803051 0.298335
v 1.984643 0.562210 0.298335
v 1.720543 0.335575 0.298335
v 1.444675 0.123653 0.298335
v 1.156635 -0.073050 0.298335
v 0.856019 -0.254031 0.298335
v 0.542424 -0.418782 0.298335
v 0.215443 -0.566798 0.298335
v -0.125328 -0.697574 0.298335
v -0.480292 -0.810603 0.298335
v -0.849854 -0.905381 0.298335
v -0.829248 -2.126477 0.298335
v -0.711957 -2.013329 0.298335
v -0.586165 -1.902166 0.298335
v -0.451478 -1.793078 0.298335
v -0.307498 -1.686159 0.298335
v -0.153830 -1.581502 0.298335
v 0.009923 -1.479198 0.298335
v 0.184156 -1.379341 0.298335
v 0.369266 -1.282022 0.298335
v 0.565649 -1.187335 0.298335
v 0.773700 -1.095370 0.298335
v 0.993817 -1.006222 0.298335
v 1.226394 -0.919983 0.298335
v 1.259249 -0.909180 0.298335
v 1.290197 -0.900777 0.298335
v 1.319132 -0.894844 0.298335
v 1.345951 -0.891450 0.298335
v 1.370545 -0.890665 0.298335
v 1.392813 -0.892557 0.298335
v 1.412646 -0.897195 0.298335
v 1.429941 -0.904649 0.298335
v 1.444592 -0.914988 0.298335
v 1.456494 -0.928281 0.298335
v 1.465540 -0.944597 0.298335
v 1.471628 -0.964004 0.298335
v 1.586552 -0.776567 0.298335
v 1.699010 -0.588425 0.298335
v 1.809104 -0.399609 0.298335
v 1.916937 -0.210145 0.298335
v 2.022610 -0.020065 0.298335
v 2.126224 0.170603 0.298335
v 2.227881 0.361830 0.298335
v 2.327684 0.553587 0.298335
v 2.425734 0.745845 0.298335
v 2.522133 0.938574 0.298335
v 2.616982 1.131746 0.298335
v 2.710382 1.325332 0.298335
v 2.710382 1.325332 -0.298333
v 2.479158 1.057594 0.298335
v 2.479158 1.057594 -0.298333
v 2.237380 0.803051 0.298335
v 2.237380 0.803051 -0.298333
v 1.984643 0.562210 0.298335
v 1.984643 0.562210 -0.298333
v 1.720543 0.335575 0.298335
v 1.720543 0.335575 -0.298333
v 1.444675 0.123653 0.298335
v 1.444675 0.123653 -0.298333
v 1.156635 -0.073050 0.298335
v 1.156635 -0.073050 -0.298333
v 0.856019 -0.254031 0.298335
v 0.856019 -0.254031 -0.298333
v 0.542424 -0.418782 0.298335
v 0.542424 -0.418782 -0.298333
v 0.215443 -0.566798 0.298335
v 0.215443 -0.566798 -0.298332
v -0.125328 -0.697574 0.298335
v -0.125328 -0.697574 -0.298332
v -0.480292 -0.810603 0.298335
v -0.480292 -0.810603 -0.298332
v -0.849854 -0.905381 0.298335
v -0.849854 -0.905381 -0.298332
v -0.829248 -2.126477 0.298335
v -0.829248 -2.126477 -0.298332
v -0.711957 -2.013329 0.298335
v -0.711957 -2.013329 -0.298332
v -0.586165 -1.902166 0.298335
v -0.586165 -1.902166 -0.298332
v -0.451478 -1.793078 0.298335
v -0.451478 -1.793078 -0.298332
v -0.307498 -1.686159 0.298335
v -0.307498 -1.686159 -0.298332
v -0.153830 -1.581502 0.298335
v -0.153830 -1.581502 -0.298332
v 0.009923 -1.479198 0.298335
v 0.009923 -1.479198 -0.298332
v 0.184156 -1.379341 0.298335
v 0.184156 -1.379341 -0.298332
v 0.369266 -1.282022 0.298335
v 0.369266 -1.282022 -0.298332
v 0.565649 -1.187335 0.298335
v 0.565649 -1.187335 -0.298333
v 0.773700 -1.095370 0.298335
v 0.773700 -1.095370 -0.298333
v 0.993817 -1.006222 0.298335
v 0.993817 -1.006222 -0.298333
v 1.226394 -0.919983 0.298335
v 1.226394 -0.919983 -0.298333
v 1.259249 -0.909180 0.298335
v 1.259249 -0.909180 -0.298333
v 1.290197 -0.900777 0.298335
v 1.290197 -0.900777 -0.298333
v 1.319132 -0.894844 0.298335
v 1.319132 -0.894844 -0.298333
v 1.345951 -0.891450 0.298335
v 1.345951 -0.891450 -0.298333
v 1.370545 -0.890665 0.298335
v 1.370545 -0.890665 -0.298333
v 1.392813 -0.892557 0.298335
v 1.392813 -0.892557 -0.298333
v 1.412646 -0.897195 0.298335
v 1.412646 -0.897195 -0.298333
v 1.429941 -0.904649 0.298335
v 1.429941 -0.904649 -0.298333
v 1.444592 -0.914988 0.298335
v 1.444592 -0.914988 -0.298333
v 1.456494 -0.928281 0.298335
v 1.456494 -0.928281 -0.298333
v 1.465540 -0.944597 0.298335
v 1.465540 -0.944597 -0.298333
v 1.471628 -0.964004 0.298335
v 1.471628 -0.964004 -0.298333
v 1.586552 -0.776567 0.298335
v 1.586552 -0.776567 -0.298333
v 1.699010 -0.588425 0.298335
v 1.699010 -0.588425 -0.298333
v 1.809104 -0.399609 0.298335
v 1.809104 -0.399609 -0.298333
v 1.916937 -0.210145 0.298335
v 1.916937 -0.210145 -0.298333
v 2.022610 -0.020065 0.298335
v 2.022610 -0.020065 -0.298333
v 2.126224 0.170603 0.298335
v 2.126224 0.170603 -0.298333
v 2.227881 0.361830 0.298335
v 2.227881 0.361830 -0.298333
v 2.327684 0.553587 0.298335
v 2.327684 0.553587 -0.298333
v 2.425734 0.745845 0.298335
v 2.425734 0.745845 -0.298333
v 2.522133 0.938574 0.298335
v 2.522133 0.938574 -0.298333
v 2.616982 1.131746 0.298335
v 2.616982 1.131746 -0.298333
vn -0.0000 -0.0000 -1.0000
vn -0.0000 -0.0000 1.0000
vn 0.5488 0.8359 -0.0000
vn -0.7411 0.6713 -0.0000
vn -0.7077 0.7065 -0.0000
vn -0.6708 0.7417 -0.0000
vn -0.6304 0.7762 -0.0000
vn -0.5868 0.8097 -0.0000
vn -0.5401 0.8416 -0.0000
vn -0.4906 0.8714 -0.0000
vn -0.4389 0.8985 -0.0000
vn -0.3855 0.9227 -0.0000
vn -0.3310 0.9436 -0.0000
vn -0.2760 0.9611 -0.0000
vn -0.7952 0.6063 -0.0000
vn -0.3832 -0.9237 -0.0000
vn 0.6784 -0.7347 -0.0000
vn 0.6459 -0.7634 -0.0000
vn 0.6129 -0.7901 -0.0000
vn 0.5797 -0.8149 -0.0000
vn 0.5465 -0.8375 -0.0000
vn 0.5136 -0.8580 -0.0000
vn 0.4814 -0.8765 -0.0000
vn 0.4499 -0.8931 -0.0000
vn 0.4194 -0.9078 -0.0000
vn 0.3899 -0.9209 -0.0000
vn 0.3616 -0.9323 -0.0000
vn 0.3301 -0.9440 -0.0000
vn 0.2873 -0.9578 -0.0000
vn 0.2316 -0.9728 -0.0000
vn 0.1633 -0.9866 -0.0000
vn 0.0788 -0.9969 -0.0000
vn -0.0264 -0.9997 -0.0000
vn -0.1566 -0.9877 -0.0000
vn -0.3130 -0.9498 -0.0000
vn -0.4888 -0.8724 -0.0000
vn -0.6650 -0.7468 -0.0000
vn -0.8149 -0.5796 -0.0000
vn -0.9191 -0.3941 -0.0000
vn -0.1227 -0.9924 -0.0000
vn 0.8554 -0.5179 -0.0000
vn 0.8611 -0.5084 -0.0000
vn 0.8665 -0.4992 -0.0000
vn 0.8716 -0.4903 -0.0000
vn 0.8763 -0.4817 -0.0000
vn 0.8808 -0.4734 -0.0000
vn 0.8850 -0.4655 -0.0000
vn 0.8890 -0.4580 -0.0000
vn 0.8926 -0.4508 -0.0000
vn 0.8960 -0.4440 -0.0000
vn 0.8991 -0.4376 -0.0000
vt 0.229167 0.000000
vt 0.270833 0.000000
vt 0.250000 0.000000
vt 0.291667 0.000000
vt 0.312500 0.000000
vt 0.333333 0.000000
vt 0.208333 0.000000
vt 0.354167 0.000000
vt 0.375000 0.000000
vt 0.395833 0.000000
vt 0.187500 0.000000
vt 0.416667 0.000000
vt 0.437500 0.000000
vt 0.166667 0.000000
vt 0.458333 0.000000
vt 0.145833 0.000000
vt 0.479167 0.000000
vt 0.500000 0.000000
vt 0.125000 0.000000
vt 0.520833 0.000000
vt 0.104167 0.000000
vt 0.541667 0.000000
vt 0.562500 0.000000
vt 0.583333 0.000000
vt 0.604167 0.000000
vt 0.625000 0.000000
vt 0.645833 0.000000
vt 0.666667 0.000000
vt 0.687500 0.000000
vt 0.708333 0.000000
vt 0.729167 0.000000
vt 0.083333 0.000000
vt 0.750000 0.000000
vt 0.770833 0.000000
vt 0.791667 0.000000
vt 0.812500 0.000000
vt 0.833333 0.000000
vt 0.062500 0.000000
vt 0.854167 0.000000
vt 0.875000 0.000000
vt 0.041667 0.000000
vt 0.895833 0.000000
vt 0.916667 0.000000
vt 0.937500 0.000000
vt 0.020833 0.000000
vt 0.958333 0.000000
vt 0.979167 0.000000
vt 0.000000 0.000000
vt 1.000000 0.000000
vt 0.000000 1.000000
vt 0.020408 1.000000
vt 0.020408 0.000000
vt 0.040816 1.000000
vt 0.040816 0.000000
vt 0.061224 1.000000
vt 0.061224 0.000000
vt 0.081633 1.000000
vt 0.081633 0.000000
vt 0.102041 1.000000
vt 0.102041 0.000000
vt 0.122449 1.000000
vt 0.122449 0.000000
vt 0.142857 1.000000
vt 0.142857 0.000000
vt 0.163265 1.000000
vt 0.163265 0.000000
vt 0.183673 1.000000
vt 0.183673 0.000000
vt 0.204082 1.000000
vt 0.204082 0.000000
vt 0.224490 1.000000
vt 0.224490 0.000000
vt 0.244898 1.000000
vt 0.244898 0.000000
vt 0.265306 1.000000
vt 0.265306 0.000000
vt 0.285714 1.000000
vt 0.285714 0.000000
vt 0.306122 1.000000
vt 0.306122 0.000000
vt 0.326531 1.000000
vt 0.326531 0.000000
vt 0.346939 1.000000
vt 0.346939 0.000000
vt 0.367347 1.000000
vt 0.367347 0.000000
vt 0.387755 1.000000
vt 0.387755 0.000000
vt 0.408163 1.000000
vt 0.408163 0.000000
vt 0.428571 1.000000
vt 0.428571 0.000000
vt 0.448980 1.000000
vt 0.448980 0.000000
vt 0.469388 1.000000
vt 0.469388 0.000000
vt 0.489796 1.000000
vt 0.489796 0.000000
vt 0.510204 1.000000
vt 0.510204 0.000000
vt 0.530612 1.000000
vt 0.530612 0.000000
vt 0.551020 1.000000
vt 0.551020 0.000000
vt 0.571429 1.000000
vt 0.571429 0.000000
vt 0.591837 1.000000
vt 0.591837 0.000000
vt 0.612245 1.000000
vt 0.612245 0.000000
vt 0.632653 1.000000
vt 0.632653 0.000000
vt 0.653061 1.000000
vt 0.653061 0.000000
vt 0.673469 1.000000
vt 0.673469 0.000000
vt 0.693878 1.000000
vt 0.693878 0.000000
vt 0.714286 1.000000
vt 0.714286 0.000000
vt 0.734694 1.000000
vt 0.734694 0.000000
vt 0.755102 1.000000
vt 0.755102 0.000000
vt 0.775510 1.000000
vt 0.775510 0.000000
vt 0.795918 1.000000
vt 0.795918 0.000000
vt 0.816327 1.000000
vt 0.816327 0.000000
vt 0.836735 1.000000
vt 0.836735 0.000000
vt 0.857143 1.000000
vt 0.857143 0.000000
vt 0.877551 1.000000
vt 0.877551 0.000000
vt 0.897959 1.000000
vt 0.897959 0.000000
vt 0.918367 1.000000
vt 0.918367 0.000000
vt 0.938776 1.000000
vt 0.938776 0.000000
vt 0.959184 1.000000
vt 0.959184 0.000000
vt 0.979592 1.000000
vt 0.979592 0.000000
vt 1.000000 1.000000
s 0
usemtl SVGMat.001
f 3180/2377/741 3182/2378/741 3181/2379/741
f 3180/2377/741 3183/2380/741 3182/2378/741
f 3180/2377/741 3184/2381/741 3183/2380/741
f 3180/2377/741 3185/2382/741 3184/2381/741
f 3179/2383/741 3185/2382/741 3180/2377/741
f 3179/2383/741 3186/2384/741 3185/2382/741
f 3179/2383/741 3187/2385/741 3186/2384/741
f 3179/2383/741 3188/2386/741 3187/2385/741
f 3178/2387/741 3188/2386/741 3179/2383/741
f 3178/2387/741 3189/2388/741 3188/2386/741
f 3178/2387/741 3190/2389/741 3189/2388/741
f 3177/2390/741 3190/2389/741 3178/2387/741
f 3177/2390/741 3191/2391/741 3190/2389/741
f 3176/2392/741 3191/2391/741 3177/2390/741
f 3176/2392/741 3192/2393/741 3191/2391/741
f 3176/2392/741 3193/2394/741 3192/2393/741
f 3175/2395/741 3193/2394/741 3176/2392/741
f 3175/2395/741 3194/2396/741 3193/2394/741
f 3174/2397/741 3194/2396/741 3175/2395/741
f 3174/2397/741 3195/2398/741 3194/2396/741
f 3174/2397/741 3196/2399/741 3195/2398/741
f 3174/2397/741 3197/2400/741 3196/2399/741
f 3174/2397/741 3198/2401/741 3197/2400/741
f 3174/2397/741 3199/2402/741 3198/2401/741
f 3174/2397/741 3200/2403/741 3199/2402/741
f 3174/2397/741 3201/2404/741 3200/2403/741
f 3174/2397/741 3202/2405/741 3201/2404/741
f 3174/2397/741 3203/2406/741 3202/2405/741
f 3174/2397/741 3204/2407/741 3203/2406/741
f 3173/2408/741 3204/2407/741 3174/2397/741
f 3173/2408/741 3205/2409/741 3204/2407/741
f 3173/2408/741 3206/2410/741 3205/2409/741
f 3173/2408/741 3207/2411/741 3206/2410/741
f 3173/2408/741 3208/2412/741 3207/2411/741
f 3173/2408/741 3209/2413/741 3208/2412/741
f 3172/2414/741 3209/2413/741 3173/2408/741
f 3172/2414/741 3210/2415/741 3209/2413/741
f 3172/2414/741 3211/2416/741 3210/2415/741
f 3171/2417/741 3211/2416/741 3172/2414/741
f 3171/2417/741 3212/2418/741 3211/2416/741
f 3171/2417/741 3213/2419/741 3212/2418/741
f 3171/2417/741 3214/2420/741 3213/2419/741
f 3170/2421/741 3214/2420/741 3171/2417/741
f 3170/2421/741 3215/2422/741 3214/2420/741
f 3170/2421/741 3216/2423/741 3215/2422/741
f 3169/2424/741 3216/2423/741 3170/2421/741
f 3169/2424/741 3217/2425/741 3216/2423/741
f 3229/2377/742 3230/2379/742 3231/2378/742
f 3229/2377/742 3231/2378/742 3232/2380/742
f 3229/2377/742 3232/2380/742 3233/2381/742
f 3229/2377/742 3233/2381/742 3234/2382/742
f 3228/2383/742 3229/2377/742 3234/2382/742
f 3228/2383/742 3234/2382/742 3235/2384/742
f 3228/2383/742 3235/2384/742 3236/2385/742
f 3228/2383/742 3236/2385/742 3237/2386/742
f 3227/2387/742 3228/2383/742 3237/2386/742
f 3227/2387/742 3237/2386/742 3238/2388/742
f 3227/2387/742 3238/2388/742 3239/2389/742
f 3226/2390/742 3227/2387/742 3239/2389/742
f 3226/2390/742 3239/2389/742 3240/2391/742
f 3225/2392/742 3226/2390/742 3240/2391/742
f 3225/2392/742 3240/2391/742 3241/2393/742
f 3225/2392/742 3241/2393/742 3242/2394/742
f 3224/2395/742 3225/2392/742 3242/2394/742
f 3224/2395/742 3242/2394/742 3243/2396/742
f 3223/2397/742 3224/2395/742 3243/2396/742
f 3223/2397/742 3243/2396/742 3244/2398/742
f 3223/2397/742 3244/2398/742 3245/2399/742
f 3223/2397/742 3245/2399/742 3246/2400/742
f 3223/2397/742 3246/2400/742 3247/2401/742
f 3223/2397/742 3247/2401/742 3248/2402/742
f 3223/2397/742 3248/2402/742 3249/2403/742
f 3223/2397/742 3249/2403/742 3250/2404/742
f 3223/2397/742 3250/2404/742 3251/2405/742
f 3223/2397/742 3251/2405/742 3252/2406/742
f 3223/2397/742 3252/2406/742 3253/2407/742
f 3222/2408/742 3223/2397/742 3253/2407/742
f 3222/2408/742 3253/2407/742 3254/2409/742
f 3222/2408/742 3254/2409/742 3255/2410/742
f 3222/2408/742 3255/2410/742 3256/2411/742
f 3222/2408/742 3256/2411/742 3257/2412/742
f 3222/2408/742 3257/2412/742 3258/2413/742
f 3221/2414/742 3222/2408/742 3258/2413/742
f 3221/2414/742 3258/2413/742 3259/2415/742
f 3221/2414/742 3259/2415/742 3260/2416/742
f 3220/2417/742 3221/2414/742 3260/2416/742
f 3220/2417/742 3260/2416/742 3261/2418/742
f 3220/2417/742 3261/2418/742 3262/2419/742
f 3220/2417/742 3262/2419/742 3263/2420/742
f 3219/2421/742 3220/2417/742 3263/2420/742
f 3219/2421/742 3263/2420/742 3264/2422/742
f 3219/2421/742 3264/2422/742 3265/2423/742
f 3218/2424/742 3219/2421/742 3265/2423/742
f 3218/2424/742 3265/2423/742 3266/2425/742
s 1
f 3268/2426/743 3270/2427/744 3269/2428/744 3267/2424/743
f 3270/2427/744 3272/2429/745 3271/2430/745 3269/2428/744
f 3272/2429/745 3274/2431/746 3273/2432/746 3271/2430/745
f 3274/2431/746 3276/2433/747 3275/2434/747 3273/2432/746
f 3276/2433/747 3278/2435/748 3277/2436/748 3275/2434/747
f 3278/2435/748 3280/2437/749 3279/2438/749 3277/2436/748
f 3280/2437/749 3282/2439/750 3281/2440/750 3279/2438/749
f 3282/2439/750 3284/2441/751 3283/2442/751 3281/2440/750
f 3284/2441/751 3286/2443/752 3285/2444/752 3283/2442/751
f 3286/2443/752 3288/2445/753 3287/2446/753 3285/2444/752
f 3288/2445/753 3290/2447/754 3289/2448/754 3287/2446/753
f 3290/2447/754 3292/2449/755 3291/2450/755 3289/2448/754
f 3292/2449/755 3294/2451/756 3293/2452/756 3291/2450/755
f 3294/2451/756 3296/2453/757 3295/2454/757 3293/2452/756
f 3296/2453/757 3298/2455/758 3297/2456/758 3295/2454/757
f 3298/2455/758 3300/2457/759 3299/2458/759 3297/2456/758
f 3300/2457/759 3302/2459/760 3301/2460/760 3299/2458/759
f 3302/2459/760 3304/2461/761 3303/2462/761 3301/2460/760
f 3304/2461/761 3306/2463/762 3305/2464/762 3303/2462/761
f 3306/2463/762 3308/2465/763 3307/2466/763 3305/2464/762
f 3308/2465/763 3310/2467/764 3309/2468/764 3307/2466/763
f 3310/2467/764 3312/2469/765 3311/2470/765 3309/2468/764
f 3312/2469/765 3314/2471/766 3313/2472/766 3311/2470/765
f 3314/2471/766 3316/2473/767 3315/2474/767 3313/2472/766
f 3316/2473/767 3318/2475/768 3317/2476/768 3315/2474/767
f 3318/2475/768 3320/2477/769 3319/2478/769 3317/2476/768
f 3320/2477/769 3322/2479/770 3321/2480/770 3319/2478/769
f 3322/2479/770 3324/2481/771 3323/2482/771 3321/2480/770
f 3324/2481/771 3326/2483/772 3325/2484/772 3323/2482/771
f 3326/2483/772 3328/2485/773 3327/2486/773 3325/2484/772
f 3328/2485/773 3330/2487/774 3329/2488/774 3327/2486/773
f 3330/2487/774 3332/2489/775 3331/2490/775 3329/2488/774
f 3332/2489/775 3334/2491/776 3333/2492/776 3331/2490/775
f 3334/2491/776 3336/2493/777 3335/2494/777 3333/2492/776
f 3336/2493/777 3338/2495/778 3337/2496/778 3335/2494/777
f 3338/2495/778 3340/2497/779 3339/2498/779 3337/2496/778
f 3340/2497/779 3342/2499/780 3341/2500/780 3339/2498/779
f 3342/2499/780 3344/2501/781 3343/2502/781 3341/2500/780
f 3344/2501/781 3346/2503/782 3345/2504/782 3343/2502/781
f 3346/2503/782 3348/2505/783 3347/2506/783 3345/2504/782
f 3348/2505/783 3350/2507/784 3349/2508/784 3347/2506/783
f 3350/2507/784 3352/2509/785 3351/2510/785 3349/2508/784
f 3352/2509/785 3354/2511/786 3353/2512/786 3351/2510/785
f 3354/2511/786 3356/2513/787 3355/2514/787 3353/2512/786
f 3356/2513/787 3358/2515/788 3357/2516/788 3355/2514/787
f 3358/2515/788 3360/2517/789 3359/2518/789 3357/2516/788
f 3360/2517/789 3362/2519/790 3361/2520/790 3359/2518/789
f 3362/2519/790 3364/2521/791 3363/2522/791 3361/2520/790
f 3364/2521/791 3268/2523/743 3267/2425/743 3363/2522/791
o Curve.002
v 2.710382 1.325332 -0.298333
v 2.479158 1.057594 -0.298333
v 2.237380 0.803051 -0.298333
v 1.984643 0.562210 -0.298333
v 1.720543 0.335575 -0.298333
v 1.444675 0.123653 -0.298333
v 1.156635 -0.073050 -0.298333
v 0.856019 -0.254031 -0.298333
v 0.542424 -0.418782 -0.298333
v 0.215443 -0.566798 -0.298332
v -0.125328 -0.697574 -0.298332
v -0.480292 -0.810603 -0.298332
v -0.849854 -0.905381 -0.298332
v -0.829248 -2.126477 -0.298332
v -0.711957 -2.013329 -0.298332
v -0.586165 -1.902166 -0.298332
v -0.451478 -1.793078 -0.298332
v -0.307498 -1.686159 -0.298332
v -0.153830 -1.581502 -0.298332
v 0.009923 -1.479198 -0.298332
v 0.184156 -1.379341 -0.298332
v 0.369266 -1.282022 -0.298332
v 0.565649 -1.187335 -0.298333
v 0.773700 -1.095370 -0.298333
v 0.993817 -1.006222 -0.298333
v 1.226394 -0.919983 -0.298333
v 1.259249 -0.909180 -0.298333
v 1.290197 -0.900777 -0.298333
v 1.319132 -0.894844 -0.298333
v 1.345951 -0.891450 -0.298333
v 1.370545 -0.890665 -0.298333
v 1.392813 -0.892557 -0.298333
v 1.412646 -0.897195 -0.298333
v 1.429941 -0.904649 -0.298333
v 1.444592 -0.914988 -0.298333
v 1.456494 -0.928281 -0.298333
v 1.465540 -0.944597 -0.298333
v 1.471628 -0.964004 -0.298333
v 1.586552 -0.776567 -0.298333
v 1.699010 -0.588425 -0.298333
v 1.809104 -0.399609 -0.298333
v 1.916937 -0.210145 -0.298333
v 2.022610 -0.020065 -0.298333
v 2.126224 0.170603 -0.298333
v 2.227881 0.361830 -0.298333
v 2.327684 0.553587 -0.298333
v 2.425734 0.745845 -0.298333
v 2.522133 0.938574 -0.298333
v 2.616982 1.131746 -0.298333
v 2.710382 1.325332 0.298335
v 2.479158 1.057594 0.298335
v 2.237380 0.803051 0.298335
v 1.984643 0.562210 0.298335
v 1.720543 0.335575 0.298335
v 1.444675 0.123653 0.298335
v 1.156635 -0.073050 0.298335
v 0.856019 -0.254031 0.298335
v 0.542424 -0.418782 0.298335
v 0.215443 -0.566798 0.298335
v -0.125328 -0.697574 0.298335
v -0.480292 -0.810603 0.298335
v -0.849854 -0.905381 0.298335
v -0.829248 -2.126477 0.298335
v -0.711957 -2.013329 0.298335
v -0.586165 -1.902166 0.298335
v -0.451478 -1.793078 0.298335
v -0.307498 -1.686159 0.298335
v -0.153830 -1.581502 0.298335
v 0.009923 -1.479198 0.298335
v 0.184156 -1.379341 0.298335
v 0.369266 -1.282022 0.298335
v 0.565649 -1.187335 0.298335
v 0.773700 -1.095370 0.298335
v 0.993817 -1.006222 0.298335
v 1.226394 -0.919983 0.298335
v 1.259249 -0.909180 0.298335
v 1.290197 -0.900777 0.298335
v 1.319132 -0.894844 0.298335
v 1.345951 -0.891450 0.298335
v 1.370545 -0.890665 0.298335
v 1.392813 -0.892557 0.298335
v 1.412646 -0.897195 0.298335
v 1.429941 -0.904649 0.298335
v 1.444592 -0.914988 0.298335
v 1.456494 -0.928281 0.298335
v 1.465540 -0.944597 0.298335
v 1.471628 -0.964004 0.298335
v 1.586552 -0.776567 0.298335
v 1.699010 -0.588425 0.298335
v 1.809104 -0.399609 0.298335
v 1.916937 -0.210145 0.298335
v 2.022610 -0.020065 0.298335
v 2.126224 0.170603 0.298335
v 2.227881 0.361830 0.298335
v 2.327684 0.553587 0.298335
v 2.425734 0.745845 0.298335
v 2.522133 0.938574 0.298335
v 2.616982 1.131746 0.298335
v 2.710382 1.325332 0.298335
v 2.710382 1.325332 -0.298333
v 2.479158 1.057594 0.298335
v 2.479158 1.057594 -0.298333
v 2.237380 0.803051 0.298335
v 2.237380 0.803051 -0.298333
v 1.984643 0.562210 0.298335
v 1.984643 0.562210 -0.298333
v 1.720543 0.335575 0.298335
v 1.720543 0.335575 -0.298333
v 1.444675 0.123653 0.298335
v 1.444675 0.123653 -0.298333
v 1.156635 -0.073050 0.298335
v 1.156635 -0.073050 -0.298333
v 0.856019 -0.254031 0.298335
v 0.856019 -0.254031 -0.298333
v 0.542424 -0.418782 0.298335
v 0.542424 -0.418782 -0.298333
v 0.215443 -0.566798 0.298335
v 0.215443 -0.566798 -0.298332
v -0.125328 -0.697574 0.298335
v -0.125328 -0.697574 -0.298332
v -0.480292 -0.810603 0.298335
v -0.480292 -0.810603 -0.298332
v -0.849854 -0.905381 0.298335
v -0.849854 -0.905381 -0.298332
v -0.829248 -2.126477 0.298335
v -0.829248 -2.126477 -0.298332
v -0.711957 -2.013329 0.298335
v -0.711957 -2.013329 -0.298332
v -0.586165 -1.902166 0.298335
v -0.586165 -1.902166 -0.298332
v -0.451478 -1.793078 0.298335
v -0.451478 -1.793078 -0.298332
v -0.307498 -1.686159 0.298335
v -0.307498 -1.686159 -0.298332
v -0.153830 -1.581502 0.298335
v -0.153830 -1.581502 -0.298332
v 0.009923 -1.479198 0.298335
v 0.009923 -1.479198 -0.298332
v 0.184156 -1.379341 0.298335
v 0.184156 -1.379341 -0.298332
v 0.369266 -1.282022 0.298335
v 0.369266 -1.282022 -0.298332
v 0.565649 -1.187335 0.298335
v 0.565649 -1.187335 -0.298333
v 0.773700 -1.095370 0.298335
v 0.773700 -1.095370 -0.298333
v 0.993817 -1.006222 0.298335
v 0.993817 -1.006222 -0.298333
v 1.226394 -0.919983 0.298335
v 1.226394 -0.919983 -0.298333
v 1.259249 -0.909180 0.298335
v 1.259249 -0.909180 -0.298333
v 1.290197 -0.900777 0.298335
v 1.290197 -0.900777 -0.298333
v 1.319132 -0.894844 0.298335
v 1.319132 -0.894844 -0.298333
v 1.345951 -0.891450 0.298335
v 1.345951 -0.891450 -0.298333
v 1.370545 -0.890665 0.298335
v 1.370545 -0.890665 -0.298333
v 1.392813 -0.892557 0.298335
v 1.392813 -0.892557 -0.298333
v 1.412646 -0.897195 0.298335
v 1.412646 -0.897195 -0.298333
v 1.429941 -0.904649 0.298335
v 1.429941 -0.904649 -0.298333
v 1.444592 -0.914988 0.298335
v 1.444592 -0.914988 -0.298333
v 1.456494 -0.928281 0.298335
v 1.456494 -0.928281 -0.298333
v 1.465540 -0.944597 0.298335
v 1.465540 -0.944597 -0.298333
v 1.471628 -0.964004 0.298335
v 1.471628 -0.964004 -0.298333
v 1.586552 -0.776567 0.298335
v 1.586552 -0.776567 -0.298333
v 1.699010 -0.588425 0.298335
v 1.699010 -0.588425 -0.298333
v 1.809104 -0.399609 0.298335
v 1.809104 -0.399609 -0.298333
v 1.916937 -0.210145 0.298335
v 1.916937 -0.210145 -0.298333
v 2.022610 -0.020065 0.298335
v 2.022610 -0.020065 -0.298333
v 2.126224 0.170603 0.298335
v 2.126224 0.170603 -0.298333
v 2.227881 0.361830 0.298335
v 2.227881 0.361830 -0.298333
v 2.327684 0.553587 0.298335
v 2.327684 0.553587 -0.298333
v 2.425734 0.745845 0.298335
v 2.425734 0.745845 -0.298333
v 2.522133 0.938574 0.298335
v 2.522133 0.938574 -0.298333
v 2.616982 1.131746 0.298335
v 2.616982 1.131746 -0.298333
vn -0.0000 -0.0000 -1.0000
vn -0.0000 -0.0000 1.0000
vn 0.5488 0.8359 -0.0000
vn -0.7411 0.6713 -0.0000
vn -0.7077 0.7065 -0.0000
vn -0.6708 0.7417 -0.0000
vn -0.6304 0.7762 -0.0000
vn -0.5868 0.8097 -0.0000
vn -0.5401 0.8416 -0.0000
vn -0.4906 0.8714 -0.0000
vn -0.4389 0.8985 -0.0000
vn -0.3855 0.9227 -0.0000
vn -0.3310 0.9436 -0.0000
vn -0.2760 0.9611 -0.0000
vn -0.7952 0.6063 -0.0000
vn -0.3832 -0.9237 -0.0000
vn 0.6784 -0.7347 -0.0000
vn 0.6459 -0.7634 -0.0000
vn 0.6129 -0.7901 -0.0000
vn 0.5797 -0.8149 -0.0000
vn 0.5465 -0.8375 -0.0000
vn 0.5136 -0.8580 -0.0000
vn 0.4814 -0.8765 -0.0000
vn 0.4499 -0.8931 -0.0000
vn 0.4194 -0.9078 -0.0000
vn 0.3899 -0.9209 -0.0000
vn 0.3616 -0.9323 -0.0000
vn 0.3301 -0.9440 -0.0000
vn 0.2873 -0.9578 -0.0000
vn 0.2316 -0.9728 -0.0000
vn 0.1633 -0.9866 -0.0000
vn 0.0788 -0.9969 -0.0000
vn -0.0264 -0.9997 -0.0000
vn -0.1566 -0.9877 -0.0000
vn -0.3130 -0.9498 -0.0000
vn -0.4888 -0.8724 -0.0000
vn -0.6650 -0.7468 -0.0000
vn -0.8149 -0.5796 -0.0000
vn -0.9191 -0.3941 -0.0000
vn -0.1227 -0.9924 -0.0000
vn 0.8554 -0.5179 -0.0000
vn 0.8611 -0.5084 -0.0000
vn 0.8665 -0.4992 -0.0000
vn 0.8716 -0.4903 -0.0000
vn 0.8763 -0.4817 -0.0000
vn 0.8808 -0.4734 -0.0000
vn 0.8850 -0.4655 -0.0000
vn 0.8890 -0.4580 -0.0000
vn 0.8926 -0.4508 -0.0000
vn 0.8960 -0.4440 -0.0000
vn 0.8991 -0.4376 -0.0000
vt 0.229167 0.000000
vt 0.270833 0.000000
vt 0.250000 0.000000
vt 0.291667 0.000000
vt 0.312500 0.000000
vt 0.333333 0.000000
vt 0.208333 0.000000
vt 0.354167 0.000000
vt 0.375000 0.000000
vt 0.395833 0.000000
vt 0.187500 0.000000
vt 0.416667 0.000000
vt 0.437500 0.000000
vt 0.166667 0.000000
vt 0.458333 0.000000
vt 0.145833 0.000000
vt 0.479167 0.000000
vt 0.500000 0.000000
vt 0.125000 0.000000
vt 0.520833 0.000000
vt 0.104167 0.000000
vt 0.541667 0.000000
vt 0.562500 0.000000
vt 0.583333 0.000000
vt 0.604167 0.000000
vt 0.625000 0.000000
vt 0.645833 0.000000
vt 0.666667 0.000000
vt 0.687500 0.000000
vt 0.708333 0.000000
vt 0.729167 0.000000
vt 0.083333 0.000000
vt 0.750000 0.000000
vt 0.770833 0.000000
vt 0.791667 0.000000
vt 0.812500 0.000000
vt 0.833333 0.000000
vt 0.062500 0.000000
vt 0.854167 0.000000
vt 0.875000 0.000000
vt 0.041667 0.000000
vt 0.895833 0.000000
vt 0.916667 0.000000
vt 0.937500 0.000000
vt 0.020833 0.000000
vt 0.958333 0.000000
vt 0.979167 0.000000
vt 0.000000 0.000000
vt 1.000000 0.000000
vt 0.000000 1.000000
vt 0.020408 1.000000
vt 0.020408 0.000000
vt 0.040816 1.000000
vt 0.040816 0.000000
vt 0.061224 1.000000
vt 0.061224 0.000000
vt 0.081633 1.000000
vt 0.081633 0.000000
vt 0.102041 1.000000
vt 0.102041 0.000000
vt 0.122449 1.000000
vt 0.122449 0.000000
vt 0.142857 1.000000
vt 0.142857 0.000000
vt 0.163265 1.000000
vt 0.163265 0.000000
vt 0.183673 1.000000
vt 0.183673 0.000000
vt 0.204082 1.000000
vt 0.204082 0.000000
vt 0.224490 1.000000
vt 0.224490 0.000000
vt 0.244898 1.000000
vt 0.244898 0.000000
vt 0.265306 1.000000
vt 0.265306 0.000000
vt 0.285714 1.000000
vt 0.285714 0.000000
vt 0.306122 1.000000
vt 0.306122 0.000000
vt 0.326531 1.000000
vt 0.326531 0.000000
vt 0.346939 1.000000
vt 0.346939 0.000000
vt 0.367347 1.000000
vt 0.367347 0.000000
vt 0.387755 1.000000
vt 0.387755 0.000000
vt 0.408163 1.000000
vt 0.408163 0.000000
vt 0.428571 1.000000
vt 0.428571 0.000000
vt 0.448980 1.000000
vt 0.448980 0.000000
vt 0.469388 1.000000
vt 0.469388 0.000000
vt 0.489796 1.000000
vt 0.489796 0.000000
vt 0.510204 1.000000
vt 0.510204 0.000000
vt 0.530612 1.000000
vt 0.530612 0.000000
vt 0.551020 1.000000
vt 0.551020 0.000000
vt 0.571429 1.000000
vt 0.571429 0.000000
vt 0.591837 1.000000
vt 0.591837 0.000000
vt 0.612245 1.000000
vt 0.612245 0.000000
vt 0.632653 1.000000
vt 0.632653 0.000000
vt 0.653061 1.000000
vt 0.653061 0.000000
vt 0.673469 1.000000
vt 0.673469 0.000000
vt 0.693878 1.000000
vt 0.693878 0.000000
vt 0.714286 1.000000
vt 0.714286 0.000000
vt 0.734694 1.000000
vt 0.734694 0.000000
vt 0.755102 1.000000
vt 0.755102 0.000000
vt 0.775510 1.000000
vt 0.775510 0.000000
vt 0.795918 1.000000
vt 0.795918 0.000000
vt 0.816327 1.000000
vt 0.816327 0.000000
vt 0.836735 1.000000
vt 0.836735 0.000000
vt 0.857143 1.000000
vt 0.857143 0.000000
vt 0.877551 1.000000
vt 0.877551 0.000000
vt 0.897959 1.000000
vt 0.897959 0.000000
vt 0.918367 1.000000
vt 0.918367 0.000000
vt 0.938776 1.000000
vt 0.938776 0.000000
vt 0.959184 1.000000
vt 0.959184 0.000000
vt 0.979592 1.000000
vt 0.979592 0.000000
vt 1.000000 1.000000
s 0
usemtl SVGMat.001
f 3376/2524/792 3378/2525/792 3377/2526/792
f 3376/2524/792 3379/2527/792 3378/2525/792
f 3376/2524/792 3380/2528/792 3379/2527/792
f 3376/2524/792 3381/2529/792 3380/2528/792
f 3375/2530/792 3381/2529/792 3376/2524/792
f 3375/2530/792 3382/2531/792 3381/2529/792
f 3375/2530/792 3383/2532/792 3382/2531/792
f 3375/2530/792 3384/2533/792 3383/2532/792
f 3374/2534/792 3384/2533/792 3375/2530/792
f 3374/2534/792 3385/2535/792 3384/2533/792
f 3374/2534/792 3386/2536/792 3385/2535/792
f 3373/2537/792 3386/2536/792 3374/2534/792
f 3373/2537/792 3387/2538/792 3386/2536/792
f 3372/2539/792 3387/2538/792 3373/2537/792
f 3372/2539/792 3388/2540/792 3387/2538/792
f 3372/2539/792 3389/2541/792 3388/2540/792
f 3371/2542/792 3389/2541/792 3372/2539/792
f 3371/2542/792 3390/2543/792 3389/2541/792
f 3370/2544/792 3390/2543/792 3371/2542/792
f 3370/2544/792 3391/2545/792 3390/2543/792
f 3370/2544/792 3392/2546/792 3391/2545/792
f 3370/2544/792 3393/2547/792 3392/2546/792
f 3370/2544/792 3394/2548/792 3393/2547/792
f 3370/2544/792 3395/2549/792 3394/2548/792
f 3370/2544/792 3396/2550/792 3395/2549/792
f 3370/2544/792 3397/2551/792 3396/2550/792
f 3370/2544/792 3398/2552/792 3397/2551/792
f 3370/2544/792 3399/2553/792 3398/2552/792
f 3370/2544/792 3400/2554/792 3399/2553/792
f 3369/2555/792 3400/2554/792 3370/2544/792
f 3369/2555/792 3401/2556/792 3400/2554/792
f 3369/2555/792 3402/2557/792 3401/2556/792
f 3369/2555/792 3403/2558/792 3402/2557/792
f 3369/2555/792 3404/2559/792 3403/2558/792
f 3369/2555/792 3405/2560/792 3404/2559/792
f 3368/2561/792 3405/2560/792 3369/2555/792
f 3368/2561/792 3406/2562/792 3405/2560/792
f 3368/2561/792 3407/2563/792 3406/2562/792
f 3367/2564/792 3407/2563/792 3368/2561/792
f 3367/2564/792 3408/2565/792 3407/2563/792
f 3367/2564/792 3409/2566/792 3408/2565/792
f 3367/2564/792 3410/2567/792 3409/2566/792
f 3366/2568/792 3410/2567/792 3367/2564/792
f 3366/2568/792 3411/2569/792 3410/2567/792
f 3366/2568/792 3412/2570/792 3411/2569/792
f 3365/2571/792 3412/2570/792 3366/2568/792
f 3365/2571/792 3413/2572/792 3412/2570/792
f 3425/2524/793 3426/2526/793 3427/2525/793
f 3425/2524/793 3427/2525/793 3428/2527/793
f 3425/2524/793 3428/2527/793 3429/2528/793
f 3425/2524/793 3429/2528/793 3430/2529/793
f 3424/2530/793 3425/2524/793 3430/2529/793
f 3424/2530/793 3430/2529/793 3431/2531/793
f 3424/2530/793 3431/2531/793 3432/2532/793
f 3424/2530/793 3432/2532/793 3433/2533/793
f 3423/2534/793 3424/2530/793 3433/2533/793
f 3423/2534/793 3433/2533/793 3434/2535/793
f 3423/2534/793 3434/2535/793 3435/2536/793
f 3422/2537/793 3423/2534/793 3435/2536/793
f 3422/2537/793 3435/2536/793 3436/2538/793
f 3421/2539/793 3422/2537/793 3436/2538/793
f 3421/2539/793 3436/2538/793 3437/2540/793
f 3421/2539/793 3437/2540/793 3438/2541/793
f 3420/2542/793 3421/2539/793 3438/2541/793
f 3420/2542/793 3438/2541/793 3439/2543/793
f 3419/2544/793 3420/2542/793 3439/2543/793
f 3419/2544/793 3439/2543/793 3440/2545/793
f 3419/2544/793 3440/2545/793 3441/2546/793
f 3419/2544/793 3441/2546/793 3442/2547/793
f 3419/2544/793 3442/2547/793 3443/2548/793
f 3419/2544/793 3443/2548/793 3444/2549/793
f 3419/2544/793 3444/2549/793 3445/2550/793
f 3419/2544/793 3445/2550/793 3446/2551/793
f 3419/2544/793 3446/2551/793 3447/2552/793
f 3419/2544/793 3447/2552/793 3448/2553/793
f 3419/2544/793 3448/2553/793 3449/2554/793
f 3418/2555/793 3419/2544/793 3449/2554/793
f 3418/2555/793 3449/2554/793 3450/2556/793
f 3418/2555/793 3450/2556/793 3451/2557/793
f 3418/2555/793 3451/2557/793 3452/2558/793
f 3418/2555/793 3452/2558/793 3453/2559/793
f 3418/2555/793 3453/2559/793 3454/2560/793
f 3417/2561/793 3418/2555/793 3454/2560/793
f 3417/2561/793 3454/2560/793 3455/2562/793
f 3417/2561/793 3455/2562/793 3456/2563/793
f 3416/2564/793 3417/2561/793 3456/2563/793
f 3416/2564/793 3456/2563/793 3457/2565/793
f 3416/2564/793 3457/2565/793 3458/2566/793
f 3416/2564/793 3458/2566/793 3459/2567/793
f 3415/2568/793 3416/2564/793 3459/2567/793
f 3415/2568/793 3459/2567/793 3460/2569/793
f 3415/2568/793 3460/2569/793 3461/2570/793
f 3414/2571/793 3415/2568/793 3461/2570/793
f 3414/2571/793 3461/2570/793 3462/2572/793
s 1
f 3464/2573/794 3466/2574/795 3465/2575/795 3463/2571/794
f 3466/2574/795 3468/2576/796 3467/2577/796 3465/2575/795
f 3468/2576/796 3470/2578/797 3469/2579/797 3467/2577/796
f 3470/2578/797 3472/2580/798 3471/2581/798 3469/2579/797
f 3472/2580/798 3474/2582/799 3473/2583/799 3471/2581/798
f 3474/2582/799 3476/2584/800 3475/2585/800 3473/2583/799
f 3476/2584/800 3478/2586/801 3477/2587/801 3475/2585/800
f 3478/2586/801 3480/2588/802 3479/2589/802 3477/2587/801
f 3480/2588/802 3482/2590/803 3481/2591/803 3479/2589/802
f 3482/2590/803 3484/2592/804 3483/2593/804 3481/2591/803
f 3484/2592/804 3486/2594/805 3485/2595/805 3483/2593/804
f 3486/2594/805 3488/2596/806 3487/2597/806 3485/2595/805
f 3488/2596/806 3490/2598/807 3489/2599/807 3487/2597/806
f 3490/2598/807 3492/2600/808 3491/2601/808 3489/2599/807
f 3492/2600/808 3494/2602/809 3493/2603/809 3491/2601/808
f 3494/2602/809 3496/2604/810 3495/2605/810 3493/2603/809
f 3496/2604/810 3498/2606/811 3497/2607/811 3495/2605/810
f 3498/2606/811 3500/2608/812 3499/2609/812 3497/2607/811
f 3500/2608/812 3502/2610/813 3501/2611/813 3499/2609/812
f 3502/2610/813 3504/2612/814 3503/2613/814 3501/2611/813
f 3504/2612/814 3506/2614/815 3505/2615/815 3503/2613/814
f 3506/2614/815 3508/2616/816 3507/2617/816 3505/2615/815
f 3508/2616/816 3510/2618/817 3509/2619/817 3507/2617/816
f 3510/2618/817 3512/2620/818 3511/2621/818 3509/2619/817
f 3512/2620/818 3514/2622/819 3513/2623/819 3511/2621/818
f 3514/2622/819 3516/2624/820 3515/2625/820 3513/2623/819
f 3516/2624/820 3518/2626/821 3517/2627/821 3515/2625/820
f 3518/2626/821 3520/2628/822 3519/2629/822 3517/2627/821
f 3520/2628/822 3522/2630/823 3521/2631/823 3519/2629/822
f 3522/2630/823 3524/2632/824 3523/2633/824 3521/2631/823
f 3524/2632/824 3526/2634/825 3525/2635/825 3523/2633/824
f 3526/2634/825 3528/2636/826 3527/2637/826 3525/2635/825
f 3528/2636/826 3530/2638/827 3529/2639/827 3527/2637/826
f 3530/2638/827 3532/2640/828 3531/2641/828 3529/2639/827
f 3532/2640/828 3534/2642/829 3533/2643/829 3531/2641/828
f 3534/2642/829 3536/2644/830 3535/2645/830 3533/2643/829
f 3536/2644/830 3538/2646/831 3537/2647/831 3535/2645/830
f 3538/2646/831 3540/2648/832 3539/2649/832 3537/2647/831
f 3540/2648/832 3542/2650/833 3541/2651/833 3539/2649/832
f 3542/2650/833 3544/2652/834 3543/2653/834 3541/2651/833
f 3544/2652/834 3546/2654/835 3545/2655/835 3543/2653/834
f 3546/2654/835 3548/2656/836 3547/2657/836 3545/2655/835
f 3548/2656/836 3550/2658/837 3549/2659/837 3547/2657/836
f 3550/2658/837 3552/2660/838 3551/2661/838 3549/2659/837
f 3552/2660/838 3554/2662/839 3553/2663/839 3551/2661/838
f 3554/2662/839 3556/2664/840 3555/2665/840 3553/2663/839
f 3556/2664/840 3558/2666/841 3557/2667/841 3555/2665/840
f 3558/2666/841 3560/2668/842 3559/2669/842 3557/2667/841
f 3560/2668/842 3464/2670/794 3463/2572/794 3559/2669/842
o Curve.003
v -1.187087 -9.559887 -0.298332
v -0.920410 -9.452719 -0.298332
v -0.670938 -9.332563 -0.298332
v -0.438072 -9.199873 -0.298332
v -0.221214 -9.055094 -0.298332
v -0.019768 -8.898684 -0.298332
v 0.166866 -8.731091 -0.298332
v 0.339286 -8.552769 -0.298332
v 0.498090 -8.364168 -0.298333
v 0.643876 -8.165739 -0.298333
v 0.777242 -7.957937 -0.298333
v 0.898787 -7.741210 -0.298333
v 0.845416 -7.794123 -0.298333
v 0.791736 -7.843431 -0.298333
v 0.737763 -7.889128 -0.298333
v 0.683514 -7.931205 -0.298333
v 0.629006 -7.969657 -0.298333
v 0.574256 -8.004478 -0.298333
v 0.519281 -8.035660 -0.298333
v 0.464099 -8.063194 -0.298333
v 0.408727 -8.087078 -0.298332
v 0.353181 -8.107304 -0.298332
v 0.297480 -8.123861 -0.298332
v 0.241640 -8.136749 -0.298332
v 0.170655 -8.142651 -0.298332
v 0.108539 -8.131920 -0.298332
v 0.054787 -8.106730 -0.298332
v 0.008896 -8.069241 -0.298332
v -0.029638 -8.021618 -0.298332
v -0.061317 -7.966029 -0.298332
v -0.086646 -7.904638 -0.298332
v -0.106127 -7.839609 -0.298332
v -0.120263 -7.773109 -0.298332
v -0.129560 -7.707301 -0.298332
v -0.134518 -7.644351 -0.298332
v -0.135641 -7.586423 -0.298332
v -0.135796 -7.571884 -0.298332
v -0.136223 -7.531683 -0.298332
v -0.136868 -7.470955 -0.298332
v -0.137676 -7.394831 -0.298332
v -0.138594 -7.308443 -0.298332
v -0.139565 -7.216922 -0.298332
v -0.140537 -7.125402 -0.298332
v -0.141455 -7.039013 -0.298332
v -0.142263 -6.962889 -0.298332
v -0.142909 -6.902161 -0.298332
v -0.143336 -6.861961 -0.298332
v -0.143491 -6.847420 -0.298332
v -0.134652 -6.721941 -0.298332
v -0.105636 -6.608019 -0.298332
v -0.057298 -6.504639 -0.298332
v 0.009508 -6.410780 -0.298332
v 0.093926 -6.325426 -0.298332
v 0.195104 -6.247553 -0.298332
v 0.312186 -6.176147 -0.298332
v 0.444318 -6.110187 -0.298332
v 0.590645 -6.048655 -0.298333
v 0.750315 -5.990531 -0.298333
v 0.922470 -5.934797 -0.298333
v 1.106259 -5.880434 -0.298333
v 1.183042 -5.864678 -0.298333
v 1.255119 -5.862214 -0.298333
v 1.322039 -5.872628 -0.298333
v 1.383347 -5.895508 -0.298333
v 1.438586 -5.930445 -0.298333
v 1.487302 -5.977024 -0.298333
v 1.529042 -6.034834 -0.298333
v 1.563349 -6.103463 -0.298333
v 1.589769 -6.182498 -0.298333
v 1.607848 -6.271529 -0.298333
v 1.617129 -6.370142 -0.298333
v 1.617159 -6.477925 -0.298333
v 1.595176 -6.776394 -0.298333
v 1.555599 -7.060237 -0.298333
v 1.499155 -7.330496 -0.298333
v 1.426568 -7.588217 -0.298333
v 1.338563 -7.834443 -0.298333
v 1.235865 -8.070217 -0.298333
v 1.119196 -8.296585 -0.298333
v 0.989284 -8.514589 -0.298333
v 0.846852 -8.725275 -0.298333
v 0.692625 -8.929686 -0.298333
v 0.527327 -9.128868 -0.298333
v 0.351682 -9.323862 -0.298332
v 0.662420 -9.237621 -0.298333
v 0.953848 -9.126692 -0.298333
v 1.226360 -8.991577 -0.298333
v 1.480346 -8.832775 -0.298333
v 1.716199 -8.650787 -0.298333
v 1.934309 -8.446114 -0.298333
v 2.135071 -8.219259 -0.298333
v 2.318874 -7.970720 -0.298333
v 2.486111 -7.701001 -0.298333
v 2.637174 -7.410599 -0.298333
v 2.772455 -7.100020 -0.298333
v 2.892345 -6.769762 -0.298333
v 2.843391 -6.855897 -0.298333
v 2.792552 -6.937946 -0.298333
v 2.739785 -7.015817 -0.298333
v 2.685049 -7.089420 -0.298333
v 2.628300 -7.158662 -0.298333
v 2.569497 -7.223453 -0.298333
v 2.508598 -7.283702 -0.298333
v 2.445561 -7.339318 -0.298333
v 2.380343 -7.390208 -0.298333
v 2.312902 -7.436281 -0.298333
v 2.243197 -7.477448 -0.298333
v 2.171185 -7.513614 -0.298333
v 2.133127 -7.528242 -0.298333
v 2.098732 -7.535658 -0.298333
v 2.068156 -7.536119 -0.298333
v 2.041558 -7.529877 -0.298333
v 2.019096 -7.517184 -0.298333
v 2.000926 -7.498292 -0.298333
v 1.987207 -7.473453 -0.298333
v 1.978097 -7.442920 -0.298333
v 1.973753 -7.406944 -0.298333
v 1.974333 -7.365778 -0.298333
v 1.979994 -7.319675 -0.298333
v 1.990895 -7.268886 -0.298333
v 2.040111 -7.068261 -0.298333
v 2.084248 -6.870094 -0.298333
v 2.122934 -6.674565 -0.298333
v 2.155800 -6.481853 -0.298333
v 2.182476 -6.292137 -0.298333
v 2.202590 -6.105596 -0.298333
v 2.215773 -5.922410 -0.298333
v 2.221654 -5.742757 -0.298333
v 2.219863 -5.566818 -0.298333
v 2.210029 -5.394771 -0.298333
v 2.191782 -5.226796 -0.298333
v 2.164751 -5.063072 -0.298333
v 2.152410 -5.003420 -0.298333
v 2.135662 -4.947467 -0.298333
v 2.114439 -4.895688 -0.298333
v 2.088671 -4.848559 -0.298333
v 2.058292 -4.806554 -0.298333
v 2.023234 -4.770152 -0.298333
v 1.983428 -4.739825 -0.298333
v 1.938806 -4.716050 -0.298333
v 1.889300 -4.699302 -0.298333
v 1.834843 -4.690057 -0.298333
v 1.775365 -4.688791 -0.298333
v 1.710800 -4.695980 -0.298333
v 1.504430 -4.736101 -0.298333
v 1.299854 -4.785006 -0.298333
v 1.098118 -4.842527 -0.298333
v 0.900266 -4.908494 -0.298333
v 0.707343 -4.982738 -0.298333
v 0.520395 -5.065090 -0.298333
v 0.340467 -5.155380 -0.298332
v 0.168605 -5.253439 -0.298332
v 0.005855 -5.359099 -0.298332
v -0.146740 -5.472188 -0.298332
v -0.288133 -5.592541 -0.298332
v -0.417279 -5.719985 -0.298332
v -0.463972 -5.769872 -0.298332
v -0.511584 -5.821359 -0.298332
v -0.559220 -5.874259 -0.298332
v -0.605983 -5.928386 -0.298332
v -0.650975 -5.983556 -0.298332
v -0.693299 -6.039582 -0.298332
v -0.732061 -6.096280 -0.298332
v -0.766362 -6.153462 -0.298332
v -0.795306 -6.210945 -0.298332
v -0.817997 -6.268542 -0.298332
v -0.833537 -6.326066 -0.298332
v -0.841030 -6.383335 -0.298332
v -0.841030 -7.682645 -0.298332
v -0.849381 -7.870868 -0.298332
v -0.864954 -8.055174 -0.298332
v -0.887992 -8.235430 -0.298332
v -0.918739 -8.411501 -0.298332
v -0.957441 -8.583260 -0.298332
v -1.004340 -8.750568 -0.298332
v -1.059681 -8.913300 -0.298332
v -1.123709 -9.071316 -0.298332
v -1.196668 -9.224489 -0.298332
v -1.278800 -9.372684 -0.298332
v -1.370352 -9.515770 -0.298332
v -1.471567 -9.653614 -0.298332
v -1.187087 -9.559887 0.298335
v -0.920410 -9.452719 0.298335
v -0.670938 -9.332563 0.298335
v -0.438072 -9.199873 0.298335
v -0.221214 -9.055094 0.298335
v -0.019768 -8.898684 0.298335
v 0.166866 -8.731091 0.298335
v 0.339286 -8.552769 0.298335
v 0.498090 -8.364168 0.298335
v 0.643876 -8.165739 0.298335
v 0.777242 -7.957937 0.298335
v 0.898787 -7.741210 0.298335
v 0.845416 -7.794123 0.298335
v 0.791736 -7.843431 0.298335
v 0.737763 -7.889128 0.298335
v 0.683514 -7.931205 0.298335
v 0.629006 -7.969657 0.298335
v 0.574256 -8.004478 0.298335
v 0.519281 -8.035660 0.298335
v 0.464099 -8.063194 0.298335
v 0.408727 -8.087078 0.298335
v 0.353181 -8.107304 0.298335
v 0.297480 -8.123861 0.298335
v 0.241640 -8.136749 0.298335
v 0.170655 -8.142651 0.298335
v 0.108539 -8.131920 0.298335
v 0.054787 -8.106730 0.298335
v 0.008896 -8.069241 0.298335
v -0.029638 -8.021618 0.298335
v -0.061317 -7.966029 0.298335
v -0.086646 -7.904638 0.298335
v -0.106127 -7.839609 0.298335
v -0.120263 -7.773109 0.298335
v -0.129560 -7.707301 0.298335
v -0.134518 -7.644351 0.298335
v -0.135641 -7.586423 0.298335
v -0.135796 -7.571884 0.298335
v -0.136223 -7.531683 0.298335
v -0.136868 -7.470955 0.298335
v -0.137676 -7.394831 0.298335
v -0.138594 -7.308443 0.298335
v -0.139565 -7.216922 0.298335
v -0.140537 -7.125402 0.298335
v -0.141455 -7.039013 0.298335
v -0.142263 -6.962889 0.298335
v -0.142909 -6.902161 0.298335
v -0.143336 -6.861961 0.298335
v -0.143491 -6.847420 0.298335
v -0.134652 -6.721941 0.298335
v -0.105636 -6.608019 0.298335
v -0.057298 -6.504639 0.298335
v 0.009508 -6.410780 0.298335
v 0.093926 -6.325426 0.298335
v 0.195104 -6.247553 0.298335
v 0.312186 -6.176147 0.298335
v 0.444318 -6.110187 0.298335
v 0.590645 -6.048655 0.298335
v 0.750315 -5.990531 0.298335
v 0.922470 -5.934797 0.298335
v 1.106259 -5.880434 0.298335
v 1.183042 -5.864678 0.298335
v 1.255119 -5.862214 0.298335
v 1.322039 -5.872628 0.298335
v 1.383347 -5.895508 0.298335
v 1.438586 -5.930445 0.298335
v 1.487302 -5.977024 0.298335
v 1.529042 -6.034834 0.298335
v 1.563349 -6.103463 0.298335
v 1.589769 -6.182498 0.298335
v 1.607848 -6.271529 0.298335
v 1.617129 -6.370142 0.298335
v 1.617159 -6.477925 0.298335
v 1.595176 -6.776394 0.298335
v 1.555599 -7.060237 0.298335
v 1.499155 -7.330496 0.298335
v 1.426568 -7.588217 0.298335
v 1.338563 -7.834443 0.298335
v 1.235865 -8.070217 0.298335
v 1.119196 -8.296585 0.298335
v 0.989284 -8.514589 0.298335
v 0.846852 -8.725275 0.298335
v 0.692625 -8.929686 0.298335
v 0.527327 -9.128868 0.298335
v 0.351682 -9.323862 0.298335
v 0.662420 -9.237621 0.298335
v 0.953848 -9.126692 0.298335
v 1.226360 -8.991577 0.298335
v 1.480346 -8.832775 0.298335
v 1.716199 -8.650787 0.298335
v 1.934309 -8.446114 0.298335
v 2.135071 -8.219259 0.298335
v 2.318874 -7.970720 0.298335
v 2.486111 -7.701001 0.298335
v 2.637174 -7.410599 0.298335
v 2.772455 -7.100020 0.298335
v 2.892345 -6.769762 0.298335
v 2.843391 -6.855897 0.298335
v 2.792552 -6.937946 0.298335
v 2.739785 -7.015817 0.298335
v 2.685049 -7.089420 0.298335
v 2.628300 -7.158662 0.298335
v 2.569497 -7.223453 0.298335
v 2.508598 -7.283702 0.298335
v 2.445561 -7.339318 0.298335
v 2.380343 -7.390208 0.298335
v 2.312902 -7.436281 0.298335
v 2.243197 -7.477448 0.298335
v 2.171185 -7.513614 0.298335
v 2.133127 -7.528242 0.298335
v 2.098732 -7.535658 0.298335
v 2.068156 -7.536119 0.298335
v 2.041558 -7.529877 0.298335
v 2.019096 -7.517184 0.298335
v 2.000926 -7.498292 0.298335
v 1.987207 -7.473453 0.298335
v 1.978097 -7.442920 0.298335
v 1.973753 -7.406944 0.298335
v 1.974333 -7.365778 0.298335
v 1.979994 -7.319675 0.298335
v 1.990895 -7.268886 0.298335
v 2.040111 -7.068261 0.298335
v 2.084248 -6.870094 0.298335
v 2.122934 -6.674565 0.298335
v 2.155800 -6.481853 0.298335
v 2.182476 -6.292137 0.298335
v 2.202590 -6.105596 0.298335
v 2.215773 -5.922410 0.298335
v 2.221654 -5.742757 0.298335
v 2.219863 -5.566818 0.298335
v 2.210029 -5.394771 0.298335
v 2.191782 -5.226796 0.298335
v 2.164751 -5.063072 0.298335
v 2.152410 -5.003420 0.298335
v 2.135662 -4.947467 0.298335
v 2.114439 -4.895688 0.298335
v 2.088671 -4.848559 0.298335
v 2.058292 -4.806554 0.298335
v 2.023234 -4.770152 0.298335
v 1.983428 -4.739825 0.298335
v 1.938806 -4.716050 0.298335
v 1.889300 -4.699302 0.298335
v 1.834843 -4.690057 0.298335
v 1.775365 -4.688791 0.298335
v 1.710800 -4.695980 0.298335
v 1.504430 -4.736101 0.298335
v 1.299854 -4.785006 0.298335
v 1.098118 -4.842527 0.298335
v 0.900266 -4.908494 0.298335
v 0.707343 -4.982738 0.298335
v 0.520395 -5.065090 0.298335
v 0.340467 -5.155380 0.298335
v 0.168605 -5.253439 0.298335
v 0.005855 -5.359099 0.298335
v -0.146740 -5.472188 0.298335
v -0.288133 -5.592541 0.298335
v -0.417279 -5.719985 0.298335
v -0.463972 -5.769872 0.298335
v -0.511584 -5.821359 0.298335
v -0.559220 -5.874259 0.298335
v -0.605983 -5.928386 0.298335
v -0.650975 -5.983556 0.298335
v -0.693299 -6.039582 0.298335
v -0.732061 -6.096280 0.298335
v -0.766362 -6.153462 0.298335
v -0.795306 -6.210945 0.298335
v -0.817997 -6.268542 0.298335
v -0.833537 -6.326066 0.298335
v -0.841030 -6.383335 0.298335
v -0.841030 -7.682645 0.298335
v -0.849381 -7.870868 0.298335
v -0.864954 -8.055174 0.298335
v -0.887992 -8.235430 0.298335
v -0.918739 -8.411501 0.298335
v -0.957441 -8.583260 0.298335
v -1.004340 -8.750568 0.298335
v -1.059681 -8.913300 0.298335
v -1.123709 -9.071316 0.298335
v -1.196668 -9.224489 0.298335
v -1.278800 -9.372684 0.298335
v -1.370352 -9.515770 0.298335
v -1.471567 -9.653614 0.298335
v -1.187087 -9.559887 0.298335
v -1.187087 -9.559887 -0.298332
v -0.920410 -9.452719 0.298335
v -0.920410 -9.452719 -0.298332
v -0.670938 -9.332563 0.298335
v -0.670938 -9.332563 -0.298332
v -0.438072 -9.199873 0.298335
v -0.438072 -9.199873 -0.298332
v -0.221214 -9.055094 0.298335
v -0.221214 -9.055094 -0.298332
v -0.019768 -8.898684 0.298335
v -0.019768 -8.898684 -0.298332
v 0.166866 -8.731091 0.298335
v 0.166866 -8.731091 -0.298332
v 0.339286 -8.552769 0.298335
v 0.339286 -8.552769 -0.298332
v 0.498090 -8.364168 0.298335
v 0.498090 -8.364168 -0.298333
v 0.643876 -8.165739 0.298335
v 0.643876 -8.165739 -0.298333
v 0.777242 -7.957937 0.298335
v 0.777242 -7.957937 -0.298333
v 0.898787 -7.741210 0.298335
v 0.898787 -7.741210 -0.298333
v 0.845416 -7.794123 0.298335
v 0.845416 -7.794123 -0.298333
v 0.791736 -7.843431 0.298335
v 0.791736 -7.843431 -0.298333
v 0.737763 -7.889128 0.298335
v 0.737763 -7.889128 -0.298333
v 0.683514 -7.931205 0.298335
v 0.683514 -7.931205 -0.298333
v 0.629006 -7.969657 0.298335
v 0.629006 -7.969657 -0.298333
v 0.574256 -8.004478 0.298335
v 0.574256 -8.004478 -0.298333
v 0.519281 -8.035660 0.298335
v 0.519281 -8.035660 -0.298333
v 0.464099 -8.063194 0.298335
v 0.464099 -8.063194 -0.298333
v 0.408727 -8.087078 0.298335
v 0.408727 -8.087078 -0.298332
v 0.353181 -8.107304 0.298335
v 0.353181 -8.107304 -0.298332
v 0.297480 -8.123861 0.298335
v 0.297480 -8.123861 -0.298332
v 0.241640 -8.136749 0.298335
v 0.241640 -8.136749 -0.298332
v 0.170655 -8.142651 0.298335
v 0.170655 -8.142651 -0.298332
v 0.108539 -8.131920 0.298335
v 0.108539 -8.131920 -0.298332
v 0.054787 -8.106730 0.298335
v 0.054787 -8.106730 -0.298332
v 0.008896 -8.069241 0.298335
v 0.008896 -8.069241 -0.298332
v -0.029638 -8.021618 0.298335
v -0.029638 -8.021618 -0.298332
v -0.061317 -7.966029 0.298335
v -0.061317 -7.966029 -0.298332
v -0.086646 -7.904638 0.298335
v -0.086646 -7.904638 -0.298332
v -0.106127 -7.839609 0.298335
v -0.106127 -7.839609 -0.298332
v -0.120263 -7.773109 0.298335
v -0.120263 -7.773109 -0.298332
v -0.129560 -7.707301 0.298335
v -0.129560 -7.707301 -0.298332
v -0.134518 -7.644351 0.298335
v -0.134518 -7.644351 -0.298332
v -0.135641 -7.586423 0.298335
v -0.135641 -7.586423 -0.298332
v -0.135796 -7.571884 0.298335
v -0.135796 -7.571884 -0.298332
v -0.136223 -7.531683 0.298335
v -0.136223 -7.531683 -0.298332
v -0.136868 -7.470955 0.298335
v -0.136868 -7.470955 -0.298332
v -0.137676 -7.394831 0.298335
v -0.137676 -7.394831 -0.298332
v -0.138594 -7.308443 0.298335
v -0.138594 -7.308443 -0.298332
v -0.139565 -7.216922 0.298335
v -0.139565 -7.216922 -0.298332
v -0.140537 -7.125402 0.298335
v -0.140537 -7.125402 -0.298332
v -0.141455 -7.039013 0.298335
v -0.141455 -7.039013 -0.298332
v -0.142263 -6.962889 0.298335
v -0.142263 -6.962889 -0.298332
v -0.142909 -6.902161 0.298335
v -0.142909 -6.902161 -0.298332
v -0.143336 -6.861961 0.298335
v -0.143336 -6.861961 -0.298332
v -0.143491 -6.847420 0.298335
v -0.143491 -6.847420 -0.298332
v -0.134652 -6.721941 0.298335
v -0.134652 -6.721941 -0.298332
v -0.105636 -6.608019 0.298335
v -0.105636 -6.608019 -0.298332
v -0.057298 -6.504639 0.298335
v -0.057298 -6.504639 -0.298332
v 0.009508 -6.410780 0.298335
v 0.009508 -6.410780 -0.298332
v 0.093926 -6.325426 0.298335
v 0.093926 -6.325426 -0.298332
v 0.195104 -6.247553 0.298335
v 0.195104 -6.247553 -0.298332
v 0.312186 -6.176147 0.298335
v 0.312186 -6.176147 -0.298332
v 0.444318 -6.110187 0.298335
v 0.444318 -6.110187 -0.298332
v 0.590645 -6.048655 0.298335
v 0.590645 -6.048655 -0.298333
v 0.750315 -5.990531 0.298335
v 0.750315 -5.990531 -0.298333
v 0.922470 -5.934797 0.298335
v 0.922470 -5.934797 -0.298333
v 1.106259 -5.880434 0.298335
v 1.106259 -5.880434 -0.298333
v 1.183042 -5.864678 0.298335
v 1.183042 -5.864678 -0.298333
v 1.255119 -5.862214 0.298335
v 1.255119 -5.862214 -0.298333
v 1.322039 -5.872628 0.298335
v 1.322039 -5.872628 -0.298333
v 1.383347 -5.895508 0.298335
v 1.383347 -5.895508 -0.298333
v 1.438586 -5.930445 0.298335
v 1.438586 -5.930445 -0.298333
v 1.487302 -5.977024 0.298335
v 1.487302 -5.977024 -0.298333
v 1.529042 -6.034834 0.298335
v 1.529042 -6.034834 -0.298333
v 1.563349 -6.103463 0.298335
v 1.563349 -6.103463 -0.298333
v 1.589769 -6.182498 0.298335
v 1.589769 -6.182498 -0.298333
v 1.607848 -6.271529 0.298335
v 1.607848 -6.271529 -0.298333
v 1.617129 -6.370142 0.298335
v 1.617129 -6.370142 -0.298333
v 1.617159 -6.477925 0.298335
v 1.617159 -6.477925 -0.298333
v 1.595176 -6.776394 0.298335
v 1.595176 -6.776394 -0.298333
v 1.555599 -7.060237 0.298335
v 1.555599 -7.060237 -0.298333
v 1.499155 -7.330496 0.298335
v 1.499155 -7.330496 -0.298333
v 1.426568 -7.588217 0.298335
v 1.426568 -7.588217 -0.298333
v 1.338563 -7.834443 0.298335
v 1.338563 -7.834443 -0.298333
v 1.235865 -8.070217 0.298335
v 1.235865 -8.070217 -0.298333
v 1.119196 -8.296585 0.298335
v 1.119196 -8.296585 -0.298333
v 0.989284 -8.514589 0.298335
v 0.989284 -8.514589 -0.298333
v 0.846852 -8.725275 0.298335
v 0.846852 -8.725275 -0.298333
v 0.692625 -8.929686 0.298335
v 0.692625 -8.929686 -0.298333
v 0.527327 -9.128868 0.298335
v 0.527327 -9.128868 -0.298333
v 0.351682 -9.323862 0.298335
v 0.351682 -9.323862 -0.298332
v 0.662420 -9.237621 0.298335
v 0.662420 -9.237621 -0.298333
v 0.953848 -9.126692 0.298335
v 0.953848 -9.126692 -0.298333
v 1.226360 -8.991577 0.298335
v 1.226360 -8.991577 -0.298333
v 1.480346 -8.832775 0.298335
v 1.480346 -8.832775 -0.298333
v 1.716199 -8.650787 0.298335
v 1.716199 -8.650787 -0.298333
v 1.934309 -8.446114 0.298335
v 1.934309 -8.446114 -0.298333
v 2.135071 -8.219259 0.298335
v 2.135071 -8.219259 -0.298333
v 2.318874 -7.970720 0.298335
v 2.318874 -7.970720 -0.298333
v 2.486111 -7.701001 0.298335
v 2.486111 -7.701001 -0.298333
v 2.637174 -7.410599 0.298335
v 2.637174 -7.410599 -0.298333
v 2.772455 -7.100020 0.298335
v 2.772455 -7.100020 -0.298333
v 2.892345 -6.769762 0.298335
v 2.892345 -6.769762 -0.298333
v 2.843391 -6.855897 0.298335
v 2.843391 -6.855897 -0.298333
v 2.792552 -6.937946 0.298335
v 2.792552 -6.937946 -0.298333
v 2.739785 -7.015817 0.298335
v 2.739785 -7.015817 -0.298333
v 2.685049 -7.089420 0.298335
v 2.685049 -7.089420 -0.298333
v 2.628300 -7.158662 0.298335
v 2.628300 -7.158662 -0.298333
v 2.569497 -7.223453 0.298335
v 2.569497 -7.223453 -0.298333
v 2.508598 -7.283702 0.298335
v 2.508598 -7.283702 -0.298333
v 2.445561 -7.339318 0.298335
v 2.445561 -7.339318 -0.298333
v 2.380343 -7.390208 0.298335
v 2.380343 -7.390208 -0.298333
v 2.312902 -7.436281 0.298335
v 2.312902 -7.436281 -0.298333
v 2.243197 -7.477448 0.298335
v 2.243197 -7.477448 -0.298333
v 2.171185 -7.513614 0.298335
v 2.171185 -7.513614 -0.298333
v 2.133127 -7.528242 0.298335
v 2.133127 -7.528242 -0.298333
v 2.098732 -7.535658 0.298335
v 2.098732 -7.535658 -0.298333
v 2.068156 -7.536119 0.298335
v 2.068156 -7.536119 -0.298333
v 2.041558 -7.529877 0.298335
v 2.041558 -7.529877 -0.298333
v 2.019096 -7.517184 0.298335
v 2.019096 -7.517184 -0.298333
v 2.000926 -7.498292 0.298335
v 2.000926 -7.498292 -0.298333
v 1.987207 -7.473453 0.298335
v 1.987207 -7.473453 -0.298333
v 1.978097 -7.442920 0.298335
v 1.978097 -7.442920 -0.298333
v 1.973753 -7.406944 0.298335
v 1.973753 -7.406944 -0.298333
v 1.974333 -7.365778 0.298335
v 1.974333 -7.365778 -0.298333
v 1.979994 -7.319675 0.298335
v 1.979994 -7.319675 -0.298333
v 1.990895 -7.268886 0.298335
v 1.990895 -7.268886 -0.298333
v 2.040111 -7.068261 0.298335
v 2.040111 -7.068261 -0.298333
v 2.084248 -6.870094 0.298335
v 2.084248 -6.870094 -0.298333
v 2.122934 -6.674565 0.298335
v 2.122934 -6.674565 -0.298333
v 2.155800 -6.481853 0.298335
v 2.155800 -6.481853 -0.298333
v 2.182476 -6.292137 0.298335
v 2.182476 -6.292137 -0.298333
v 2.202590 -6.105596 0.298335
v 2.202590 -6.105596 -0.298333
v 2.215773 -5.922410 0.298335
v 2.215773 -5.922410 -0.298333
v 2.221654 -5.742757 0.298335
v 2.221654 -5.742757 -0.298333
v 2.219863 -5.566818 0.298335
v 2.219863 -5.566818 -0.298333
v 2.210029 -5.394771 0.298335
v 2.210029 -5.394771 -0.298333
v 2.191782 -5.226796 0.298335
v 2.191782 -5.226796 -0.298333
v 2.164751 -5.063072 0.298335
v 2.164751 -5.063072 -0.298333
v 2.152410 -5.003420 0.298335
v 2.152410 -5.003420 -0.298333
v 2.135662 -4.947467 0.298335
v 2.135662 -4.947467 -0.298333
v 2.114439 -4.895688 0.298335
v 2.114439 -4.895688 -0.298333
v 2.088671 -4.848559 0.298335
v 2.088671 -4.848559 -0.298333
v 2.058292 -4.806554 0.298335
v 2.058292 -4.806554 -0.298333
v 2.023234 -4.770152 0.298335
v 2.023234 -4.770152 -0.298333
v 1.983428 -4.739825 0.298335
v 1.983428 -4.739825 -0.298333
v 1.938806 -4.716050 0.298335
v 1.938806 -4.716050 -0.298333
v 1.889300 -4.699302 0.298335
v 1.889300 -4.699302 -0.298333
v 1.834843 -4.690057 0.298335
v 1.834843 -4.690057 -0.298333
v 1.775365 -4.688791 0.298335
v 1.775365 -4.688791 -0.298333
v 1.710800 -4.695980 0.298335
v 1.710800 -4.695980 -0.298333
v 1.504430 -4.736101 0.298335
v 1.504430 -4.736101 -0.298333
v 1.299854 -4.785006 0.298335
v 1.299854 -4.785006 -0.298333
v 1.098118 -4.842527 0.298335
v 1.098118 -4.842527 -0.298333
v 0.900266 -4.908494 0.298335
v 0.900266 -4.908494 -0.298333
v 0.707343 -4.982738 0.298335
v 0.707343 -4.982738 -0.298333
v 0.520395 -5.065090 0.298335
v 0.520395 -5.065090 -0.298333
v 0.340467 -5.155380 0.298335
v 0.340467 -5.155380 -0.298332
v 0.168605 -5.253439 0.298335
v 0.168605 -5.253439 -0.298332
v 0.005855 -5.359099 0.298335
v 0.005855 -5.359099 -0.298332
v -0.146740 -5.472188 0.298335
v -0.146740 -5.472188 -0.298332
v -0.288133 -5.592541 0.298335
v -0.288133 -5.592541 -0.298332
v -0.417279 -5.719985 0.298335
v -0.417279 -5.719985 -0.298332
v -0.463972 -5.769872 0.298335
v -0.463972 -5.769872 -0.298332
v -0.511584 -5.821359 0.298335
v -0.511584 -5.821359 -0.298332
v -0.559220 -5.874259 0.298335
v -0.559220 -5.874259 -0.298332
v -0.605983 -5.928386 0.298335
v -0.605983 -5.928386 -0.298332
v -0.650975 -5.983556 0.298335
v -0.650975 -5.983556 -0.298332
v -0.693299 -6.039582 0.298335
v -0.693299 -6.039582 -0.298332
v -0.732061 -6.096280 0.298335
v -0.732061 -6.096280 -0.298332
v -0.766362 -6.153462 0.298335
v -0.766362 -6.153462 -0.298332
v -0.795306 -6.210945 0.298335
v -0.795306 -6.210945 -0.298332
v -0.817997 -6.268542 0.298335
v -0.817997 -6.268542 -0.298332
v -0.833537 -6.326066 0.298335
v -0.833537 -6.326066 -0.298332
v -0.841030 -6.383335 0.298335
v -0.841030 -6.383335 -0.298332
v -0.841030 -7.682645 0.298335
v -0.841030 -7.682645 -0.298332
v -0.849381 -7.870868 0.298335
v -0.849381 -7.870868 -0.298332
v -0.864954 -8.055174 0.298335
v -0.864954 -8.055174 -0.298332
v -0.887992 -8.235430 0.298335
v -0.887992 -8.235430 -0.298332
v -0.918739 -8.411501 0.298335
v -0.918739 -8.411501 -0.298332
v -0.957441 -8.583260 0.298335
v -0.957441 -8.583260 -0.298332
v -1.004340 -8.750568 0.298335
v -1.004340 -8.750568 -0.298332
v -1.059681 -8.913300 0.298335
v -1.059681 -8.913300 -0.298332
v -1.123709 -9.071316 0.298335
v -1.123709 -9.071316 -0.298332
v -1.196668 -9.224489 0.298335
v -1.196668 -9.224489 -0.298332
v -1.278800 -9.372684 0.298335
v -1.278800 -9.372684 -0.298332
v -1.370352 -9.515770 0.298335
v -1.370352 -9.515770 -0.298332
v -1.471567 -9.653614 0.298335
v -1.471567 -9.653614 -0.298332
vn -0.0000 -0.0000 -1.0000
vn -0.0000 -0.0000 1.0000
vn 0.3431 -0.9393 -0.0000
vn 0.4036 -0.9149 -0.0000
vn 0.4648 -0.8854 -0.0000
vn 0.5255 -0.8508 -0.0000
vn 0.5846 -0.8113 -0.0000
vn 0.6411 -0.7674 -0.0000
vn 0.6939 -0.7200 -0.0000
vn 0.7424 -0.6700 -0.0000
vn 0.7858 -0.6184 -0.0000
vn 0.8241 -0.5664 -0.0000
vn 0.8573 -0.5149 -0.0000
vn 0.6055 0.7958 -0.0000
vn -0.6904 0.7234 -0.0000
vn -0.6615 0.7500 -0.0000
vn -0.6297 0.7769 -0.0000
vn -0.5948 0.8039 -0.0000
vn -0.5567 0.8307 -0.0000
vn -0.5152 0.8571 -0.0000
vn -0.4701 0.8826 -0.0000
vn -0.4214 0.9069 -0.0000
vn -0.3693 0.9293 -0.0000
vn -0.3137 0.9495 -0.0000
vn -0.2550 0.9669 -0.0000
vn -0.1543 0.9880 -0.0000
vn 0.0440 0.9990 -0.0000
vn 0.3000 0.9540 -0.0000
vn 0.5326 0.8464 -0.0000
vn 0.7088 0.7054 -0.0000
vn 0.8258 0.5639 -0.0000
vn 0.8984 0.4391 -0.0000
vn 0.9424 0.3346 -0.0000
vn 0.9688 0.2477 -0.0000
vn 0.9847 0.1740 -0.0000
vn 0.9940 0.1092 -0.0000
vn 0.9988 0.0490 -0.0000
vn 0.9999 0.0150 -0.0000
vn 0.9999 0.0106 -0.0000
vn 0.9996 -0.0298 -0.0000
vn 0.9872 -0.1592 -0.0000
vn 0.9416 -0.3367 -0.0000
vn 0.8638 -0.5038 -0.0000
vn 0.7653 -0.6436 -0.0000
vn 0.6620 -0.7495 -0.0000
vn 0.5661 -0.8243 -0.0000
vn 0.4841 -0.8750 -0.0000
vn 0.4174 -0.9087 -0.0000
vn 0.3650 -0.9310 -0.0000
vn 0.3251 -0.9457 -0.0000
vn 0.2958 -0.9552 -0.0000
vn 0.2425 -0.9701 -0.0000
vn 0.1180 -0.9930 -0.0000
vn -0.0601 -0.9982 -0.0000
vn -0.2530 -0.9675 -0.0000
vn -0.4445 -0.8958 -0.0000
vn -0.6158 -0.7879 -0.0000
vn -0.7541 -0.6568 -0.0000
vn -0.8554 -0.5180 -0.0000
vn -0.9237 -0.3830 -0.0000
vn -0.9660 -0.2585 -0.0000
vn -0.9892 -0.1466 -0.0000
vn -0.9989 -0.0470 -0.0000
vn -0.9993 0.0366 -0.0000
vn -0.9944 0.1058 -0.0000
vn -0.9852 0.1714 -0.0000
vn -0.9713 0.2379 -0.0000
vn -0.9527 0.3040 -0.0000
vn -0.9298 0.3682 -0.0000
vn -0.9033 0.4290 -0.0000
vn -0.8744 0.4852 -0.0000
vn -0.8441 0.5362 -0.0000
vn -0.8136 0.5814 -0.0000
vn -0.7841 0.6206 -0.0000
vn -0.7564 0.6541 -0.0000
vn -0.8504 -0.5262 -0.0000
vn 0.3119 -0.9501 -0.0000
vn 0.4004 -0.9163 -0.0000
vn 0.4878 -0.8730 -0.0000
vn 0.5712 -0.8208 -0.0000
vn 0.6483 -0.7613 -0.0000
vn 0.7173 -0.6967 -0.0000
vn 0.7772 -0.6293 -0.0000
vn 0.8276 -0.5613 -0.0000
vn 0.8691 -0.4946 -0.0000
vn 0.9025 -0.4307 -0.0000
vn 0.9288 -0.3705 -0.0000
vn 0.4192 0.9079 -0.0000
vn -0.8599 0.5105 -0.0000
vn -0.8391 0.5439 -0.0000
vn -0.8153 0.5790 -0.0000
vn -0.7882 0.6155 -0.0000
vn -0.7572 0.6532 -0.0000
vn -0.7222 0.6917 -0.0000
vn -0.6827 0.7307 -0.0000
vn -0.6387 0.7695 -0.0000
vn -0.5899 0.8074 -0.0000
vn -0.5366 0.8438 -0.0000
vn -0.4789 0.8778 -0.0000
vn -0.4043 0.9146 -0.0000
vn -0.2856 0.9583 -0.0000
vn -0.1135 0.9935 -0.0000
vn 0.1075 0.9942 -0.0000
vn 0.3639 0.9314 -0.0000
vn 0.6128 0.7902 -0.0000
vn 0.8049 0.5934 -0.0000
vn 0.9221 0.3869 -0.0000
vn 0.9790 0.2036 -0.0000
vn 0.9986 0.0530 -0.0000
vn 0.9977 -0.0681 -0.0000
vn 0.9861 -0.1660 -0.0000
vn 0.9746 -0.2241 -0.0000
vn 0.9737 -0.2278 -0.0000
vn 0.9786 -0.2058 -0.0000
vn 0.9835 -0.1811 -0.0000
vn 0.9881 -0.1537 -0.0000
vn 0.9924 -0.1232 -0.0000
vn 0.9960 -0.0895 -0.0000
vn 0.9986 -0.0523 -0.0000
vn 0.9999 -0.0113 -0.0000
vn 0.9994 0.0336 -0.0000
vn 0.9966 0.0826 -0.0000
vn 0.9908 0.1355 -0.0000
vn 0.9832 0.1828 -0.0000
vn 0.9695 0.2449 -0.0000
vn 0.9428 0.3334 -0.0000
vn 0.9028 0.4302 -0.0000
vn 0.8455 0.5339 -0.0000
vn 0.7672 0.6414 -0.0000
vn 0.6651 0.7467 -0.0000
vn 0.5399 0.8417 -0.0000
vn 0.3967 0.9180 -0.0000
vn 0.2447 0.9696 -0.0000
vn 0.0946 0.9955 -0.0000
vn -0.0448 0.9990 -0.0000
vn -0.1509 0.9886 -0.0000
vn -0.2117 0.9773 -0.0000
vn -0.2534 0.9674 -0.0000
vn -0.2953 0.9554 -0.0000
vn -0.3378 0.9412 -0.0000
vn -0.3813 0.9245 -0.0000
vn -0.4260 0.9047 -0.0000
vn -0.4722 0.8815 -0.0000
vn -0.5203 0.8540 -0.0000
vn -0.5702 0.8215 -0.0000
vn -0.6222 0.7829 -0.0000
vn -0.6757 0.7371 -0.0000
vn -0.7164 0.6977 -0.0000
vn -0.7321 0.6812 -0.0000
vn -0.7387 0.6741 -0.0000
vn -0.7500 0.6615 -0.0000
vn -0.7659 0.6429 -0.0000
vn -0.7866 0.6175 -0.0000
vn -0.8119 0.5837 -0.0000
vn -0.8419 0.5396 -0.0000
vn -0.8760 0.4824 -0.0000
vn -0.9127 0.4086 -0.0000
vn -0.9494 0.3142 -0.0000
vn -0.9807 0.1957 -0.0000
vn -0.9979 0.0650 -0.0000
vn -0.9998 0.0222 -0.0000
vn -0.9979 0.0643 -0.0000
vn -0.9944 0.1055 -0.0000
vn -0.9888 0.1494 -0.0000
vn -0.9806 0.1960 -0.0000
vn -0.9695 0.2449 -0.0000
vn -0.9552 0.2960 -0.0000
vn -0.9372 0.3489 -0.0000
vn -0.9152 0.4030 -0.0000
vn -0.8892 0.4576 -0.0000
vn -0.8589 0.5121 -0.0000
vn -0.8246 0.5657 -0.0000
vn -0.8093 -0.5874 -0.0000
vt 0.994444 0.000000
vt 0.000000 0.000000
vt 1.000000 0.000000
vt 0.988889 0.000000
vt 0.983333 0.000000
vt 0.977778 0.000000
vt 0.005556 0.000000
vt 0.972222 0.000000
vt 0.966667 0.000000
vt 0.961111 0.000000
vt 0.955556 0.000000
vt 0.011111 0.000000
vt 0.950000 0.000000
vt 0.944444 0.000000
vt 0.938889 0.000000
vt 0.933333 0.000000
vt 0.922222 0.000000
vt 0.927778 0.000000
vt 0.916667 0.000000
vt 0.911111 0.000000
vt 0.905556 0.000000
vt 0.900000 0.000000
vt 0.894444 0.000000
vt 0.888889 0.000000
vt 0.016667 0.000000
vt 0.883333 0.000000
vt 0.877778 0.000000
vt 0.872222 0.000000
vt 0.866667 0.000000
vt 0.861111 0.000000
vt 0.022222 0.000000
vt 0.855556 0.000000
vt 0.850000 0.000000
vt 0.261111 0.000000
vt 0.216667 0.000000
vt 0.205556 0.000000
vt 0.200000 0.000000
vt 0.194444 0.000000
vt 0.188889 0.000000
vt 0.183333 0.000000
vt 0.027778 0.000000
vt 0.844444 0.000000
vt 0.266667 0.000000
vt 0.255556 0.000000
vt 0.250000 0.000000
vt 0.244444 0.000000
vt 0.238889 0.000000
vt 0.222222 0.000000
vt 0.233333 0.000000
vt 0.227778 0.000000
vt 0.211111 0.000000
vt 0.272222 0.000000
vt 0.177778 0.000000
vt 0.172222 0.000000
vt 0.166667 0.000000
vt 0.277778 0.000000
vt 0.161111 0.000000
vt 0.155556 0.000000
vt 0.283333 0.000000
vt 0.150000 0.000000
vt 0.033333 0.000000
vt 0.838889 0.000000
vt 0.144444 0.000000
vt 0.288889 0.000000
vt 0.138889 0.000000
vt 0.294444 0.000000
vt 0.133333 0.000000
vt 0.038889 0.000000
vt 0.833333 0.000000
vt 0.127778 0.000000
vt 0.300000 0.000000
vt 0.122222 0.000000
vt 0.116667 0.000000
vt 0.305556 0.000000
vt 0.044444 0.000000
vt 0.827778 0.000000
vt 0.455556 0.000000
vt 0.466667 0.000000
vt 0.461111 0.000000
vt 0.111111 0.000000
vt 0.105556 0.000000
vt 0.311111 0.000000
vt 0.100000 0.000000
vt 0.050000 0.000000
vt 0.094444 0.000000
vt 0.822222 0.000000
vt 0.450000 0.000000
vt 0.088889 0.000000
vt 0.316667 0.000000
vt 0.083333 0.000000
vt 0.055556 0.000000
vt 0.472222 0.000000
vt 0.077778 0.000000
vt 0.444444 0.000000
vt 0.816667 0.000000
vt 0.072222 0.000000
vt 0.322222 0.000000
vt 0.066667 0.000000
vt 0.061111 0.000000
vt 0.438889 0.000000
vt 0.811111 0.000000
vt 0.327778 0.000000
vt 0.477778 0.000000
vt 0.433333 0.000000
vt 0.805556 0.000000
vt 0.333333 0.000000
vt 0.427778 0.000000
vt 0.338889 0.000000
vt 0.483333 0.000000
vt 0.422222 0.000000
vt 0.344444 0.000000
vt 0.800000 0.000000
vt 0.350000 0.000000
vt 0.416667 0.000000
vt 0.355556 0.000000
vt 0.411111 0.000000
vt 0.361111 0.000000
vt 0.488889 0.000000
vt 0.366667 0.000000
vt 0.405556 0.000000
vt 0.794444 0.000000
vt 0.372222 0.000000
vt 0.400000 0.000000
vt 0.377778 0.000000
vt 0.383333 0.000000
vt 0.394444 0.000000
vt 0.388889 0.000000
vt 0.788889 0.000000
vt 0.494444 0.000000
vt 0.783333 0.000000
vt 0.777778 0.000000
vt 0.772222 0.000000
vt 0.644444 0.000000
vt 0.638889 0.000000
vt 0.500000 0.000000
vt 0.766667 0.000000
vt 0.650000 0.000000
vt 0.655556 0.000000
vt 0.633333 0.000000
vt 0.661111 0.000000
vt 0.761111 0.000000
vt 0.627778 0.000000
vt 0.666667 0.000000
vt 0.622222 0.000000
vt 0.616667 0.000000
vt 0.755556 0.000000
vt 0.672222 0.000000
vt 0.611111 0.000000
vt 0.750000 0.000000
vt 0.605556 0.000000
vt 0.677778 0.000000
vt 0.744444 0.000000
vt 0.600000 0.000000
vt 0.738889 0.000000
vt 0.683333 0.000000
vt 0.594444 0.000000
vt 0.505556 0.000000
vt 0.733333 0.000000
vt 0.727778 0.000000
vt 0.688889 0.000000
vt 0.722222 0.000000
vt 0.588889 0.000000
vt 0.694444 0.000000
vt 0.716667 0.000000
vt 0.700000 0.000000
vt 0.711111 0.000000
vt 0.705556 0.000000
vt 0.583333 0.000000
vt 0.577778 0.000000
vt 0.511111 0.000000
vt 0.572222 0.000000
vt 0.566667 0.000000
vt 0.516667 0.000000
vt 0.561111 0.000000
vt 0.555556 0.000000
vt 0.550000 0.000000
vt 0.522222 0.000000
vt 0.544444 0.000000
vt 0.538889 0.000000
vt 0.533333 0.000000
vt 0.527778 0.000000
vt 0.000000 1.000000
vt 0.005525 1.000000
vt 0.005525 0.000000
vt 0.011050 1.000000
vt 0.011050 0.000000
vt 0.016575 1.000000
vt 0.016575 0.000000
vt 0.022099 1.000000
vt 0.022099 0.000000
vt 0.027624 1.000000
vt 0.027624 0.000000
vt 0.033149 1.000000
vt 0.033149 0.000000
vt 0.038674 1.000000
vt 0.038674 0.000000
vt 0.044199 1.000000
vt 0.044199 0.000000
vt 0.049724 1.000000
vt 0.049724 0.000000
vt 0.055249 1.000000
vt 0.055249 0.000000
vt 0.060773 1.000000
vt 0.060773 0.000000
vt 0.066298 1.000000
vt 0.066298 0.000000
vt 0.071823 1.000000
vt 0.071823 0.000000
vt 0.077348 1.000000
vt 0.077348 0.000000
vt 0.082873 1.000000
vt 0.082873 0.000000
vt 0.088398 1.000000
vt 0.088398 0.000000
vt 0.093923 1.000000
vt 0.093923 0.000000
vt 0.099448 1.000000
vt 0.099448 0.000000
vt 0.104972 1.000000
vt 0.104972 0.000000
vt 0.110497 1.000000
vt 0.110497 0.000000
vt 0.116022 1.000000
vt 0.116022 0.000000
vt 0.121547 1.000000
vt 0.121547 0.000000
vt 0.127072 1.000000
vt 0.127072 0.000000
vt 0.132597 1.000000
vt 0.132597 0.000000
vt 0.138122 1.000000
vt 0.138122 0.000000
vt 0.143646 1.000000
vt 0.143646 0.000000
vt 0.149171 1.000000
vt 0.149171 0.000000
vt 0.154696 1.000000
vt 0.154696 0.000000
vt 0.160221 1.000000
vt 0.160221 0.000000
vt 0.165746 1.000000
vt 0.165746 0.000000
vt 0.171271 1.000000
vt 0.171271 0.000000
vt 0.176796 1.000000
vt 0.176796 0.000000
vt 0.182320 1.000000
vt 0.182320 0.000000
vt 0.187845 1.000000
vt 0.187845 0.000000
vt 0.193370 1.000000
vt 0.193370 0.000000
vt 0.198895 1.000000
vt 0.198895 0.000000
vt 0.204420 1.000000
vt 0.204420 0.000000
vt 0.209945 1.000000
vt 0.209945 0.000000
vt 0.215470 1.000000
vt 0.215470 0.000000
vt 0.220994 1.000000
vt 0.220994 0.000000
vt 0.226519 1.000000
vt 0.226519 0.000000
vt 0.232044 1.000000
vt 0.232044 0.000000
vt 0.237569 1.000000
vt 0.237569 0.000000
vt 0.243094 1.000000
vt 0.243094 0.000000
vt 0.248619 1.000000
vt 0.248619 0.000000
vt 0.254144 1.000000
vt 0.254144 0.000000
vt 0.259668 1.000000
vt 0.259668 0.000000
vt 0.265193 1.000000
vt 0.265193 0.000000
vt 0.270718 1.000000
vt 0.270718 0.000000
vt 0.276243 1.000000
vt 0.276243 0.000000
vt 0.281768 1.000000
vt 0.281768 0.000000
vt 0.287293 1.000000
vt 0.287293 0.000000
vt 0.292818 1.000000
vt 0.292818 0.000000
vt 0.298343 1.000000
vt 0.298343 0.000000
vt 0.303867 1.000000
vt 0.303867 0.000000
vt 0.309392 1.000000
vt 0.309392 0.000000
vt 0.314917 1.000000
vt 0.314917 0.000000
vt 0.320442 1.000000
vt 0.320442 0.000000
vt 0.325967 1.000000
vt 0.325967 0.000000
vt 0.331492 1.000000
vt 0.331492 0.000000
vt 0.337017 1.000000
vt 0.337017 0.000000
vt 0.342541 1.000000
vt 0.342541 0.000000
vt 0.348066 1.000000
vt 0.348066 0.000000
vt 0.353591 1.000000
vt 0.353591 0.000000
vt 0.359116 1.000000
vt 0.359116 0.000000
vt 0.364641 1.000000
vt 0.364641 0.000000
vt 0.370166 1.000000
vt 0.370166 0.000000
vt 0.375691 1.000000
vt 0.375691 0.000000
vt 0.381215 1.000000
vt 0.381215 0.000000
vt 0.386740 1.000000
vt 0.386740 0.000000
vt 0.392265 1.000000
vt 0.392265 0.000000
vt 0.397790 1.000000
vt 0.397790 0.000000
vt 0.403315 1.000000
vt 0.403315 0.000000
vt 0.408840 1.000000
vt 0.408840 0.000000
vt 0.414365 1.000000
vt 0.414365 0.000000
vt 0.419890 1.000000
vt 0.419890 0.000000
vt 0.425414 1.000000
vt 0.425414 0.000000
vt 0.430939 1.000000
vt 0.430939 0.000000
vt 0.436464 1.000000
vt 0.436464 0.000000
vt 0.441989 1.000000
vt 0.441989 0.000000
vt 0.447514 1.000000
vt 0.447514 0.000000
vt 0.453039 1.000000
vt 0.453039 0.000000
vt 0.458564 1.000000
vt 0.458564 0.000000
vt 0.464088 1.000000
vt 0.464088 0.000000
vt 0.469613 1.000000
vt 0.469613 0.000000
vt 0.475138 1.000000
vt 0.475138 0.000000
vt 0.480663 1.000000
vt 0.480663 0.000000
vt 0.486188 1.000000
vt 0.486188 0.000000
vt 0.491713 1.000000
vt 0.491713 0.000000
vt 0.497238 1.000000
vt 0.497238 0.000000
vt 0.502762 1.000000
vt 0.502762 0.000000
vt 0.508287 1.000000
vt 0.508287 0.000000
vt 0.513812 1.000000
vt 0.513812 0.000000
vt 0.519337 1.000000
vt 0.519337 0.000000
vt 0.524862 1.000000
vt 0.524862 0.000000
vt 0.530387 1.000000
vt 0.530387 0.000000
vt 0.535912 1.000000
vt 0.535912 0.000000
vt 0.541436 1.000000
vt 0.541436 0.000000
vt 0.546961 1.000000
vt 0.546961 0.000000
vt 0.552486 1.000000
vt 0.552486 0.000000
vt 0.558011 1.000000
vt 0.558011 0.000000
vt 0.563536 1.000000
vt 0.563536 0.000000
vt 0.569061 1.000000
vt 0.569061 0.000000
vt 0.574586 1.000000
vt 0.574586 0.000000
vt 0.580110 1.000000
vt 0.580110 0.000000
vt 0.585635 1.000000
vt 0.585635 0.000000
vt 0.591160 1.000000
vt 0.591160 0.000000
vt 0.596685 1.000000
vt 0.596685 0.000000
vt 0.602210 1.000000
vt 0.602210 0.000000
vt 0.607735 1.000000
vt 0.607735 0.000000
vt 0.613260 1.000000
vt 0.613260 0.000000
vt 0.618785 1.000000
vt 0.618785 0.000000
vt 0.624309 1.000000
vt 0.624309 0.000000
vt 0.629834 1.000000
vt 0.629834 0.000000
vt 0.635359 1.000000
vt 0.635359 0.000000
vt 0.640884 1.000000
vt 0.640884 0.000000
vt 0.646409 1.000000
vt 0.646409 0.000000
vt 0.651934 1.000000
vt 0.651934 0.000000
vt 0.657459 1.000000
vt 0.657459 0.000000
vt 0.662983 1.000000
vt 0.662983 0.000000
vt 0.668508 1.000000
vt 0.668508 0.000000
vt 0.674033 1.000000
vt 0.674033 0.000000
vt 0.679558 1.000000
vt 0.679558 0.000000
vt 0.685083 1.000000
vt 0.685083 0.000000
vt 0.690608 1.000000
vt 0.690608 0.000000
vt 0.696133 1.000000
vt 0.696133 0.000000
vt 0.701657 1.000000
vt 0.701657 0.000000
vt 0.707182 1.000000
vt 0.707182 0.000000
vt 0.712707 1.000000
vt 0.712707 0.000000
vt 0.718232 1.000000
vt 0.718232 0.000000
vt 0.723757 1.000000
vt 0.723757 0.000000
vt 0.729282 1.000000
vt 0.729282 0.000000
vt 0.734807 1.000000
vt 0.734807 0.000000
vt 0.740331 1.000000
vt 0.740331 0.000000
vt 0.745856 1.000000
vt 0.745856 0.000000
vt 0.751381 1.000000
vt 0.751381 0.000000
vt 0.756906 1.000000
vt 0.756906 0.000000
vt 0.762431 1.000000
vt 0.762431 0.000000
vt 0.767956 1.000000
vt 0.767956 0.000000
vt 0.773481 1.000000
vt 0.773481 0.000000
vt 0.779006 1.000000
vt 0.779006 0.000000
vt 0.784530 1.000000
vt 0.784530 0.000000
vt 0.790055 1.000000
vt 0.790055 0.000000
vt 0.795580 1.000000
vt 0.795580 0.000000
vt 0.801105 1.000000
vt 0.801105 0.000000
vt 0.806630 1.000000
vt 0.806630 0.000000
vt 0.812155 1.000000
vt 0.812155 0.000000
vt 0.817680 1.000000
vt 0.817680 0.000000
vt 0.823204 1.000000
vt 0.823204 0.000000
vt 0.828729 1.000000
vt 0.828729 0.000000
vt 0.834254 1.000000
vt 0.834254 0.000000
vt 0.839779 1.000000
vt 0.839779 0.000000
vt 0.845304 1.000000
vt 0.845304 0.000000
vt 0.850829 1.000000
vt 0.850829 0.000000
vt 0.856354 1.000000
vt 0.856354 0.000000
vt 0.861878 1.000000
vt 0.861878 0.000000
vt 0.867403 1.000000
vt 0.867403 0.000000
vt 0.872928 1.000000
vt 0.872928 0.000000
vt 0.878453 1.000000
vt 0.878453 0.000000
vt 0.883978 1.000000
vt 0.883978 0.000000
vt 0.889503 1.000000
vt 0.889503 0.000000
vt 0.895028 1.000000
vt 0.895028 0.000000
vt 0.900553 1.000000
vt 0.900553 0.000000
vt 0.906077 1.000000
vt 0.906077 0.000000
vt 0.911602 1.000000
vt 0.911602 0.000000
vt 0.917127 1.000000
vt 0.917127 0.000000
vt 0.922652 1.000000
vt 0.922652 0.000000
vt 0.928177 1.000000
vt 0.928177 0.000000
vt 0.933702 1.000000
vt 0.933702 0.000000
vt 0.939227 1.000000
vt 0.939227 0.000000
vt 0.944751 1.000000
vt 0.944751 0.000000
vt 0.950276 1.000000
vt 0.950276 0.000000
vt 0.955801 1.000000
vt 0.955801 0.000000
vt 0.961326 1.000000
vt 0.961326 0.000000
vt 0.966851 1.000000
vt 0.966851 0.000000
vt 0.972376 1.000000
vt 0.972376 0.000000
vt 0.977901 1.000000
vt 0.977901 0.000000
vt 0.983425 1.000000
vt 0.983425 0.000000
vt 0.988950 1.000000
vt 0.988950 0.000000
vt 0.994475 1.000000
vt 0.994475 0.000000
vt 1.000000 1.000000
s 0
usemtl SVGMat.001
f 3740/2671/843 3561/2672/843 3741/2673/843
f 3739/2674/843 3561/2672/843 3740/2671/843
f 3738/2675/843 3561/2672/843 3739/2674/843
f 3737/2676/843 3561/2672/843 3738/2675/843
f 3737/2676/843 3562/2677/843 3561/2672/843
f 3736/2678/843 3562/2677/843 3737/2676/843
f 3735/2679/843 3562/2677/843 3736/2678/843
f 3734/2680/843 3562/2677/843 3735/2679/843
f 3733/2681/843 3562/2677/843 3734/2680/843
f 3733/2681/843 3563/2682/843 3562/2677/843
f 3732/2683/843 3563/2682/843 3733/2681/843
f 3731/2684/843 3563/2682/843 3732/2683/843
f 3730/2685/843 3563/2682/843 3731/2684/843
f 3729/2686/843 3563/2682/843 3730/2685/843
f 3727/2687/843 3729/2686/843 3728/2688/843
f 3727/2687/843 3563/2682/843 3729/2686/843
f 3726/2689/843 3563/2682/843 3727/2687/843
f 3725/2690/843 3563/2682/843 3726/2689/843
f 3724/2691/843 3563/2682/843 3725/2690/843
f 3723/2692/843 3563/2682/843 3724/2691/843
f 3722/2693/843 3563/2682/843 3723/2692/843
f 3721/2694/843 3563/2682/843 3722/2693/843
f 3721/2694/843 3564/2695/843 3563/2682/843
f 3720/2696/843 3564/2695/843 3721/2694/843
f 3719/2697/843 3564/2695/843 3720/2696/843
f 3718/2698/843 3564/2695/843 3719/2697/843
f 3717/2699/843 3564/2695/843 3718/2698/843
f 3716/2700/843 3564/2695/843 3717/2699/843
f 3716/2700/843 3565/2701/843 3564/2695/843
f 3715/2702/843 3565/2701/843 3716/2700/843
f 3714/2703/843 3565/2701/843 3715/2702/843
f 3714/2703/843 3608/2704/843 3565/2701/843
f 3608/2704/843 3600/2705/843 3565/2701/843
f 3600/2705/843 3598/2706/843 3565/2701/843
f 3598/2706/843 3597/2707/843 3565/2701/843
f 3597/2707/843 3596/2708/843 3565/2701/843
f 3596/2708/843 3595/2709/843 3565/2701/843
f 3595/2709/843 3594/2710/843 3565/2701/843
f 3594/2710/843 3566/2711/843 3565/2701/843
f 3713/2712/843 3609/2713/843 3714/2703/843
f 3609/2713/843 3608/2704/843 3714/2703/843
f 3607/2714/843 3600/2705/843 3608/2704/843
f 3606/2715/843 3605/2716/843 3607/2714/843
f 3605/2716/843 3600/2705/843 3607/2714/843
f 3604/2717/843 3601/2718/843 3605/2716/843
f 3601/2718/844 3600/2705/844 3605/2716/844
f 3603/2719/843 3602/2720/843 3604/2717/843
f 3602/2720/844 3601/2718/844 3604/2717/844
f 3599/2721/844 3598/2706/844 3600/2705/844
f 3713/2712/843 3610/2722/843 3609/2713/843
f 3593/2723/843 3566/2711/843 3594/2710/843
f 3592/2724/843 3566/2711/843 3593/2723/843
f 3591/2725/843 3566/2711/843 3592/2724/843
f 3713/2712/843 3611/2726/843 3610/2722/843
f 3590/2727/843 3566/2711/843 3591/2725/843
f 3589/2728/843 3566/2711/843 3590/2727/843
f 3713/2712/843 3612/2729/843 3611/2726/843
f 3588/2730/843 3566/2711/843 3589/2728/843
f 3588/2730/843 3567/2731/843 3566/2711/843
f 3712/2732/843 3612/2729/843 3713/2712/843
f 3587/2733/843 3567/2731/843 3588/2730/843
f 3712/2732/843 3613/2734/843 3612/2729/843
f 3586/2735/843 3567/2731/843 3587/2733/843
f 3712/2732/843 3614/2736/843 3613/2734/843
f 3585/2737/843 3567/2731/843 3586/2735/843
f 3585/2737/843 3568/2738/843 3567/2731/843
f 3711/2739/843 3614/2736/843 3712/2732/843
f 3584/2740/843 3568/2738/843 3585/2737/843
f 3711/2739/843 3615/2741/843 3614/2736/843
f 3583/2742/843 3568/2738/843 3584/2740/843
f 3582/2743/843 3568/2738/843 3583/2742/843
f 3711/2739/843 3616/2744/843 3615/2741/843
f 3582/2743/843 3569/2745/843 3568/2738/843
f 3710/2746/843 3616/2744/843 3711/2739/843
f 3643/2747/843 3645/2748/843 3644/2749/843
f 3581/2750/843 3569/2745/843 3582/2743/843
f 3580/2751/843 3569/2745/843 3581/2750/843
f 3710/2746/843 3617/2752/843 3616/2744/843
f 3579/2753/843 3569/2745/843 3580/2751/843
f 3579/2753/843 3570/2754/843 3569/2745/843
f 3578/2755/843 3570/2754/843 3579/2753/843
f 3709/2756/843 3617/2752/843 3710/2746/843
f 3642/2757/843 3645/2748/843 3643/2747/843
f 3577/2758/843 3570/2754/843 3578/2755/843
f 3709/2756/843 3618/2759/843 3617/2752/843
f 3576/2760/843 3570/2754/843 3577/2758/843
f 3576/2760/843 3571/2761/843 3570/2754/843
f 3642/2757/843 3646/2762/843 3645/2748/843
f 3575/2763/843 3571/2761/843 3576/2760/843
f 3641/2764/843 3646/2762/843 3642/2757/843
f 3708/2765/843 3618/2759/843 3709/2756/843
f 3574/2766/843 3571/2761/843 3575/2763/843
f 3708/2765/843 3619/2767/843 3618/2759/843
f 3574/2766/843 3573/2768/843 3571/2761/843
f 3573/2768/843 3572/2769/843 3571/2761/843
f 3640/2770/843 3646/2762/843 3641/2764/843
f 3707/2771/843 3619/2767/843 3708/2765/843
f 3707/2771/843 3620/2772/843 3619/2767/843
f 3640/2770/843 3647/2773/843 3646/2762/843
f 3639/2774/843 3647/2773/843 3640/2770/843
f 3706/2775/843 3620/2772/843 3707/2771/843
f 3706/2775/843 3621/2776/843 3620/2772/843
f 3638/2777/843 3647/2773/843 3639/2774/843
f 3706/2775/843 3622/2778/843 3621/2776/843
f 3638/2777/843 3648/2779/843 3647/2773/843
f 3637/2780/843 3648/2779/843 3638/2777/843
f 3706/2775/843 3623/2781/843 3622/2778/843
f 3705/2782/843 3623/2781/843 3706/2775/843
f 3705/2782/843 3624/2783/843 3623/2781/843
f 3636/2784/843 3648/2779/843 3637/2780/843
f 3705/2782/843 3625/2785/843 3624/2783/843
f 3635/2786/843 3648/2779/843 3636/2784/843
f 3705/2782/843 3626/2787/843 3625/2785/843
f 3635/2786/843 3649/2788/843 3648/2779/843
f 3705/2782/843 3627/2789/843 3626/2787/843
f 3634/2790/843 3649/2788/843 3635/2786/843
f 3704/2791/843 3627/2789/843 3705/2782/843
f 3704/2791/843 3628/2792/843 3627/2789/843
f 3633/2793/843 3649/2788/843 3634/2790/843
f 3704/2791/843 3629/2794/843 3628/2792/843
f 3704/2791/843 3630/2795/843 3629/2794/843
f 3632/2796/843 3649/2788/843 3633/2793/843
f 3704/2791/843 3631/2797/843 3630/2795/843
f 3704/2791/843 3632/2796/843 3631/2797/843
f 3704/2791/843 3649/2788/843 3632/2796/843
f 3703/2798/843 3649/2788/843 3704/2791/843
f 3703/2798/843 3650/2799/843 3649/2788/843
f 3702/2800/843 3650/2799/843 3703/2798/843
f 3701/2801/843 3650/2799/843 3702/2800/843
f 3700/2802/843 3650/2799/843 3701/2801/843
f 3700/2802/843 3677/2803/843 3650/2799/843
f 3677/2803/843 3676/2804/843 3650/2799/843
f 3676/2804/843 3651/2805/843 3650/2799/843
f 3699/2806/843 3677/2803/843 3700/2802/843
f 3699/2806/843 3678/2807/843 3677/2803/843
f 3699/2806/843 3679/2808/843 3678/2807/843
f 3675/2809/843 3651/2805/843 3676/2804/843
f 3699/2806/843 3680/2810/843 3679/2808/843
f 3698/2811/843 3680/2810/843 3699/2806/843
f 3674/2812/843 3651/2805/843 3675/2809/843
f 3698/2811/843 3681/2813/843 3680/2810/843
f 3673/2814/843 3651/2805/843 3674/2812/843
f 3672/2815/843 3651/2805/843 3673/2814/843
f 3697/2816/843 3681/2813/843 3698/2811/843
f 3697/2816/843 3682/2817/843 3681/2813/843
f 3671/2818/843 3651/2805/843 3672/2815/843
f 3696/2819/843 3682/2817/843 3697/2816/843
f 3670/2820/843 3651/2805/843 3671/2818/843
f 3696/2819/843 3683/2821/843 3682/2817/843
f 3695/2822/843 3683/2821/843 3696/2819/843
f 3669/2823/843 3651/2805/843 3670/2820/843
f 3694/2824/843 3683/2821/843 3695/2822/843
f 3694/2824/843 3684/2825/843 3683/2821/843
f 3668/2826/843 3651/2805/843 3669/2823/843
f 3668/2826/843 3652/2827/843 3651/2805/843
f 3693/2828/843 3684/2825/843 3694/2824/843
f 3692/2829/843 3684/2825/843 3693/2828/843
f 3692/2829/843 3685/2830/843 3684/2825/843
f 3691/2831/843 3685/2830/843 3692/2829/843
f 3667/2832/843 3652/2827/843 3668/2826/843
f 3691/2831/843 3686/2833/843 3685/2830/843
f 3690/2834/843 3686/2833/843 3691/2831/843
f 3690/2834/843 3687/2835/843 3686/2833/843
f 3689/2836/843 3687/2835/843 3690/2834/843
f 3689/2836/843 3688/2837/843 3687/2835/843
f 3666/2838/843 3652/2827/843 3667/2832/843
f 3665/2839/843 3652/2827/843 3666/2838/843
f 3665/2839/843 3653/2840/843 3652/2827/843
f 3664/2841/843 3653/2840/843 3665/2839/843
f 3663/2842/843 3653/2840/843 3664/2841/843
f 3663/2842/843 3654/2843/843 3653/2840/843
f 3662/2844/843 3654/2843/843 3663/2842/843
f 3661/2845/843 3654/2843/843 3662/2844/843
f 3660/2846/843 3654/2843/843 3661/2845/843
f 3660/2846/843 3655/2847/843 3654/2843/843
f 3659/2848/843 3655/2847/843 3660/2846/843
f 3658/2849/843 3655/2847/843 3659/2848/843
f 3658/2849/843 3657/2850/843 3655/2847/843
f 3657/2850/843 3656/2851/843 3655/2847/843
f 3921/2671/844 3922/2673/844 3742/2672/844
f 3920/2674/844 3921/2671/844 3742/2672/844
f 3919/2675/844 3920/2674/844 3742/2672/844
f 3918/2676/844 3919/2675/844 3742/2672/844
f 3918/2676/844 3742/2672/844 3743/2677/844
f 3917/2678/844 3918/2676/844 3743/2677/844
f 3916/2679/844 3917/2678/844 3743/2677/844
f 3915/2680/844 3916/2679/844 3743/2677/844
f 3914/2681/844 3915/2680/844 3743/2677/844
f 3914/2681/844 3743/2677/844 3744/2682/844
f 3913/2683/844 3914/2681/844 3744/2682/844
f 3912/2684/844 3913/2683/844 3744/2682/844
f 3911/2685/844 3912/2684/844 3744/2682/844
f 3910/2686/844 3911/2685/844 3744/2682/844
f 3908/2687/844 3909/2688/844 3910/2686/844
f 3908/2687/844 3910/2686/844 3744/2682/844
f 3907/2689/844 3908/2687/844 3744/2682/844
f 3906/2690/844 3907/2689/844 3744/2682/844
f 3905/2691/844 3906/2690/844 3744/2682/844
f 3904/2692/844 3905/2691/844 3744/2682/844
f 3903/2693/844 3904/2692/844 3744/2682/844
f 3902/2694/844 3903/2693/844 3744/2682/844
f 3902/2694/844 3744/2682/844 3745/2695/844
f 3901/2696/844 3902/2694/844 3745/2695/844
f 3900/2697/844 3901/2696/844 3745/2695/844
f 3899/2698/844 3900/2697/844 3745/2695/844
f 3898/2699/844 3899/2698/844 3745/2695/844
f 3897/2700/844 3898/2699/844 3745/2695/844
f 3897/2700/844 3745/2695/844 3746/2701/844
f 3896/2702/844 3897/2700/844 3746/2701/844
f 3895/2703/844 3896/2702/844 3746/2701/844
f 3895/2703/844 3746/2701/844 3789/2704/844
f 3789/2704/844 3746/2701/844 3781/2705/844
f 3781/2705/844 3746/2701/844 3779/2706/844
f 3779/2706/844 3746/2701/844 3778/2707/844
f 3778/2707/844 3746/2701/844 3777/2708/844
f 3777/2708/844 3746/2701/844 3776/2709/844
f 3776/2709/844 3746/2701/844 3775/2710/844
f 3775/2710/844 3746/2701/844 3747/2711/844
f 3894/2712/844 3895/2703/844 3790/2713/844
f 3790/2713/844 3895/2703/844 3789/2704/844
f 3788/2714/844 3789/2704/844 3781/2705/844
f 3787/2715/843 3788/2714/843 3786/2716/843
f 3786/2716/844 3788/2714/844 3781/2705/844
f 3785/2717/843 3786/2716/843 3782/2718/843
f 3782/2718/843 3786/2716/843 3781/2705/843
f 3784/2719/843 3785/2717/843 3783/2720/843
f 3783/2720/843 3785/2717/843 3782/2718/843
f 3780/2721/843 3781/2705/843 3779/2706/843
f 3894/2712/844 3790/2713/844 3791/2722/844
f 3774/2723/844 3775/2710/844 3747/2711/844
f 3773/2724/844 3774/2723/844 3747/2711/844
f 3772/2725/844 3773/2724/844 3747/2711/844
f 3894/2712/844 3791/2722/844 3792/2726/844
f 3771/2727/844 3772/2725/844 3747/2711/844
f 3770/2728/844 3771/2727/844 3747/2711/844
f 3894/2712/844 3792/2726/844 3793/2729/844
f 3769/2730/844 3770/2728/844 3747/2711/844
f 3769/2730/844 3747/2711/844 3748/2731/844
f 3893/2732/844 3894/2712/844 3793/2729/844
f 3768/2733/844 3769/2730/844 3748/2731/844
f 3893/2732/844 3793/2729/844 3794/2734/844
f 3767/2735/844 3768/2733/844 3748/2731/844
f 3893/2732/844 3794/2734/844 3795/2736/844
f 3766/2737/844 3767/2735/844 3748/2731/844
f 3766/2737/844 3748/2731/844 3749/2738/844
f 3892/2739/844 3893/2732/844 3795/2736/844
f 3765/2740/844 3766/2737/844 3749/2738/844
f 3892/2739/844 3795/2736/844 3796/2741/844
f 3764/2742/844 3765/2740/844 3749/2738/844
f 3763/2743/844 3764/2742/844 3749/2738/844
f 3892/2739/844 3796/2741/844 3797/2744/844
f 3763/2743/844 3749/2738/844 3750/2745/844
f 3891/2746/844 3892/2739/844 3797/2744/844
f 3824/2747/844 3825/2749/844 3826/2748/844
f 3762/2750/844 3763/2743/844 3750/2745/844
f 3761/2751/844 3762/2750/844 3750/2745/844
f 3891/2746/844 3797/2744/844 3798/2752/844
f 3760/2753/844 3761/2751/844 3750/2745/844
f 3760/2753/844 3750/2745/844 3751/2754/844
f 3759/2755/844 3760/2753/844 3751/2754/844
f 3890/2756/844 3891/2746/844 3798/2752/844
f 3823/2757/844 3824/2747/844 3826/2748/844
f 3758/2758/844 3759/2755/844 3751/2754/844
f 3890/2756/844 3798/2752/844 3799/2759/844
f 3757/2760/844 3758/2758/844 3751/2754/844
f 3757/2760/844 3751/2754/844 3752/2761/844
f 3823/2757/844 3826/2748/844 3827/2762/844
f 3756/2763/844 3757/2760/844 3752/2761/844
f 3822/2764/844 3823/2757/844 3827/2762/844
f 3889/2765/844 3890/2756/844 3799/2759/844
f 3755/2766/844 3756/2763/844 3752/2761/844
f 3889/2765/844 3799/2759/844 3800/2767/844
f 3755/2766/844 3752/2761/844 3754/2768/844
f 3754/2768/844 3752/2761/844 3753/2769/844
f 3821/2770/844 3822/2764/844 3827/2762/844
f 3888/2771/844 3889/2765/844 3800/2767/844
f 3888/2771/844 3800/2767/844 3801/2772/844
f 3821/2770/844 3827/2762/844 3828/2773/844
f 3820/2774/844 3821/2770/844 3828/2773/844
f 3887/2775/844 3888/2771/844 3801/2772/844
f 3887/2775/844 3801/2772/844 3802/2776/844
f 3819/2777/844 3820/2774/844 3828/2773/844
f 3887/2775/844 3802/2776/844 3803/2778/844
f 3819/2777/844 3828/2773/844 3829/2779/844
f 3818/2780/844 3819/2777/844 3829/2779/844
f 3887/2775/844 3803/2778/844 3804/2781/844
f 3886/2782/844 3887/2775/844 3804/2781/844
f 3886/2782/844 3804/2781/844 3805/2783/844
f 3817/2784/844 3818/2780/844 3829/2779/844
f 3886/2782/844 3805/2783/844 3806/2785/844
f 3816/2786/844 3817/2784/844 3829/2779/844
f 3886/2782/844 3806/2785/844 3807/2787/844
f 3816/2786/844 3829/2779/844 3830/2788/844
f 3886/2782/844 3807/2787/844 3808/2789/844
f 3815/2790/844 3816/2786/844 3830/2788/844
f 3885/2791/844 3886/2782/844 3808/2789/844
f 3885/2791/844 3808/2789/844 3809/2792/844
f 3814/2793/844 3815/2790/844 3830/2788/844
f 3885/2791/844 3809/2792/844 3810/2794/844
f 3885/2791/844 3810/2794/844 3811/2795/844
f 3813/2796/844 3814/2793/844 3830/2788/844
f 3885/2791/844 3811/2795/844 3812/2797/844
f 3885/2791/844 3812/2797/844 3813/2796/844
f 3885/2791/844 3813/2796/844 3830/2788/844
f 3884/2798/844 3885/2791/844 3830/2788/844
f 3884/2798/844 3830/2788/844 3831/2799/844
f 3883/2800/844 3884/2798/844 3831/2799/844
f 3882/2801/844 3883/2800/844 3831/2799/844
f 3881/2802/844 3882/2801/844 3831/2799/844
f 3881/2802/844 3831/2799/844 3858/2803/844
f 3858/2803/844 3831/2799/844 3857/2804/844
f 3857/2804/844 3831/2799/844 3832/2805/844
f 3880/2806/844 3881/2802/844 3858/2803/844
f 3880/2806/844 3858/2803/844 3859/2807/844
f 3880/2806/844 3859/2807/844 3860/2808/844
f 3856/2809/844 3857/2804/844 3832/2805/844
f 3880/2806/844 3860/2808/844 3861/2810/844
f 3879/2811/844 3880/2806/844 3861/2810/844
f 3855/2812/844 3856/2809/844 3832/2805/844
f 3879/2811/844 3861/2810/844 3862/2813/844
f 3854/2814/844 3855/2812/844 3832/2805/844
f 3853/2815/844 3854/2814/844 3832/2805/844
f 3878/2816/844 3879/2811/844 3862/2813/844
f 3878/2816/844 3862/2813/844 3863/2817/844
f 3852/2818/844 3853/2815/844 3832/2805/844
f 3877/2819/844 3878/2816/844 3863/2817/844
f 3851/2820/844 3852/2818/844 3832/2805/844
f 3877/2819/844 3863/2817/844 3864/2821/844
f 3876/2822/844 3877/2819/844 3864/2821/844
f 3850/2823/844 3851/2820/844 3832/2805/844
f 3875/2824/844 3876/2822/844 3864/2821/844
f 3875/2824/844 3864/2821/844 3865/2825/844
f 3849/2826/844 3850/2823/844 3832/2805/844
f 3849/2826/844 3832/2805/844 3833/2827/844
f 3874/2828/844 3875/2824/844 3865/2825/844
f 3873/2829/844 3874/2828/844 3865/2825/844
f 3873/2829/844 3865/2825/844 3866/2830/844
f 3872/2831/844 3873/2829/844 3866/2830/844
f 3848/2832/844 3849/2826/844 3833/2827/844
f 3872/2831/844 3866/2830/844 3867/2833/844
f 3871/2834/844 3872/2831/844 3867/2833/844
f 3871/2834/844 3867/2833/844 3868/2835/844
f 3870/2836/844 3871/2834/844 3868/2835/844
f 3870/2836/844 3868/2835/844 3869/2837/844
f 3847/2838/844 3848/2832/844 3833/2827/844
f 3846/2839/844 3847/2838/844 3833/2827/844
f 3846/2839/844 3833/2827/844 3834/2840/844
f 3845/2841/844 3846/2839/844 3834/2840/844
f 3844/2842/844 3845/2841/844 3834/2840/844
f 3844/2842/844 3834/2840/844 3835/2843/844
f 3843/2844/844 3844/2842/844 3835/2843/844
f 3842/2845/844 3843/2844/844 3835/2843/844
f 3841/2846/844 3842/2845/844 3835/2843/844
f 3841/2846/844 3835/2843/844 3836/2847/844
f 3840/2848/844 3841/2846/844 3836/2847/844
f 3839/2849/844 3840/2848/844 3836/2847/844
f 3839/2849/844 3836/2847/844 3838/2850/844
f 3838/2850/844 3836/2847/844 3837/2851/844
s 1
f 3924/2852/845 3926/2853/846 3925/2854/846 3923/2672/845
f 3926/2853/846 3928/2855/847 3927/2856/847 3925/2854/846
f 3928/2855/847 3930/2857/848 3929/2858/848 3927/2856/847
f 3930/2857/848 3932/2859/849 3931/2860/849 3929/2858/848
f 3932/2859/849 3934/2861/850 3933/2862/850 3931/2860/849
f 3934/2861/850 3936/2863/851 3935/2864/851 3933/2862/850
f 3936/2863/851 3938/2865/852 3937/2866/852 3935/2864/851
f 3938/2865/852 3940/2867/853 3939/2868/853 3937/2866/852
f 3940/2867/853 3942/2869/854 3941/2870/854 3939/2868/853
f 3942/2869/854 3944/2871/855 3943/2872/855 3941/2870/854
f 3944/2871/855 3946/2873/856 3945/2874/856 3943/2872/855
f 3946/2873/856 3948/2875/857 3947/2876/857 3945/2874/856
f 3948/2875/857 3950/2877/858 3949/2878/858 3947/2876/857
f 3950/2877/858 3952/2879/859 3951/2880/859 3949/2878/858
f 3952/2879/859 3954/2881/860 3953/2882/860 3951/2880/859
f 3954/2881/860 3956/2883/861 3955/2884/861 3953/2882/860
f 3956/2883/861 3958/2885/862 3957/2886/862 3955/2884/861
f 3958/2885/862 3960/2887/863 3959/2888/863 3957/2886/862
f 3960/2887/863 3962/2889/864 3961/2890/864 3959/2888/863
f 3962/2889/864 3964/2891/865 3963/2892/865 3961/2890/864
f 3964/2891/865 3966/2893/866 3965/2894/866 3963/2892/865
f 3966/2893/866 3968/2895/867 3967/2896/867 3965/2894/866
f 3968/2895/867 3970/2897/868 3969/2898/868 3967/2896/867
f 3970/2897/868 3972/2899/869 3971/2900/869 3969/2898/868
f 3972/2899/869 3974/2901/870 3973/2902/870 3971/2900/869
f 3974/2901/870 3976/2903/871 3975/2904/871 3973/2902/870
f 3976/2903/871 3978/2905/872 3977/2906/872 3975/2904/871
f 3978/2905/872 3980/2907/873 3979/2908/873 3977/2906/872
f 3980/2907/873 3982/2909/874 3981/2910/874 3979/2908/873
f 3982/2909/874 3984/2911/875 3983/2912/875 3981/2910/874
f 3984/2911/875 3986/2913/876 3985/2914/876 3983/2912/875
f 3986/2913/876 3988/2915/877 3987/2916/877 3985/2914/876
f 3988/2915/877 3990/2917/878 3989/2918/878 3987/2916/877
f 3990/2917/878 3992/2919/879 3991/2920/879 3989/2918/878
f 3992/2919/879 3994/2921/880 3993/2922/880 3991/2920/879
f 3994/2921/880 3996/2923/881 3995/2924/881 3993/2922/880
f 3996/2923/881 3998/2925/881 3997/2926/881 3995/2924/881
f 3998/2925/881 4000/2927/881 3999/2928/881 3997/2926/881
f 4000/2927/881 4002/2929/881 4001/2930/881 3999/2928/881
f 4002/2929/881 4004/2931/881 4003/2932/881 4001/2930/881
f 4004/2931/881 4006/2933/881 4005/2934/881 4003/2932/881
f 4006/2933/881 4008/2935/881 4007/2936/881 4005/2934/881
f 4008/2935/881 4010/2937/881 4009/2938/881 4007/2936/881
f 4010/2937/881 4012/2939/881 4011/2940/881 4009/2938/881
f 4012/2939/881 4014/2941/881 4013/2942/881 4011/2940/881
f 4014/2941/881 4016/2943/881 4015/2944/881 4013/2942/881
f 4016/2943/881 4018/2945/882 4017/2946/882 4015/2944/881
f 4018/2945/882 4020/2947/883 4019/2948/883 4017/2946/882
f 4020/2947/883 4022/2949/884 4021/2950/884 4019/2948/883
f 4022/2949/884 4024/2951/885 4023/2952/885 4021/2950/884
f 4024/2951/885 4026/2953/886 4025/2954/886 4023/2952/885
f 4026/2953/886 4028/2955/887 4027/2956/887 4025/2954/886
f 4028/2955/887 4030/2957/888 4029/2958/888 4027/2956/887
f 4030/2957/888 4032/2959/889 4031/2960/889 4029/2958/888
f 4032/2959/889 4034/2961/890 4033/2962/890 4031/2960/889
f 4034/2961/890 4036/2963/891 4035/2964/891 4033/2962/890
f 4036/2963/891 4038/2965/892 4037/2966/892 4035/2964/891
f 4038/2965/892 4040/2967/893 4039/2968/893 4037/2966/892
f 4040/2967/893 4042/2969/894 4041/2970/894 4039/2968/893
f 4042/2969/894 4044/2971/895 4043/2972/895 4041/2970/894
f 4044/2971/895 4046/2973/896 4045/2974/896 4043/2972/895
f 4046/2973/896 4048/2975/897 4047/2976/897 4045/2974/896
f 4048/2975/897 4050/2977/898 4049/2978/898 4047/2976/897
f 4050/2977/898 4052/2979/899 4051/2980/899 4049/2978/898
f 4052/2979/899 4054/2981/900 4053/2982/900 4051/2980/899
f 4054/2981/900 4056/2983/901 4055/2984/901 4053/2982/900
f 4056/2983/901 4058/2985/902 4057/2986/902 4055/2984/901
f 4058/2985/902 4060/2987/903 4059/2988/903 4057/2986/902
f 4060/2987/903 4062/2989/904 4061/2990/904 4059/2988/903
f 4062/2989/904 4064/2991/905 4063/2992/905 4061/2990/904
f 4064/2991/905 4066/2993/906 4065/2994/906 4063/2992/905
f 4066/2993/906 4068/2995/907 4067/2996/907 4065/2994/906
f 4068/2995/907 4070/2997/908 4069/2998/908 4067/2996/907
f 4070/2997/908 4072/2999/909 4071/3000/909 4069/2998/908
f 4072/2999/909 4074/3001/910 4073/3002/910 4071/3000/909
f 4074/3001/910 4076/3003/911 4075/3004/911 4073/3002/910
f 4076/3003/911 4078/3005/912 4077/3006/912 4075/3004/911
f 4078/3005/912 4080/3007/913 4079/3008/913 4077/3006/912
f 4080/3007/913 4082/3009/914 4081/3010/914 4079/3008/913
f 4082/3009/914 4084/3011/915 4083/3012/915 4081/3010/914
f 4084/3011/915 4086/3013/916 4085/3014/916 4083/3012/915
f 4086/3013/916 4088/3015/917 4087/3016/917 4085/3014/916
f 4088/3015/917 4090/3017/918 4089/3018/918 4087/3016/917
f 4090/3017/918 4092/3019/919 4091/3020/919 4089/3018/918
f 4092/3019/919 4094/3021/920 4093/3022/920 4091/3020/919
f 4094/3021/920 4096/3023/921 4095/3024/921 4093/3022/920
f 4096/3023/921 4098/3025/922 4097/3026/922 4095/3024/921
f 4098/3025/922 4100/3027/923 4099/3028/923 4097/3026/922
f 4100/3027/923 4102/3029/924 4101/3030/924 4099/3028/923
f 4102/3029/924 4104/3031/925 4103/3032/925 4101/3030/924
f 4104/3031/925 4106/3033/926 4105/3034/926 4103/3032/925
f 4106/3033/926 4108/3035/927 4107/3036/927 4105/3034/926
f 4108/3035/927 4110/3037/928 4109/3038/928 4107/3036/927
f 4110/3037/928 4112/3039/929 4111/3040/929 4109/3038/928
f 4112/3039/929 4114/3041/930 4113/3042/930 4111/3040/929
f 4114/3041/930 4116/3043/931 4115/3044/931 4113/3042/930
f 4116/3043/931 4118/3045/932 4117/3046/932 4115/3044/931
f 4118/3045/932 4120/3047/933 4119/3048/933 4117/3046/932
f 4120/3047/933 4122/3049/934 4121/3050/934 4119/3048/933
f 4122/3049/934 4124/3051/935 4123/3052/935 4121/3050/934
f 4124/3051/935 4126/3053/936 4125/3054/936 4123/3052/935
f 4126/3053/936 4128/3055/937 4127/3056/937 4125/3054/936
f 4128/3055/937 4130/3057/938 4129/3058/938 4127/3056/937
f 4130/3057/938 4132/3059/939 4131/3060/939 4129/3058/938
f 4132/3059/939 4134/3061/940 4133/3062/940 4131/3060/939
f 4134/3061/940 4136/3063/941 4135/3064/941 4133/3062/940
f 4136/3063/941 4138/3065/942 4137/3066/942 4135/3064/941
f 4138/3065/942 4140/3067/943 4139/3068/943 4137/3066/942
f 4140/3067/943 4142/3069/944 4141/3070/944 4139/3068/943
f 4142/3069/944 4144/3071/945 4143/3072/945 4141/3070/944
f 4144/3071/945 4146/3073/946 4145/3074/946 4143/3072/945
f 4146/3073/946 4148/3075/947 4147/3076/947 4145/3074/946
f 4148/3075/947 4150/3077/948 4149/3078/948 4147/3076/947
f 4150/3077/948 4152/3079/949 4151/3080/949 4149/3078/948
f 4152/3079/949 4154/3081/950 4153/3082/950 4151/3080/949
f 4154/3081/950 4156/3083/951 4155/3084/951 4153/3082/950
f 4156/3083/951 4158/3085/952 4157/3086/952 4155/3084/951
f 4158/3085/952 4160/3087/953 4159/3088/953 4157/3086/952
f 4160/3087/953 4162/3089/954 4161/3090/954 4159/3088/953
f 4162/3089/954 4164/3091/955 4163/3092/955 4161/3090/954
f 4164/3091/955 4166/3093/956 4165/3094/956 4163/3092/955
f 4166/3093/956 4168/3095/957 4167/3096/957 4165/3094/956
f 4168/3095/957 4170/3097/958 4169/3098/958 4167/3096/957
f 4170/3097/958 4172/3099/959 4171/3100/959 4169/3098/958
f 4172/3099/959 4174/3101/960 4173/3102/960 4171/3100/959
f 4174/3101/960 4176/3103/961 4175/3104/961 4173/3102/960
f 4176/3103/961 4178/3105/962 4177/3106/962 4175/3104/961
f 4178/3105/962 4180/3107/963 4179/3108/963 4177/3106/962
f 4180/3107/963 4182/3109/964 4181/3110/964 4179/3108/963
f 4182/3109/964 4184/3111/965 4183/3112/965 4181/3110/964
f 4184/3111/965 4186/3113/966 4185/3114/966 4183/3112/965
f 4186/3113/966 4188/3115/967 4187/3116/967 4185/3114/966
f 4188/3115/967 4190/3117/968 4189/3118/968 4187/3116/967
f 4190/3117/968 4192/3119/969 4191/3120/969 4189/3118/968
f 4192/3119/969 4194/3121/970 4193/3122/970 4191/3120/969
f 4194/3121/970 4196/3123/971 4195/3124/971 4193/3122/970
f 4196/3123/971 4198/3125/972 4197/3126/972 4195/3124/971
f 4198/3125/972 4200/3127/973 4199/3128/973 4197/3126/972
f 4200/3127/973 4202/3129/974 4201/3130/974 4199/3128/973
f 4202/3129/974 4204/3131/975 4203/3132/975 4201/3130/974
f 4204/3131/975 4206/3133/976 4205/3134/976 4203/3132/975
f 4206/3133/976 4208/3135/977 4207/3136/977 4205/3134/976
f 4208/3135/977 4210/3137/978 4209/3138/978 4207/3136/977
f 4210/3137/978 4212/3139/979 4211/3140/979 4209/3138/978
f 4212/3139/979 4214/3141/980 4213/3142/980 4211/3140/979
f 4214/3141/980 4216/3143/981 4215/3144/981 4213/3142/980
f 4216/3143/981 4218/3145/982 4217/3146/982 4215/3144/981
f 4218/3145/982 4220/3147/983 4219/3148/983 4217/3146/982
f 4220/3147/983 4222/3149/984 4221/3150/984 4219/3148/983
f 4222/3149/984 4224/3151/985 4223/3152/985 4221/3150/984
f 4224/3151/985 4226/3153/986 4225/3154/986 4223/3152/985
f 4226/3153/986 4228/3155/987 4227/3156/987 4225/3154/986
f 4228/3155/987 4230/3157/988 4229/3158/988 4227/3156/987
f 4230/3157/988 4232/3159/989 4231/3160/989 4229/3158/988
f 4232/3159/989 4234/3161/990 4233/3162/990 4231/3160/989
f 4234/3161/990 4236/3163/991 4235/3164/991 4233/3162/990
f 4236/3163/991 4238/3165/992 4237/3166/992 4235/3164/991
f 4238/3165/992 4240/3167/993 4239/3168/993 4237/3166/992
f 4240/3167/993 4242/3169/994 4241/3170/994 4239/3168/993
f 4242/3169/994 4244/3171/995 4243/3172/995 4241/3170/994
f 4244/3171/995 4246/3173/996 4245/3174/996 4243/3172/995
f 4246/3173/996 4248/3175/997 4247/3176/997 4245/3174/996
f 4248/3175/997 4250/3177/998 4249/3178/998 4247/3176/997
f 4250/3177/998 4252/3179/999 4251/3180/999 4249/3178/998
f 4252/3179/999 4254/3181/1000 4253/3182/1000 4251/3180/999
f 4254/3181/1000 4256/3183/1001 4255/3184/1001 4253/3182/1000
f 4256/3183/1001 4258/3185/1002 4257/3186/1002 4255/3184/1001
f 4258/3185/1002 4260/3187/1003 4259/3188/1003 4257/3186/1002
f 4260/3187/1003 4262/3189/1004 4261/3190/1004 4259/3188/1003
f 4262/3189/1004 4264/3191/1005 4263/3192/1005 4261/3190/1004
f 4264/3191/1005 4266/3193/1006 4265/3194/1006 4263/3192/1005
f 4266/3193/1006 4268/3195/1007 4267/3196/1007 4265/3194/1006
f 4268/3195/1007 4270/3197/1008 4269/3198/1008 4267/3196/1007
f 4270/3197/1008 4272/3199/1009 4271/3200/1009 4269/3198/1008
f 4272/3199/1009 4274/3201/1010 4273/3202/1010 4271/3200/1009
f 4274/3201/1010 4276/3203/1011 4275/3204/1011 4273/3202/1010
f 4276/3203/1011 4278/3205/1012 4277/3206/1012 4275/3204/1011
f 4278/3205/1012 4280/3207/1013 4279/3208/1013 4277/3206/1012
f 4280/3207/1013 4282/3209/1014 4281/3210/1014 4279/3208/1013
f 4282/3209/1014 4284/3211/1015 4283/3212/1015 4281/3210/1014
f 4284/3211/1015 3924/3213/845 3923/2673/845 4283/3212/1015
o Curve.003
v -1.187087 -9.559887 -0.298332
v -0.920410 -9.452719 -0.298332
v -0.670938 -9.332563 -0.298332
v -0.438072 -9.199873 -0.298332
v -0.221214 -9.055094 -0.298332
v -0.019768 -8.898684 -0.298332
v 0.166866 -8.731091 -0.298332
v 0.339286 -8.552769 -0.298332
v 0.498090 -8.364168 -0.298333
v 0.643876 -8.165739 -0.298333
v 0.777242 -7.957937 -0.298333
v 0.898787 -7.741210 -0.298333
v 0.845416 -7.794123 -0.298333
v 0.791736 -7.843431 -0.298333
v 0.737763 -7.889128 -0.298333
v 0.683514 -7.931205 -0.298333
v 0.629006 -7.969657 -0.298333
v 0.574256 -8.004478 -0.298333
v 0.519281 -8.035660 -0.298333
v 0.464099 -8.063194 -0.298333
v 0.408727 -8.087078 -0.298332
v 0.353181 -8.107304 -0.298332
v 0.297480 -8.123861 -0.298332
v 0.241640 -8.136749 -0.298332
v 0.170655 -8.142651 -0.298332
v 0.108539 -8.131920 -0.298332
v 0.054787 -8.106730 -0.298332
v 0.008896 -8.069241 -0.298332
v -0.029638 -8.021618 -0.298332
v -0.061317 -7.966029 -0.298332
v -0.086646 -7.904638 -0.298332
v -0.106127 -7.839609 -0.298332
v -0.120263 -7.773109 -0.298332
v -0.129560 -7.707301 -0.298332
v -0.134518 -7.644351 -0.298332
v -0.135641 -7.586423 -0.298332
v -0.135796 -7.571884 -0.298332
v -0.136223 -7.531683 -0.298332
v -0.136868 -7.470955 -0.298332
v -0.137676 -7.394831 -0.298332
v -0.138594 -7.308443 -0.298332
v -0.139565 -7.216922 -0.298332
v -0.140537 -7.125402 -0.298332
v -0.141455 -7.039013 -0.298332
v -0.142263 -6.962889 -0.298332
v -0.142909 -6.902161 -0.298332
v -0.143336 -6.861961 -0.298332
v -0.143491 -6.847420 -0.298332
v -0.134652 -6.721941 -0.298332
v -0.105636 -6.608019 -0.298332
v -0.057298 -6.504639 -0.298332
v 0.009508 -6.410780 -0.298332
v 0.093926 -6.325426 -0.298332
v 0.195104 -6.247553 -0.298332
v 0.312186 -6.176147 -0.298332
v 0.444318 -6.110187 -0.298332
v 0.590645 -6.048655 -0.298333
v 0.750315 -5.990531 -0.298333
v 0.922470 -5.934797 -0.298333
v 1.106259 -5.880434 -0.298333
v 1.183042 -5.864678 -0.298333
v 1.255119 -5.862214 -0.298333
v 1.322039 -5.872628 -0.298333
v 1.383347 -5.895508 -0.298333
v 1.438586 -5.930445 -0.298333
v 1.487302 -5.977024 -0.298333
v 1.529042 -6.034834 -0.298333
v 1.563349 -6.103463 -0.298333
v 1.589769 -6.182498 -0.298333
v 1.607848 -6.271529 -0.298333
v 1.617129 -6.370142 -0.298333
v 1.617159 -6.477925 -0.298333
v 1.595176 -6.776394 -0.298333
v 1.555599 -7.060237 -0.298333
v 1.499155 -7.330496 -0.298333
v 1.426568 -7.588217 -0.298333
v 1.338563 -7.834443 -0.298333
v 1.235865 -8.070217 -0.298333
v 1.119196 -8.296585 -0.298333
v 0.989284 -8.514589 -0.298333
v 0.846852 -8.725275 -0.298333
v 0.692625 -8.929686 -0.298333
v 0.527327 -9.128868 -0.298333
v 0.351682 -9.323862 -0.298332
v 0.662420 -9.237621 -0.298333
v 0.953848 -9.126692 -0.298333
v 1.226360 -8.991577 -0.298333
v 1.480346 -8.832775 -0.298333
v 1.716199 -8.650787 -0.298333
v 1.934309 -8.446114 -0.298333
v 2.135071 -8.219259 -0.298333
v 2.318874 -7.970720 -0.298333
v 2.486111 -7.701001 -0.298333
v 2.637174 -7.410599 -0.298333
v 2.772455 -7.100020 -0.298333
v 2.892345 -6.769762 -0.298333
v 2.843391 -6.855897 -0.298333
v 2.792552 -6.937946 -0.298333
v 2.739785 -7.015817 -0.298333
v 2.685049 -7.089420 -0.298333
v 2.628300 -7.158662 -0.298333
v 2.569497 -7.223453 -0.298333
v 2.508598 -7.283702 -0.298333
v 2.445561 -7.339318 -0.298333
v 2.380343 -7.390208 -0.298333
v 2.312902 -7.436281 -0.298333
v 2.243197 -7.477448 -0.298333
v 2.171185 -7.513614 -0.298333
v 2.133127 -7.528242 -0.298333
v 2.098732 -7.535658 -0.298333
v 2.068156 -7.536119 -0.298333
v 2.041558 -7.529877 -0.298333
v 2.019096 -7.517184 -0.298333
v 2.000926 -7.498292 -0.298333
v 1.987207 -7.473453 -0.298333
v 1.978097 -7.442920 -0.298333
v 1.973753 -7.406944 -0.298333
v 1.974333 -7.365778 -0.298333
v 1.979994 -7.319675 -0.298333
v 1.990895 -7.268886 -0.298333
v 2.040111 -7.068261 -0.298333
v 2.084248 -6.870094 -0.298333
v 2.122934 -6.674565 -0.298333
v 2.155800 -6.481853 -0.298333
v 2.182476 -6.292137 -0.298333
v 2.202590 -6.105596 -0.298333
v 2.215773 -5.922410 -0.298333
v 2.221654 -5.742757 -0.298333
v 2.219863 -5.566818 -0.298333
v 2.210029 -5.394771 -0.298333
v 2.191782 -5.226796 -0.298333
v 2.164751 -5.063072 -0.298333
v 2.152410 -5.003420 -0.298333
v 2.135662 -4.947467 -0.298333
v 2.114439 -4.895688 -0.298333
v 2.088671 -4.848559 -0.298333
v 2.058292 -4.806554 -0.298333
v 2.023234 -4.770152 -0.298333
v 1.983428 -4.739825 -0.298333
v 1.938806 -4.716050 -0.298333
v 1.889300 -4.699302 -0.298333
v 1.834843 -4.690057 -0.298333
v 1.775365 -4.688791 -0.298333
v 1.710800 -4.695980 -0.298333
v 1.504430 -4.736101 -0.298333
v 1.299854 -4.785006 -0.298333
v 1.098118 -4.842527 -0.298333
v 0.900266 -4.908494 -0.298333
v 0.707343 -4.982738 -0.298333
v 0.520395 -5.065090 -0.298333
v 0.340467 -5.155380 -0.298332
v 0.168605 -5.253439 -0.298332
v 0.005855 -5.359099 -0.298332
v -0.146740 -5.472188 -0.298332
v -0.288133 -5.592541 -0.298332
v -0.417279 -5.719985 -0.298332
v -0.463972 -5.769872 -0.298332
v -0.511584 -5.821359 -0.298332
v -0.559220 -5.874259 -0.298332
v -0.605983 -5.928386 -0.298332
v -0.650975 -5.983556 -0.298332
v -0.693299 -6.039582 -0.298332
v -0.732061 -6.096280 -0.298332
v -0.766362 -6.153462 -0.298332
v -0.795306 -6.210945 -0.298332
v -0.817997 -6.268542 -0.298332
v -0.833537 -6.326066 -0.298332
v -0.841030 -6.383335 -0.298332
v -0.841030 -7.682645 -0.298332
v -0.849381 -7.870868 -0.298332
v -0.864954 -8.055174 -0.298332
v -0.887992 -8.235430 -0.298332
v -0.918739 -8.411501 -0.298332
v -0.957441 -8.583260 -0.298332
v -1.004340 -8.750568 -0.298332
v -1.059681 -8.913300 -0.298332
v -1.123709 -9.071316 -0.298332
v -1.196668 -9.224489 -0.298332
v -1.278800 -9.372684 -0.298332
v -1.370352 -9.515770 -0.298332
v -1.471567 -9.653614 -0.298332
v -1.187087 -9.559887 0.298335
v -0.920410 -9.452719 0.298335
v -0.670938 -9.332563 0.298335
v -0.438072 -9.199873 0.298335
v -0.221214 -9.055094 0.298335
v -0.019768 -8.898684 0.298335
v 0.166866 -8.731091 0.298335
v 0.339286 -8.552769 0.298335
v 0.498090 -8.364168 0.298335
v 0.643876 -8.165739 0.298335
v 0.777242 -7.957937 0.298335
v 0.898787 -7.741210 0.298335
v 0.845416 -7.794123 0.298335
v 0.791736 -7.843431 0.298335
v 0.737763 -7.889128 0.298335
v 0.683514 -7.931205 0.298335
v 0.629006 -7.969657 0.298335
v 0.574256 -8.004478 0.298335
v 0.519281 -8.035660 0.298335
v 0.464099 -8.063194 0.298335
v 0.408727 -8.087078 0.298335
v 0.353181 -8.107304 0.298335
v 0.297480 -8.123861 0.298335
v 0.241640 -8.136749 0.298335
v 0.170655 -8.142651 0.298335
v 0.108539 -8.131920 0.298335
v 0.054787 -8.106730 0.298335
v 0.008896 -8.069241 0.298335
v -0.029638 -8.021618 0.298335
v -0.061317 -7.966029 0.298335
v -0.086646 -7.904638 0.298335
v -0.106127 -7.839609 0.298335
v -0.120263 -7.773109 0.298335
v -0.129560 -7.707301 0.298335
v -0.134518 -7.644351 0.298335
v -0.135641 -7.586423 0.298335
v -0.135796 -7.571884 0.298335
v -0.136223 -7.531683 0.298335
v -0.136868 -7.470955 0.298335
v -0.137676 -7.394831 0.298335
v -0.138594 -7.308443 0.298335
v -0.139565 -7.216922 0.298335
v -0.140537 -7.125402 0.298335
v -0.141455 -7.039013 0.298335
v -0.142263 -6.962889 0.298335
v -0.142909 -6.902161 0.298335
v -0.143336 -6.861961 0.298335
v -0.143491 -6.847420 0.298335
v -0.134652 -6.721941 0.298335
v -0.105636 -6.608019 0.298335
v -0.057298 -6.504639 0.298335
v 0.009508 -6.410780 0.298335
v 0.093926 -6.325426 0.298335
v 0.195104 -6.247553 0.298335
v 0.312186 -6.176147 0.298335
v 0.444318 -6.110187 0.298335
v 0.590645 -6.048655 0.298335
v 0.750315 -5.990531 0.298335
v 0.922470 -5.934797 0.298335
v 1.106259 -5.880434 0.298335
v 1.183042 -5.864678 0.298335
v 1.255119 -5.862214 0.298335
v 1.322039 -5.872628 0.298335
v 1.383347 -5.895508 0.298335
v 1.438586 -5.930445 0.298335
v 1.487302 -5.977024 0.298335
v 1.529042 -6.034834 0.298335
v 1.563349 -6.103463 0.298335
v 1.589769 -6.182498 0.298335
v 1.607848 -6.271529 0.298335
v 1.617129 -6.370142 0.298335
v 1.617159 -6.477925 0.298335
v 1.595176 -6.776394 0.298335
v 1.555599 -7.060237 0.298335
v 1.499155 -7.330496 0.298335
v 1.426568 -7.588217 0.298335
v 1.338563 -7.834443 0.298335
v 1.235865 -8.070217 0.298335
v 1.119196 -8.296585 0.298335
v 0.989284 -8.514589 0.298335
v 0.846852 -8.725275 0.298335
v 0.692625 -8.929686 0.298335
v 0.527327 -9.128868 0.298335
v 0.351682 -9.323862 0.298335
v 0.662420 -9.237621 0.298335
v 0.953848 -9.126692 0.298335
v 1.226360 -8.991577 0.298335
v 1.480346 -8.832775 0.298335
v 1.716199 -8.650787 0.298335
v 1.934309 -8.446114 0.298335
v 2.135071 -8.219259 0.298335
v 2.318874 -7.970720 0.298335
v 2.486111 -7.701001 0.298335
v 2.637174 -7.410599 0.298335
v 2.772455 -7.100020 0.298335
v 2.892345 -6.769762 0.298335
v 2.843391 -6.855897 0.298335
v 2.792552 -6.937946 0.298335
v 2.739785 -7.015817 0.298335
v 2.685049 -7.089420 0.298335
v 2.628300 -7.158662 0.298335
v 2.569497 -7.223453 0.298335
v 2.508598 -7.283702 0.298335
v 2.445561 -7.339318 0.298335
v 2.380343 -7.390208 0.298335
v 2.312902 -7.436281 0.298335
v 2.243197 -7.477448 0.298335
v 2.171185 -7.513614 0.298335
v 2.133127 -7.528242 0.298335
v 2.098732 -7.535658 0.298335
v 2.068156 -7.536119 0.298335
v 2.041558 -7.529877 0.298335
v 2.019096 -7.517184 0.298335
v 2.000926 -7.498292 0.298335
v 1.987207 -7.473453 0.298335
v 1.978097 -7.442920 0.298335
v 1.973753 -7.406944 0.298335
v 1.974333 -7.365778 0.298335
v 1.979994 -7.319675 0.298335
v 1.990895 -7.268886 0.298335
v 2.040111 -7.068261 0.298335
v 2.084248 -6.870094 0.298335
v 2.122934 -6.674565 0.298335
v 2.155800 -6.481853 0.298335
v 2.182476 -6.292137 0.298335
v 2.202590 -6.105596 0.298335
v 2.215773 -5.922410 0.298335
v 2.221654 -5.742757 0.298335
v 2.219863 -5.566818 0.298335
v 2.210029 -5.394771 0.298335
v 2.191782 -5.226796 0.298335
v 2.164751 -5.063072 0.298335
v 2.152410 -5.003420 0.298335
v 2.135662 -4.947467 0.298335
v 2.114439 -4.895688 0.298335
v 2.088671 -4.848559 0.298335
v 2.058292 -4.806554 0.298335
v 2.023234 -4.770152 0.298335
v 1.983428 -4.739825 0.298335
v 1.938806 -4.716050 0.298335
v 1.889300 -4.699302 0.298335
v 1.834843 -4.690057 0.298335
v 1.775365 -4.688791 0.298335
v 1.710800 -4.695980 0.298335
v 1.504430 -4.736101 0.298335
v 1.299854 -4.785006 0.298335
v 1.098118 -4.842527 0.298335
v 0.900266 -4.908494 0.298335
v 0.707343 -4.982738 0.298335
v 0.520395 -5.065090 0.298335
v 0.340467 -5.155380 0.298335
v 0.168605 -5.253439 0.298335
v 0.005855 -5.359099 0.298335
v -0.146740 -5.472188 0.298335
v -0.288133 -5.592541 0.298335
v -0.417279 -5.719985 0.298335
v -0.463972 -5.769872 0.298335
v -0.511584 -5.821359 0.298335
v -0.559220 -5.874259 0.298335
v -0.605983 -5.928386 0.298335
v -0.650975 -5.983556 0.298335
v -0.693299 -6.039582 0.298335
v -0.732061 -6.096280 0.298335
v -0.766362 -6.153462 0.298335
v -0.795306 -6.210945 0.298335
v -0.817997 -6.268542 0.298335
v -0.833537 -6.326066 0.298335
v -0.841030 -6.383335 0.298335
v -0.841030 -7.682645 0.298335
v -0.849381 -7.870868 0.298335
v -0.864954 -8.055174 0.298335
v -0.887992 -8.235430 0.298335
v -0.918739 -8.411501 0.298335
v -0.957441 -8.583260 0.298335
v -1.004340 -8.750568 0.298335
v -1.059681 -8.913300 0.298335
v -1.123709 -9.071316 0.298335
v -1.196668 -9.224489 0.298335
v -1.278800 -9.372684 0.298335
v -1.370352 -9.515770 0.298335
v -1.471567 -9.653614 0.298335
v -1.187087 -9.559887 0.298335
v -1.187087 -9.559887 -0.298332
v -0.920410 -9.452719 0.298335
v -0.920410 -9.452719 -0.298332
v -0.670938 -9.332563 0.298335
v -0.670938 -9.332563 -0.298332
v -0.438072 -9.199873 0.298335
v -0.438072 -9.199873 -0.298332
v -0.221214 -9.055094 0.298335
v -0.221214 -9.055094 -0.298332
v -0.019768 -8.898684 0.298335
v -0.019768 -8.898684 -0.298332
v 0.166866 -8.731091 0.298335
v 0.166866 -8.731091 -0.298332
v 0.339286 -8.552769 0.298335
v 0.339286 -8.552769 -0.298332
v 0.498090 -8.364168 0.298335
v 0.498090 -8.364168 -0.298333
v 0.643876 -8.165739 0.298335
v 0.643876 -8.165739 -0.298333
v 0.777242 -7.957937 0.298335
v 0.777242 -7.957937 -0.298333
v 0.898787 -7.741210 0.298335
v 0.898787 -7.741210 -0.298333
v 0.845416 -7.794123 0.298335
v 0.845416 -7.794123 -0.298333
v 0.791736 -7.843431 0.298335
v 0.791736 -7.843431 -0.298333
v 0.737763 -7.889128 0.298335
v 0.737763 -7.889128 -0.298333
v 0.683514 -7.931205 0.298335
v 0.683514 -7.931205 -0.298333
v 0.629006 -7.969657 0.298335
v 0.629006 -7.969657 -0.298333
v 0.574256 -8.004478 0.298335
v 0.574256 -8.004478 -0.298333
v 0.519281 -8.035660 0.298335
v 0.519281 -8.035660 -0.298333
v 0.464099 -8.063194 0.298335
v 0.464099 -8.063194 -0.298333
v 0.408727 -8.087078 0.298335
v 0.408727 -8.087078 -0.298332
v 0.353181 -8.107304 0.298335
v 0.353181 -8.107304 -0.298332
v 0.297480 -8.123861 0.298335
v 0.297480 -8.123861 -0.298332
v 0.241640 -8.136749 0.298335
v 0.241640 -8.136749 -0.298332
v 0.170655 -8.142651 0.298335
v 0.170655 -8.142651 -0.298332
v 0.108539 -8.131920 0.298335
v 0.108539 -8.131920 -0.298332
v 0.054787 -8.106730 0.298335
v 0.054787 -8.106730 -0.298332
v 0.008896 -8.069241 0.298335
v 0.008896 -8.069241 -0.298332
v -0.029638 -8.021618 0.298335
v -0.029638 -8.021618 -0.298332
v -0.061317 -7.966029 0.298335
v -0.061317 -7.966029 -0.298332
v -0.086646 -7.904638 0.298335
v -0.086646 -7.904638 -0.298332
v -0.106127 -7.839609 0.298335
v -0.106127 -7.839609 -0.298332
v -0.120263 -7.773109 0.298335
v -0.120263 -7.773109 -0.298332
v -0.129560 -7.707301 0.298335
v -0.129560 -7.707301 -0.298332
v -0.134518 -7.644351 0.298335
v -0.134518 -7.644351 -0.298332
v -0.135641 -7.586423 0.298335
v -0.135641 -7.586423 -0.298332
v -0.135796 -7.571884 0.298335
v -0.135796 -7.571884 -0.298332
v -0.136223 -7.531683 0.298335
v -0.136223 -7.531683 -0.298332
v -0.136868 -7.470955 0.298335
v -0.136868 -7.470955 -0.298332
v -0.137676 -7.394831 0.298335
v -0.137676 -7.394831 -0.298332
v -0.138594 -7.308443 0.298335
v -0.138594 -7.308443 -0.298332
v -0.139565 -7.216922 0.298335
v -0.139565 -7.216922 -0.298332
v -0.140537 -7.125402 0.298335
v -0.140537 -7.125402 -0.298332
v -0.141455 -7.039013 0.298335
v -0.141455 -7.039013 -0.298332
v -0.142263 -6.962889 0.298335
v -0.142263 -6.962889 -0.298332
v -0.142909 -6.902161 0.298335
v -0.142909 -6.902161 -0.298332
v -0.143336 -6.861961 0.298335
v -0.143336 -6.861961 -0.298332
v -0.143491 -6.847420 0.298335
v -0.143491 -6.847420 -0.298332
v -0.134652 -6.721941 0.298335
v -0.134652 -6.721941 -0.298332
v -0.105636 -6.608019 0.298335
v -0.105636 -6.608019 -0.298332
v -0.057298 -6.504639 0.298335
v -0.057298 -6.504639 -0.298332
v 0.009508 -6.410780 0.298335
v 0.009508 -6.410780 -0.298332
v 0.093926 -6.325426 0.298335
v 0.093926 -6.325426 -0.298332
v 0.195104 -6.247553 0.298335
v 0.195104 -6.247553 -0.298332
v 0.312186 -6.176147 0.298335
v 0.312186 -6.176147 -0.298332
v 0.444318 -6.110187 0.298335
v 0.444318 -6.110187 -0.298332
v 0.590645 -6.048655 0.298335
v 0.590645 -6.048655 -0.298333
v 0.750315 -5.990531 0.298335
v 0.750315 -5.990531 -0.298333
v 0.922470 -5.934797 0.298335
v 0.922470 -5.934797 -0.298333
v 1.106259 -5.880434 0.298335
v 1.106259 -5.880434 -0.298333
v 1.183042 -5.864678 0.298335
v 1.183042 -5.864678 -0.298333
v 1.255119 -5.862214 0.298335
v 1.255119 -5.862214 -0.298333
v 1.322039 -5.872628 0.298335
v 1.322039 -5.872628 -0.298333
v 1.383347 -5.895508 0.298335
v 1.383347 -5.895508 -0.298333
v 1.438586 -5.930445 0.298335
v 1.438586 -5.930445 -0.298333
v 1.487302 -5.977024 0.298335
v 1.487302 -5.977024 -0.298333
v 1.529042 -6.034834 0.298335
v 1.529042 -6.034834 -0.298333
v 1.563349 -6.103463 0.298335
v 1.563349 -6.103463 -0.298333
v 1.589769 -6.182498 0.298335
v 1.589769 -6.182498 -0.298333
v 1.607848 -6.271529 0.298335
v 1.607848 -6.271529 -0.298333
v 1.617129 -6.370142 0.298335
v 1.617129 -6.370142 -0.298333
v 1.617159 -6.477925 0.298335
v 1.617159 -6.477925 -0.298333
v 1.595176 -6.776394 0.298335
v 1.595176 -6.776394 -0.298333
v 1.555599 -7.060237 0.298335
v 1.555599 -7.060237 -0.298333
v 1.499155 -7.330496 0.298335
v 1.499155 -7.330496 -0.298333
v 1.426568 -7.588217 0.298335
v 1.426568 -7.588217 -0.298333
v 1.338563 -7.834443 0.298335
v 1.338563 -7.834443 -0.298333
v 1.235865 -8.070217 0.298335
v 1.235865 -8.070217 -0.298333
v 1.119196 -8.296585 0.298335
v 1.119196 -8.296585 -0.298333
v 0.989284 -8.514589 0.298335
v 0.989284 -8.514589 -0.298333
v 0.846852 -8.725275 0.298335
v 0.846852 -8.725275 -0.298333
v 0.692625 -8.929686 0.298335
v 0.692625 -8.929686 -0.298333
v 0.527327 -9.128868 0.298335
v 0.527327 -9.128868 -0.298333
v 0.351682 -9.323862 0.298335
v 0.351682 -9.323862 -0.298332
v 0.662420 -9.237621 0.298335
v 0.662420 -9.237621 -0.298333
v 0.953848 -9.126692 0.298335
v 0.953848 -9.126692 -0.298333
v 1.226360 -8.991577 0.298335
v 1.226360 -8.991577 -0.298333
v 1.480346 -8.832775 0.298335
v 1.480346 -8.832775 -0.298333
v 1.716199 -8.650787 0.298335
v 1.716199 -8.650787 -0.298333
v 1.934309 -8.446114 0.298335
v 1.934309 -8.446114 -0.298333
v 2.135071 -8.219259 0.298335
v 2.135071 -8.219259 -0.298333
v 2.318874 -7.970720 0.298335
v 2.318874 -7.970720 -0.298333
v 2.486111 -7.701001 0.298335
v 2.486111 -7.701001 -0.298333
v 2.637174 -7.410599 0.298335
v 2.637174 -7.410599 -0.298333
v 2.772455 -7.100020 0.298335
v 2.772455 -7.100020 -0.298333
v 2.892345 -6.769762 0.298335
v 2.892345 -6.769762 -0.298333
v 2.843391 -6.855897 0.298335
v 2.843391 -6.855897 -0.298333
v 2.792552 -6.937946 0.298335
v 2.792552 -6.937946 -0.298333
v 2.739785 -7.015817 0.298335
v 2.739785 -7.015817 -0.298333
v 2.685049 -7.089420 0.298335
v 2.685049 -7.089420 -0.298333
v 2.628300 -7.158662 0.298335
v 2.628300 -7.158662 -0.298333
v 2.569497 -7.223453 0.298335
v 2.569497 -7.223453 -0.298333
v 2.508598 -7.283702 0.298335
v 2.508598 -7.283702 -0.298333
v 2.445561 -7.339318 0.298335
v 2.445561 -7.339318 -0.298333
v 2.380343 -7.390208 0.298335
v 2.380343 -7.390208 -0.298333
v 2.312902 -7.436281 0.298335
v 2.312902 -7.436281 -0.298333
v 2.243197 -7.477448 0.298335
v 2.243197 -7.477448 -0.298333
v 2.171185 -7.513614 0.298335
v 2.171185 -7.513614 -0.298333
v 2.133127 -7.528242 0.298335
v 2.133127 -7.528242 -0.298333
v 2.098732 -7.535658 0.298335
v 2.098732 -7.535658 -0.298333
v 2.068156 -7.536119 0.298335
v 2.068156 -7.536119 -0.298333
v 2.041558 -7.529877 0.298335
v 2.041558 -7.529877 -0.298333
v 2.019096 -7.517184 0.298335
v 2.019096 -7.517184 -0.298333
v 2.000926 -7.498292 0.298335
v 2.000926 -7.498292 -0.298333
v 1.987207 -7.473453 0.298335
v 1.987207 -7.473453 -0.298333
v 1.978097 -7.442920 0.298335
v 1.978097 -7.442920 -0.298333
v 1.973753 -7.406944 0.298335
v 1.973753 -7.406944 -0.298333
v 1.974333 -7.365778 0.298335
v 1.974333 -7.365778 -0.298333
v 1.979994 -7.319675 0.298335
v 1.979994 -7.319675 -0.298333
v 1.990895 -7.268886 0.298335
v 1.990895 -7.268886 -0.298333
v 2.040111 -7.068261 0.298335
v 2.040111 -7.068261 -0.298333
v 2.084248 -6.870094 0.298335
v 2.084248 -6.870094 -0.298333
v 2.122934 -6.674565 0.298335
v 2.122934 -6.674565 -0.298333
v 2.155800 -6.481853 0.298335
v 2.155800 -6.481853 -0.298333
v 2.182476 -6.292137 0.298335
v 2.182476 -6.292137 -0.298333
v 2.202590 -6.105596 0.298335
v 2.202590 -6.105596 -0.298333
v 2.215773 -5.922410 0.298335
v 2.215773 -5.922410 -0.298333
v 2.221654 -5.742757 0.298335
v 2.221654 -5.742757 -0.298333
v 2.219863 -5.566818 0.298335
v 2.219863 -5.566818 -0.298333
v 2.210029 -5.394771 0.298335
v 2.210029 -5.394771 -0.298333
v 2.191782 -5.226796 0.298335
v 2.191782 -5.226796 -0.298333
v 2.164751 -5.063072 0.298335
v 2.164751 -5.063072 -0.298333
v 2.152410 -5.003420 0.298335
v 2.152410 -5.003420 -0.298333
v 2.135662 -4.947467 0.298335
v 2.135662 -4.947467 -0.298333
v 2.114439 -4.895688 0.298335
v 2.114439 -4.895688 -0.298333
v 2.088671 -4.848559 0.298335
v 2.088671 -4.848559 -0.298333
v 2.058292 -4.806554 0.298335
v 2.058292 -4.806554 -0.298333
v 2.023234 -4.770152 0.298335
v 2.023234 -4.770152 -0.298333
v 1.983428 -4.739825 0.298335
v 1.983428 -4.739825 -0.298333
v 1.938806 -4.716050 0.298335
v 1.938806 -4.716050 -0.298333
v 1.889300 -4.699302 0.298335
v 1.889300 -4.699302 -0.298333
v 1.834843 -4.690057 0.298335
v 1.834843 -4.690057 -0.298333
v 1.775365 -4.688791 0.298335
v 1.775365 -4.688791 -0.298333
v 1.710800 -4.695980 0.298335
v 1.710800 -4.695980 -0.298333
v 1.504430 -4.736101 0.298335
v 1.504430 -4.736101 -0.298333
v 1.299854 -4.785006 0.298335
v 1.299854 -4.785006 -0.298333
v 1.098118 -4.842527 0.298335
v 1.098118 -4.842527 -0.298333
v 0.900266 -4.908494 0.298335
v 0.900266 -4.908494 -0.298333
v 0.707343 -4.982738 0.298335
v 0.707343 -4.982738 -0.298333
v 0.520395 -5.065090 0.298335
v 0.520395 -5.065090 -0.298333
v 0.340467 -5.155380 0.298335
v 0.340467 -5.155380 -0.298332
v 0.168605 -5.253439 0.298335
v 0.168605 -5.253439 -0.298332
v 0.005855 -5.359099 0.298335
v 0.005855 -5.359099 -0.298332
v -0.146740 -5.472188 0.298335
v -0.146740 -5.472188 -0.298332
v -0.288133 -5.592541 0.298335
v -0.288133 -5.592541 -0.298332
v -0.417279 -5.719985 0.298335
v -0.417279 -5.719985 -0.298332
v -0.463972 -5.769872 0.298335
v -0.463972 -5.769872 -0.298332
v -0.511584 -5.821359 0.298335
v -0.511584 -5.821359 -0.298332
v -0.559220 -5.874259 0.298335
v -0.559220 -5.874259 -0.298332
v -0.605983 -5.928386 0.298335
v -0.605983 -5.928386 -0.298332
v -0.650975 -5.983556 0.298335
v -0.650975 -5.983556 -0.298332
v -0.693299 -6.039582 0.298335
v -0.693299 -6.039582 -0.298332
v -0.732061 -6.096280 0.298335
v -0.732061 -6.096280 -0.298332
v -0.766362 -6.153462 0.298335
v -0.766362 -6.153462 -0.298332
v -0.795306 -6.210945 0.298335
v -0.795306 -6.210945 -0.298332
v -0.817997 -6.268542 0.298335
v -0.817997 -6.268542 -0.298332
v -0.833537 -6.326066 0.298335
v -0.833537 -6.326066 -0.298332
v -0.841030 -6.383335 0.298335
v -0.841030 -6.383335 -0.298332
v -0.841030 -7.682645 0.298335
v -0.841030 -7.682645 -0.298332
v -0.849381 -7.870868 0.298335
v -0.849381 -7.870868 -0.298332
v -0.864954 -8.055174 0.298335
v -0.864954 -8.055174 -0.298332
v -0.887992 -8.235430 0.298335
v -0.887992 -8.235430 -0.298332
v -0.918739 -8.411501 0.298335
v -0.918739 -8.411501 -0.298332
v -0.957441 -8.583260 0.298335
v -0.957441 -8.583260 -0.298332
v -1.004340 -8.750568 0.298335
v -1.004340 -8.750568 -0.298332
v -1.059681 -8.913300 0.298335
v -1.059681 -8.913300 -0.298332
v -1.123709 -9.071316 0.298335
v -1.123709 -9.071316 -0.298332
v -1.196668 -9.224489 0.298335
v -1.196668 -9.224489 -0.298332
v -1.278800 -9.372684 0.298335
v -1.278800 -9.372684 -0.298332
v -1.370352 -9.515770 0.298335
v -1.370352 -9.515770 -0.298332
v -1.471567 -9.653614 0.298335
v -1.471567 -9.653614 -0.298332
vn -0.0000 -0.0000 -1.0000
vn -0.0000 -0.0000 1.0000
vn 0.3431 -0.9393 -0.0000
vn 0.4036 -0.9149 -0.0000
vn 0.4648 -0.8854 -0.0000
vn 0.5255 -0.8508 -0.0000
vn 0.5846 -0.8113 -0.0000
vn 0.6411 -0.7674 -0.0000
vn 0.6939 -0.7200 -0.0000
vn 0.7424 -0.6700 -0.0000
vn 0.7858 -0.6184 -0.0000
vn 0.8241 -0.5664 -0.0000
vn 0.8573 -0.5149 -0.0000
vn 0.6055 0.7958 -0.0000
vn -0.6904 0.7234 -0.0000
vn -0.6615 0.7500 -0.0000
vn -0.6297 0.7769 -0.0000
vn -0.5948 0.8039 -0.0000
vn -0.5567 0.8307 -0.0000
vn -0.5152 0.8571 -0.0000
vn -0.4701 0.8826 -0.0000
vn -0.4214 0.9069 -0.0000
vn -0.3693 0.9293 -0.0000
vn -0.3137 0.9495 -0.0000
vn -0.2550 0.9669 -0.0000
vn -0.1543 0.9880 -0.0000
vn 0.0440 0.9990 -0.0000
vn 0.3000 0.9540 -0.0000
vn 0.5326 0.8464 -0.0000
vn 0.7088 0.7054 -0.0000
vn 0.8258 0.5639 -0.0000
vn 0.8984 0.4391 -0.0000
vn 0.9424 0.3346 -0.0000
vn 0.9688 0.2477 -0.0000
vn 0.9847 0.1740 -0.0000
vn 0.9940 0.1092 -0.0000
vn 0.9988 0.0490 -0.0000
vn 0.9999 0.0150 -0.0000
vn 0.9999 0.0106 -0.0000
vn 0.9996 -0.0298 -0.0000
vn 0.9872 -0.1592 -0.0000
vn 0.9416 -0.3367 -0.0000
vn 0.8638 -0.5038 -0.0000
vn 0.7653 -0.6436 -0.0000
vn 0.6620 -0.7495 -0.0000
vn 0.5661 -0.8243 -0.0000
vn 0.4841 -0.8750 -0.0000
vn 0.4174 -0.9087 -0.0000
vn 0.3650 -0.9310 -0.0000
vn 0.3251 -0.9457 -0.0000
vn 0.2958 -0.9552 -0.0000
vn 0.2425 -0.9701 -0.0000
vn 0.1180 -0.9930 -0.0000
vn -0.0601 -0.9982 -0.0000
vn -0.2530 -0.9675 -0.0000
vn -0.4445 -0.8958 -0.0000
vn -0.6158 -0.7879 -0.0000
vn -0.7541 -0.6568 -0.0000
vn -0.8554 -0.5180 -0.0000
vn -0.9237 -0.3830 -0.0000
vn -0.9660 -0.2585 -0.0000
vn -0.9892 -0.1466 -0.0000
vn -0.9989 -0.0470 -0.0000
vn -0.9993 0.0366 -0.0000
vn -0.9944 0.1058 -0.0000
vn -0.9852 0.1714 -0.0000
vn -0.9713 0.2379 -0.0000
vn -0.9527 0.3040 -0.0000
vn -0.9298 0.3682 -0.0000
vn -0.9033 0.4290 -0.0000
vn -0.8744 0.4852 -0.0000
vn -0.8441 0.5362 -0.0000
vn -0.8136 0.5814 -0.0000
vn -0.7841 0.6206 -0.0000
vn -0.7564 0.6541 -0.0000
vn -0.8504 -0.5262 -0.0000
vn 0.3119 -0.9501 -0.0000
vn 0.4004 -0.9163 -0.0000
vn 0.4878 -0.8730 -0.0000
vn 0.5712 -0.8208 -0.0000
vn 0.6483 -0.7613 -0.0000
vn 0.7173 -0.6967 -0.0000
vn 0.7772 -0.6293 -0.0000
vn 0.8276 -0.5613 -0.0000
vn 0.8691 -0.4946 -0.0000
vn 0.9025 -0.4307 -0.0000
vn 0.9288 -0.3705 -0.0000
vn 0.4192 0.9079 -0.0000
vn -0.8599 0.5105 -0.0000
vn -0.8391 0.5439 -0.0000
vn -0.8153 0.5790 -0.0000
vn -0.7882 0.6155 -0.0000
vn -0.7572 0.6532 -0.0000
vn -0.7222 0.6917 -0.0000
vn -0.6827 0.7307 -0.0000
vn -0.6387 0.7695 -0.0000
vn -0.5899 0.8074 -0.0000
vn -0.5366 0.8438 -0.0000
vn -0.4789 0.8778 -0.0000
vn -0.4043 0.9146 -0.0000
vn -0.2856 0.9583 -0.0000
vn -0.1135 0.9935 -0.0000
vn 0.1075 0.9942 -0.0000
vn 0.3639 0.9314 -0.0000
vn 0.6128 0.7902 -0.0000
vn 0.8049 0.5934 -0.0000
vn 0.9221 0.3869 -0.0000
vn 0.9790 0.2036 -0.0000
vn 0.9986 0.0530 -0.0000
vn 0.9977 -0.0681 -0.0000
vn 0.9861 -0.1660 -0.0000
vn 0.9746 -0.2241 -0.0000
vn 0.9737 -0.2278 -0.0000
vn 0.9786 -0.2058 -0.0000
vn 0.9835 -0.1811 -0.0000
vn 0.9881 -0.1537 -0.0000
vn 0.9924 -0.1232 -0.0000
vn 0.9960 -0.0895 -0.0000
vn 0.9986 -0.0523 -0.0000
vn 0.9999 -0.0113 -0.0000
vn 0.9994 0.0336 -0.0000
vn 0.9966 0.0826 -0.0000
vn 0.9908 0.1355 -0.0000
vn 0.9832 0.1828 -0.0000
vn 0.9695 0.2449 -0.0000
vn 0.9428 0.3334 -0.0000
vn 0.9028 0.4302 -0.0000
vn 0.8455 0.5339 -0.0000
vn 0.7672 0.6414 -0.0000
vn 0.6651 0.7467 -0.0000
vn 0.5399 0.8417 -0.0000
vn 0.3967 0.9180 -0.0000
vn 0.2447 0.9696 -0.0000
vn 0.0946 0.9955 -0.0000
vn -0.0448 0.9990 -0.0000
vn -0.1509 0.9886 -0.0000
vn -0.2117 0.9773 -0.0000
vn -0.2534 0.9674 -0.0000
vn -0.2953 0.9554 -0.0000
vn -0.3378 0.9412 -0.0000
vn -0.3813 0.9245 -0.0000
vn -0.4260 0.9047 -0.0000
vn -0.4722 0.8815 -0.0000
vn -0.5203 0.8540 -0.0000
vn -0.5702 0.8215 -0.0000
vn -0.6222 0.7829 -0.0000
vn -0.6757 0.7371 -0.0000
vn -0.7164 0.6977 -0.0000
vn -0.7321 0.6812 -0.0000
vn -0.7387 0.6741 -0.0000
vn -0.7500 0.6615 -0.0000
vn -0.7659 0.6429 -0.0000
vn -0.7866 0.6175 -0.0000
vn -0.8119 0.5837 -0.0000
vn -0.8419 0.5396 -0.0000
vn -0.8760 0.4824 -0.0000
vn -0.9127 0.4086 -0.0000
vn -0.9494 0.3142 -0.0000
vn -0.9807 0.1957 -0.0000
vn -0.9979 0.0650 -0.0000
vn -0.9998 0.0222 -0.0000
vn -0.9979 0.0643 -0.0000
vn -0.9944 0.1055 -0.0000
vn -0.9888 0.1494 -0.0000
vn -0.9806 0.1960 -0.0000
vn -0.9695 0.2449 -0.0000
vn -0.9552 0.2960 -0.0000
vn -0.9372 0.3489 -0.0000
vn -0.9152 0.4030 -0.0000
vn -0.8892 0.4576 -0.0000
vn -0.8589 0.5121 -0.0000
vn -0.8246 0.5657 -0.0000
vn -0.8093 -0.5874 -0.0000
vt 0.994444 0.000000
vt 0.000000 0.000000
vt 1.000000 0.000000
vt 0.988889 0.000000
vt 0.983333 0.000000
vt 0.977778 0.000000
vt 0.005556 0.000000
vt 0.972222 0.000000
vt 0.966667 0.000000
vt 0.961111 0.000000
vt 0.955556 0.000000
vt 0.011111 0.000000
vt 0.950000 0.000000
vt 0.944444 0.000000
vt 0.938889 0.000000
vt 0.933333 0.000000
vt 0.922222 0.000000
vt 0.927778 0.000000
vt 0.916667 0.000000
vt 0.911111 0.000000
vt 0.905556 0.000000
vt 0.900000 0.000000
vt 0.894444 0.000000
vt 0.888889 0.000000
vt 0.016667 0.000000
vt 0.883333 0.000000
vt 0.877778 0.000000
vt 0.872222 0.000000
vt 0.866667 0.000000
vt 0.861111 0.000000
vt 0.022222 0.000000
vt 0.855556 0.000000
vt 0.850000 0.000000
vt 0.261111 0.000000
vt 0.216667 0.000000
vt 0.205556 0.000000
vt 0.200000 0.000000
vt 0.194444 0.000000
vt 0.188889 0.000000
vt 0.183333 0.000000
vt 0.027778 0.000000
vt 0.844444 0.000000
vt 0.266667 0.000000
vt 0.255556 0.000000
vt 0.250000 0.000000
vt 0.244444 0.000000
vt 0.238889 0.000000
vt 0.222222 0.000000
vt 0.233333 0.000000
vt 0.227778 0.000000
vt 0.211111 0.000000
vt 0.272222 0.000000
vt 0.177778 0.000000
vt 0.172222 0.000000
vt 0.166667 0.000000
vt 0.277778 0.000000
vt 0.161111 0.000000
vt 0.155556 0.000000
vt 0.283333 0.000000
vt 0.150000 0.000000
vt 0.033333 0.000000
vt 0.838889 0.000000
vt 0.144444 0.000000
vt 0.288889 0.000000
vt 0.138889 0.000000
vt 0.294444 0.000000
vt 0.133333 0.000000
vt 0.038889 0.000000
vt 0.833333 0.000000
vt 0.127778 0.000000
vt 0.300000 0.000000
vt 0.122222 0.000000
vt 0.116667 0.000000
vt 0.305556 0.000000
vt 0.044444 0.000000
vt 0.827778 0.000000
vt 0.455556 0.000000
vt 0.466667 0.000000
vt 0.461111 0.000000
vt 0.111111 0.000000
vt 0.105556 0.000000
vt 0.311111 0.000000
vt 0.100000 0.000000
vt 0.050000 0.000000
vt 0.094444 0.000000
vt 0.822222 0.000000
vt 0.450000 0.000000
vt 0.088889 0.000000
vt 0.316667 0.000000
vt 0.083333 0.000000
vt 0.055556 0.000000
vt 0.472222 0.000000
vt 0.077778 0.000000
vt 0.444444 0.000000
vt 0.816667 0.000000
vt 0.072222 0.000000
vt 0.322222 0.000000
vt 0.066667 0.000000
vt 0.061111 0.000000
vt 0.438889 0.000000
vt 0.811111 0.000000
vt 0.327778 0.000000
vt 0.477778 0.000000
vt 0.433333 0.000000
vt 0.805556 0.000000
vt 0.333333 0.000000
vt 0.427778 0.000000
vt 0.338889 0.000000
vt 0.483333 0.000000
vt 0.422222 0.000000
vt 0.344444 0.000000
vt 0.800000 0.000000
vt 0.350000 0.000000
vt 0.416667 0.000000
vt 0.355556 0.000000
vt 0.411111 0.000000
vt 0.361111 0.000000
vt 0.488889 0.000000
vt 0.366667 0.000000
vt 0.405556 0.000000
vt 0.794444 0.000000
vt 0.372222 0.000000
vt 0.400000 0.000000
vt 0.377778 0.000000
vt 0.383333 0.000000
vt 0.394444 0.000000
vt 0.388889 0.000000
vt 0.788889 0.000000
vt 0.494444 0.000000
vt 0.783333 0.000000
vt 0.777778 0.000000
vt 0.772222 0.000000
vt 0.644444 0.000000
vt 0.638889 0.000000
vt 0.500000 0.000000
vt 0.766667 0.000000
vt 0.650000 0.000000
vt 0.655556 0.000000
vt 0.633333 0.000000
vt 0.661111 0.000000
vt 0.761111 0.000000
vt 0.627778 0.000000
vt 0.666667 0.000000
vt 0.622222 0.000000
vt 0.616667 0.000000
vt 0.755556 0.000000
vt 0.672222 0.000000
vt 0.611111 0.000000
vt 0.750000 0.000000
vt 0.605556 0.000000
vt 0.677778 0.000000
vt 0.744444 0.000000
vt 0.600000 0.000000
vt 0.738889 0.000000
vt 0.683333 0.000000
vt 0.594444 0.000000
vt 0.505556 0.000000
vt 0.733333 0.000000
vt 0.727778 0.000000
vt 0.688889 0.000000
vt 0.722222 0.000000
vt 0.588889 0.000000
vt 0.694444 0.000000
vt 0.716667 0.000000
vt 0.700000 0.000000
vt 0.711111 0.000000
vt 0.705556 0.000000
vt 0.583333 0.000000
vt 0.577778 0.000000
vt 0.511111 0.000000
vt 0.572222 0.000000
vt 0.566667 0.000000
vt 0.516667 0.000000
vt 0.561111 0.000000
vt 0.555556 0.000000
vt 0.550000 0.000000
vt 0.522222 0.000000
vt 0.544444 0.000000
vt 0.538889 0.000000
vt 0.533333 0.000000
vt 0.527778 0.000000
vt 0.000000 1.000000
vt 0.005525 1.000000
vt 0.005525 0.000000
vt 0.011050 1.000000
vt 0.011050 0.000000
vt 0.016575 1.000000
vt 0.016575 0.000000
vt 0.022099 1.000000
vt 0.022099 0.000000
vt 0.027624 1.000000
vt 0.027624 0.000000
vt 0.033149 1.000000
vt 0.033149 0.000000
vt 0.038674 1.000000
vt 0.038674 0.000000
vt 0.044199 1.000000
vt 0.044199 0.000000
vt 0.049724 1.000000
vt 0.049724 0.000000
vt 0.055249 1.000000
vt 0.055249 0.000000
vt 0.060773 1.000000
vt 0.060773 0.000000
vt 0.066298 1.000000
vt 0.066298 0.000000
vt 0.071823 1.000000
vt 0.071823 0.000000
vt 0.077348 1.000000
vt 0.077348 0.000000
vt 0.082873 1.000000
vt 0.082873 0.000000
vt 0.088398 1.000000
vt 0.088398 0.000000
vt 0.093923 1.000000
vt 0.093923 0.000000
vt 0.099448 1.000000
vt 0.099448 0.000000
vt 0.104972 1.000000
vt 0.104972 0.000000
vt 0.110497 1.000000
vt 0.110497 0.000000
vt 0.116022 1.000000
vt 0.116022 0.000000
vt 0.121547 1.000000
vt 0.121547 0.000000
vt 0.127072 1.000000
vt 0.127072 0.000000
vt 0.132597 1.000000
vt 0.132597 0.000000
vt 0.138122 1.000000
vt 0.138122 0.000000
vt 0.143646 1.000000
vt 0.143646 0.000000
vt 0.149171 1.000000
vt 0.149171 0.000000
vt 0.154696 1.000000
vt 0.154696 0.000000
vt 0.160221 1.000000
vt 0.160221 0.000000
vt 0.165746 1.000000
vt 0.165746 0.000000
vt 0.171271 1.000000
vt 0.171271 0.000000
vt 0.176796 1.000000
vt 0.176796 0.000000
vt 0.182320 1.000000
vt 0.182320 0.000000
vt 0.187845 1.000000
vt 0.187845 0.000000
vt 0.193370 1.000000
vt 0.193370 0.000000
vt 0.198895 1.000000
vt 0.198895 0.000000
vt 0.204420 1.000000
vt 0.204420 0.000000
vt 0.209945 1.000000
vt 0.209945 0.000000
vt 0.215470 1.000000
vt 0.215470 0.000000
vt 0.220994 1.000000
vt 0.220994 0.000000
vt 0.226519 1.000000
vt 0.226519 0.000000
vt 0.232044 1.000000
vt 0.232044 0.000000
vt 0.237569 1.000000
vt 0.237569 0.000000
vt 0.243094 1.000000
vt 0.243094 0.000000
vt 0.248619 1.000000
vt 0.248619 0.000000
vt 0.254144 1.000000
vt 0.254144 0.000000
vt 0.259668 1.000000
vt 0.259668 0.000000
vt 0.265193 1.000000
vt 0.265193 0.000000
vt 0.270718 1.000000
vt 0.270718 0.000000
vt 0.276243 1.000000
vt 0.276243 0.000000
vt 0.281768 1.000000
vt 0.281768 0.000000
vt 0.287293 1.000000
vt 0.287293 0.000000
vt 0.292818 1.000000
vt 0.292818 0.000000
vt 0.298343 1.000000
vt 0.298343 0.000000
vt 0.303867 1.000000
vt 0.303867 0.000000
vt 0.309392 1.000000
vt 0.309392 0.000000
vt 0.314917 1.000000
vt 0.314917 0.000000
vt 0.320442 1.000000
vt 0.320442 0.000000
vt 0.325967 1.000000
vt 0.325967 0.000000
vt 0.331492 1.000000
vt 0.331492 0.000000
vt 0.337017 1.000000
vt 0.337017 0.000000
vt 0.342541 1.000000
vt 0.342541 0.000000
vt 0.348066 1.000000
vt 0.348066 0.000000
vt 0.353591 1.000000
vt 0.353591 0.000000
vt 0.359116 1.000000
vt 0.359116 0.000000
vt 0.364641 1.000000
vt 0.364641 0.000000
vt 0.370166 1.000000
vt 0.370166 0.000000
vt 0.375691 1.000000
vt 0.375691 0.000000
vt 0.381215 1.000000
vt 0.381215 0.000000
vt 0.386740 1.000000
vt 0.386740 0.000000
vt 0.392265 1.000000
vt 0.392265 0.000000
vt 0.397790 1.000000
vt 0.397790 0.000000
vt 0.403315 1.000000
vt 0.403315 0.000000
vt 0.408840 1.000000
vt 0.408840 0.000000
vt 0.414365 1.000000
vt 0.414365 0.000000
vt 0.419890 1.000000
vt 0.419890 0.000000
vt 0.425414 1.000000
vt 0.425414 0.000000
vt 0.430939 1.000000
vt 0.430939 0.000000
vt 0.436464 1.000000
vt 0.436464 0.000000
vt 0.441989 1.000000
vt 0.441989 0.000000
vt 0.447514 1.000000
vt 0.447514 0.000000
vt 0.453039 1.000000
vt 0.453039 0.000000
vt 0.458564 1.000000
vt 0.458564 0.000000
vt 0.464088 1.000000
vt 0.464088 0.000000
vt 0.469613 1.000000
vt 0.469613 0.000000
vt 0.475138 1.000000
vt 0.475138 0.000000
vt 0.480663 1.000000
vt 0.480663 0.000000
vt 0.486188 1.000000
vt 0.486188 0.000000
vt 0.491713 1.000000
vt 0.491713 0.000000
vt 0.497238 1.000000
vt 0.497238 0.000000
vt 0.502762 1.000000
vt 0.502762 0.000000
vt 0.508287 1.000000
vt 0.508287 0.000000
vt 0.513812 1.000000
vt 0.513812 0.000000
vt 0.519337 1.000000
vt 0.519337 0.000000
vt 0.524862 1.000000
vt 0.524862 0.000000
vt 0.530387 1.000000
vt 0.530387 0.000000
vt 0.535912 1.000000
vt 0.535912 0.000000
vt 0.541436 1.000000
vt 0.541436 0.000000
vt 0.546961 1.000000
vt 0.546961 0.000000
vt 0.552486 1.000000
vt 0.552486 0.000000
vt 0.558011 1.000000
vt 0.558011 0.000000
vt 0.563536 1.000000
vt 0.563536 0.000000
vt 0.569061 1.000000
vt 0.569061 0.000000
vt 0.574586 1.000000
vt 0.574586 0.000000
vt 0.580110 1.000000
vt 0.580110 0.000000
vt 0.585635 1.000000
vt 0.585635 0.000000
vt 0.591160 1.000000
vt 0.591160 0.000000
vt 0.596685 1.000000
vt 0.596685 0.000000
vt 0.602210 1.000000
vt 0.602210 0.000000
vt 0.607735 1.000000
vt 0.607735 0.000000
vt 0.613260 1.000000
vt 0.613260 0.000000
vt 0.618785 1.000000
vt 0.618785 0.000000
vt 0.624309 1.000000
vt 0.624309 0.000000
vt 0.629834 1.000000
vt 0.629834 0.000000
vt 0.635359 1.000000
vt 0.635359 0.000000
vt 0.640884 1.000000
vt 0.640884 0.000000
vt 0.646409 1.000000
vt 0.646409 0.000000
vt 0.651934 1.000000
vt 0.651934 0.000000
vt 0.657459 1.000000
vt 0.657459 0.000000
vt 0.662983 1.000000
vt 0.662983 0.000000
vt 0.668508 1.000000
vt 0.668508 0.000000
vt 0.674033 1.000000
vt 0.674033 0.000000
vt 0.679558 1.000000
vt 0.679558 0.000000
vt 0.685083 1.000000
vt 0.685083 0.000000
vt 0.690608 1.000000
vt 0.690608 0.000000
vt 0.696133 1.000000
vt 0.696133 0.000000
vt 0.701657 1.000000
vt 0.701657 0.000000
vt 0.707182 1.000000
vt 0.707182 0.000000
vt 0.712707 1.000000
vt 0.712707 0.000000
vt 0.718232 1.000000
vt 0.718232 0.000000
vt 0.723757 1.000000
vt 0.723757 0.000000
vt 0.729282 1.000000
vt 0.729282 0.000000
vt 0.734807 1.000000
vt 0.734807 0.000000
vt 0.740331 1.000000
vt 0.740331 0.000000
vt 0.745856 1.000000
vt 0.745856 0.000000
vt 0.751381 1.000000
vt 0.751381 0.000000
vt 0.756906 1.000000
vt 0.756906 0.000000
vt 0.762431 1.000000
vt 0.762431 0.000000
vt 0.767956 1.000000
vt 0.767956 0.000000
vt 0.773481 1.000000
vt 0.773481 0.000000
vt 0.779006 1.000000
vt 0.779006 0.000000
vt 0.784530 1.000000
vt 0.784530 0.000000
vt 0.790055 1.000000
vt 0.790055 0.000000
vt 0.795580 1.000000
vt 0.795580 0.000000
vt 0.801105 1.000000
vt 0.801105 0.000000
vt 0.806630 1.000000
vt 0.806630 0.000000
vt 0.812155 1.000000
vt 0.812155 0.000000
vt 0.817680 1.000000
vt 0.817680 0.000000
vt 0.823204 1.000000
vt 0.823204 0.000000
vt 0.828729 1.000000
vt 0.828729 0.000000
vt 0.834254 1.000000
vt 0.834254 0.000000
vt 0.839779 1.000000
vt 0.839779 0.000000
vt 0.845304 1.000000
vt 0.845304 0.000000
vt 0.850829 1.000000
vt 0.850829 0.000000
vt 0.856354 1.000000
vt 0.856354 0.000000
vt 0.861878 1.000000
vt 0.861878 0.000000
vt 0.867403 1.000000
vt 0.867403 0.000000
vt 0.872928 1.000000
vt 0.872928 0.000000
vt 0.878453 1.000000
vt 0.878453 0.000000
vt 0.883978 1.000000
vt 0.883978 0.000000
vt 0.889503 1.000000
vt 0.889503 0.000000
vt 0.895028 1.000000
vt 0.895028 0.000000
vt 0.900553 1.000000
vt 0.900553 0.000000
vt 0.906077 1.000000
vt 0.906077 0.000000
vt 0.911602 1.000000
vt 0.911602 0.000000
vt 0.917127 1.000000
vt 0.917127 0.000000
vt 0.922652 1.000000
vt 0.922652 0.000000
vt 0.928177 1.000000
vt 0.928177 0.000000
vt 0.933702 1.000000
vt 0.933702 0.000000
vt 0.939227 1.000000
vt 0.939227 0.000000
vt 0.944751 1.000000
vt 0.944751 0.000000
vt 0.950276 1.000000
vt 0.950276 0.000000
vt 0.955801 1.000000
vt 0.955801 0.000000
vt 0.961326 1.000000
vt 0.961326 0.000000
vt 0.966851 1.000000
vt 0.966851 0.000000
vt 0.972376 1.000000
vt 0.972376 0.000000
vt 0.977901 1.000000
vt 0.977901 0.000000
vt 0.983425 1.000000
vt 0.983425 0.000000
vt 0.988950 1.000000
vt 0.988950 0.000000
vt 0.994475 1.000000
vt 0.994475 0.000000
vt 1.000000 1.000000
s 0
usemtl SVGMat.001
f 4464/3214/1016 4285/3215/1016 4465/3216/1016
f 4463/3217/1016 4285/3215/1016 4464/3214/1016
f 4462/3218/1016 4285/3215/1016 4463/3217/1016
f 4461/3219/1016 4285/3215/1016 4462/3218/1016
f 4461/3219/1016 4286/3220/1016 4285/3215/1016
f 4460/3221/1016 4286/3220/1016 4461/3219/1016
f 4459/3222/1016 4286/3220/1016 4460/3221/1016
f 4458/3223/1016 4286/3220/1016 4459/3222/1016
f 4457/3224/1016 4286/3220/1016 4458/3223/1016
f 4457/3224/1016 4287/3225/1016 4286/3220/1016
f 4456/3226/1016 4287/3225/1016 4457/3224/1016
f 4455/3227/1016 4287/3225/1016 4456/3226/1016
f 4454/3228/1016 4287/3225/1016 4455/3227/1016
f 4453/3229/1016 4287/3225/1016 4454/3228/1016
f 4451/3230/1016 4453/3229/1016 4452/3231/1016
f 4451/3230/1016 4287/3225/1016 4453/3229/1016
f 4450/3232/1016 4287/3225/1016 4451/3230/1016
f 4449/3233/1016 4287/3225/1016 4450/3232/1016
f 4448/3234/1016 4287/3225/1016 4449/3233/1016
f 4447/3235/1016 4287/3225/1016 4448/3234/1016
f 4446/3236/1016 4287/3225/1016 4447/3235/1016
f 4445/3237/1016 4287/3225/1016 4446/3236/1016
f 4445/3237/1016 4288/3238/1016 4287/3225/1016
f 4444/3239/1016 4288/3238/1016 4445/3237/1016
f 4443/3240/1016 4288/3238/1016 4444/3239/1016
f 4442/3241/1016 4288/3238/1016 4443/3240/1016
f 4441/3242/1016 4288/3238/1016 4442/3241/1016
f 4440/3243/1016 4288/3238/1016 4441/3242/1016
f 4440/3243/1016 4289/3244/1016 4288/3238/1016
f 4439/3245/1016 4289/3244/1016 4440/3243/1016
f 4438/3246/1016 4289/3244/1016 4439/3245/1016
f 4438/3246/1016 4332/3247/1016 4289/3244/1016
f 4332/3247/1016 4324/3248/1016 4289/3244/1016
f 4324/3248/1016 4322/3249/1016 4289/3244/1016
f 4322/3249/1016 4321/3250/1016 4289/3244/1016
f 4321/3250/1016 4320/3251/1016 4289/3244/1016
f 4320/3251/1016 4319/3252/1016 4289/3244/1016
f 4319/3252/1016 4318/3253/1016 4289/3244/1016
f 4318/3253/1016 4290/3254/1016 4289/3244/1016
f 4437/3255/1016 4333/3256/1016 4438/3246/1016
f 4333/3256/1016 4332/3247/1016 4438/3246/1016
f 4331/3257/1016 4324/3248/1016 4332/3247/1016
f 4330/3258/1016 4329/3259/1016 4331/3257/1016
f 4329/3259/1016 4324/3248/1016 4331/3257/1016
f 4328/3260/1016 4325/3261/1016 4329/3259/1016
f 4325/3261/1017 4324/3248/1017 4329/3259/1017
f 4327/3262/1016 4326/3263/1016 4328/3260/1016
f 4326/3263/1017 4325/3261/1017 4328/3260/1017
f 4323/3264/1017 4322/3249/1017 4324/3248/1017
f 4437/3255/1016 4334/3265/1016 4333/3256/1016
f 4317/3266/1016 4290/3254/1016 4318/3253/1016
f 4316/3267/1016 4290/3254/1016 4317/3266/1016
f 4315/3268/1016 4290/3254/1016 4316/3267/1016
f 4437/3255/1016 4335/3269/1016 4334/3265/1016
f 4314/3270/1016 4290/3254/1016 4315/3268/1016
f 4313/3271/1016 4290/3254/1016 4314/3270/1016
f 4437/3255/1016 4336/3272/1016 4335/3269/1016
f 4312/3273/1016 4290/3254/1016 4313/3271/1016
f 4312/3273/1016 4291/3274/1016 4290/3254/1016
f 4436/3275/1016 4336/3272/1016 4437/3255/1016
f 4311/3276/1016 4291/3274/1016 4312/3273/1016
f 4436/3275/1016 4337/3277/1016 4336/3272/1016
f 4310/3278/1016 4291/3274/1016 4311/3276/1016
f 4436/3275/1016 4338/3279/1016 4337/3277/1016
f 4309/3280/1016 4291/3274/1016 4310/3278/1016
f 4309/3280/1016 4292/3281/1016 4291/3274/1016
f 4435/3282/1016 4338/3279/1016 4436/3275/1016
f 4308/3283/1016 4292/3281/1016 4309/3280/1016
f 4435/3282/1016 4339/3284/1016 4338/3279/1016
f 4307/3285/1016 4292/3281/1016 4308/3283/1016
f 4306/3286/1016 4292/3281/1016 4307/3285/1016
f 4435/3282/1016 4340/3287/1016 4339/3284/1016
f 4306/3286/1016 4293/3288/1016 4292/3281/1016
f 4434/3289/1016 4340/3287/1016 4435/3282/1016
f 4367/3290/1016 4369/3291/1016 4368/3292/1016
f 4305/3293/1016 4293/3288/1016 4306/3286/1016
f 4304/3294/1016 4293/3288/1016 4305/3293/1016
f 4434/3289/1016 4341/3295/1016 4340/3287/1016
f 4303/3296/1016 4293/3288/1016 4304/3294/1016
f 4303/3296/1016 4294/3297/1016 4293/3288/1016
f 4302/3298/1016 4294/3297/1016 4303/3296/1016
f 4433/3299/1016 4341/3295/1016 4434/3289/1016
f 4366/3300/1016 4369/3291/1016 4367/3290/1016
f 4301/3301/1016 4294/3297/1016 4302/3298/1016
f 4433/3299/1016 4342/3302/1016 4341/3295/1016
f 4300/3303/1016 4294/3297/1016 4301/3301/1016
f 4300/3303/1016 4295/3304/1016 4294/3297/1016
f 4366/3300/1016 4370/3305/1016 4369/3291/1016
f 4299/3306/1016 4295/3304/1016 4300/3303/1016
f 4365/3307/1016 4370/3305/1016 4366/3300/1016
f 4432/3308/1016 4342/3302/1016 4433/3299/1016
f 4298/3309/1016 4295/3304/1016 4299/3306/1016
f 4432/3308/1016 4343/3310/1016 4342/3302/1016
f 4298/3309/1016 4297/3311/1016 4295/3304/1016
f 4297/3311/1016 4296/3312/1016 4295/3304/1016
f 4364/3313/1016 4370/3305/1016 4365/3307/1016
f 4431/3314/1016 4343/3310/1016 4432/3308/1016
f 4431/3314/1016 4344/3315/1016 4343/3310/1016
f 4364/3313/1016 4371/3316/1016 4370/3305/1016
f 4363/3317/1016 4371/3316/1016 4364/3313/1016
f 4430/3318/1016 4344/3315/1016 4431/3314/1016
f 4430/3318/1016 4345/3319/1016 4344/3315/1016
f 4362/3320/1016 4371/3316/1016 4363/3317/1016
f 4430/3318/1016 4346/3321/1016 4345/3319/1016
f 4362/3320/1016 4372/3322/1016 4371/3316/1016
f 4361/3323/1016 4372/3322/1016 4362/3320/1016
f 4430/3318/1016 4347/3324/1016 4346/3321/1016
f 4429/3325/1016 4347/3324/1016 4430/3318/1016
f 4429/3325/1016 4348/3326/1016 4347/3324/1016
f 4360/3327/1016 4372/3322/1016 4361/3323/1016
f 4429/3325/1016 4349/3328/1016 4348/3326/1016
f 4359/3329/1016 4372/3322/1016 4360/3327/1016
f 4429/3325/1016 4350/3330/1016 4349/3328/1016
f 4359/3329/1016 4373/3331/1016 4372/3322/1016
f 4429/3325/1016 4351/3332/1016 4350/3330/1016
f 4358/3333/1016 4373/3331/1016 4359/3329/1016
f 4428/3334/1016 4351/3332/1016 4429/3325/1016
f 4428/3334/1016 4352/3335/1016 4351/3332/1016
f 4357/3336/1016 4373/3331/1016 4358/3333/1016
f 4428/3334/1016 4353/3337/1016 4352/3335/1016
f 4428/3334/1016 4354/3338/1016 4353/3337/1016
f 4356/3339/1016 4373/3331/1016 4357/3336/1016
f 4428/3334/1016 4355/3340/1016 4354/3338/1016
f 4428/3334/1016 4356/3339/1016 4355/3340/1016
f 4428/3334/1016 4373/3331/1016 4356/3339/1016
f 4427/3341/1016 4373/3331/1016 4428/3334/1016
f 4427/3341/1016 4374/3342/1016 4373/3331/1016
f 4426/3343/1016 4374/3342/1016 4427/3341/1016
f 4425/3344/1016 4374/3342/1016 4426/3343/1016
f 4424/3345/1016 4374/3342/1016 4425/3344/1016
f 4424/3345/1016 4401/3346/1016 4374/3342/1016
f 4401/3346/1016 4400/3347/1016 4374/3342/1016
f 4400/3347/1016 4375/3348/1016 4374/3342/1016
f 4423/3349/1016 4401/3346/1016 4424/3345/1016
f 4423/3349/1016 4402/3350/1016 4401/3346/1016
f 4423/3349/1016 4403/3351/1016 4402/3350/1016
f 4399/3352/1016 4375/3348/1016 4400/3347/1016
f 4423/3349/1016 4404/3353/1016 4403/3351/1016
f 4422/3354/1016 4404/3353/1016 4423/3349/1016
f 4398/3355/1016 4375/3348/1016 4399/3352/1016
f 4422/3354/1016 4405/3356/1016 4404/3353/1016
f 4397/3357/1016 4375/3348/1016 4398/3355/1016
f 4396/3358/1016 4375/3348/1016 4397/3357/1016
f 4421/3359/1016 4405/3356/1016 4422/3354/1016
f 4421/3359/1016 4406/3360/1016 4405/3356/1016
f 4395/3361/1016 4375/3348/1016 4396/3358/1016
f 4420/3362/1016 4406/3360/1016 4421/3359/1016
f 4394/3363/1016 4375/3348/1016 4395/3361/1016
f 4420/3362/1016 4407/3364/1016 4406/3360/1016
f 4419/3365/1016 4407/3364/1016 4420/3362/1016
f 4393/3366/1016 4375/3348/1016 4394/3363/1016
f 4418/3367/1016 4407/3364/1016 4419/3365/1016
f 4418/3367/1016 4408/3368/1016 4407/3364/1016
f 4392/3369/1016 4375/3348/1016 4393/3366/1016
f 4392/3369/1016 4376/3370/1016 4375/3348/1016
f 4417/3371/1016 4408/3368/1016 4418/3367/1016
f 4416/3372/1016 4408/3368/1016 4417/3371/1016
f 4416/3372/1016 4409/3373/1016 4408/3368/1016
f 4415/3374/1016 4409/3373/1016 4416/3372/1016
f 4391/3375/1016 4376/3370/1016 4392/3369/1016
f 4415/3374/1016 4410/3376/1016 4409/3373/1016
f 4414/3377/1016 4410/3376/1016 4415/3374/1016
f 4414/3377/1016 4411/3378/1016 4410/3376/1016
f 4413/3379/1016 4411/3378/1016 4414/3377/1016
f 4413/3379/1016 4412/3380/1016 4411/3378/1016
f 4390/3381/1016 4376/3370/1016 4391/3375/1016
f 4389/3382/1016 4376/3370/1016 4390/3381/1016
f 4389/3382/1016 4377/3383/1016 4376/3370/1016
f 4388/3384/1016 4377/3383/1016 4389/3382/1016
f 4387/3385/1016 4377/3383/1016 4388/3384/1016
f 4387/3385/1016 4378/3386/1016 4377/3383/1016
f 4386/3387/1016 4378/3386/1016 4387/3385/1016
f 4385/3388/1016 4378/3386/1016 4386/3387/1016
f 4384/3389/1016 4378/3386/1016 4385/3388/1016
f 4384/3389/1016 4379/3390/1016 4378/3386/1016
f 4383/3391/1016 4379/3390/1016 4384/3389/1016
f 4382/3392/1016 4379/3390/1016 4383/3391/1016
f 4382/3392/1016 4381/3393/1016 4379/3390/1016
f 4381/3393/1016 4380/3394/1016 4379/3390/1016
f 4645/3214/1017 4646/3216/1017 4466/3215/1017
f 4644/3217/1017 4645/3214/1017 4466/3215/1017
f 4643/3218/1017 4644/3217/1017 4466/3215/1017
f 4642/3219/1017 4643/3218/1017 4466/3215/1017
f 4642/3219/1017 4466/3215/1017 4467/3220/1017
f 4641/3221/1017 4642/3219/1017 4467/3220/1017
f 4640/3222/1017 4641/3221/1017 4467/3220/1017
f 4639/3223/1017 4640/3222/1017 4467/3220/1017
f 4638/3224/1017 4639/3223/1017 4467/3220/1017
f 4638/3224/1017 4467/3220/1017 4468/3225/1017
f 4637/3226/1017 4638/3224/1017 4468/3225/1017
f 4636/3227/1017 4637/3226/1017 4468/3225/1017
f 4635/3228/1017 4636/3227/1017 4468/3225/1017
f 4634/3229/1017 4635/3228/1017 4468/3225/1017
f 4632/3230/1017 4633/3231/1017 4634/3229/1017
f 4632/3230/1017 4634/3229/1017 4468/3225/1017
f 4631/3232/1017 4632/3230/1017 4468/3225/1017
f 4630/3233/1017 4631/3232/1017 4468/3225/1017
f 4629/3234/1017 4630/3233/1017 4468/3225/1017
f 4628/3235/1017 4629/3234/1017 4468/3225/1017
f 4627/3236/1017 4628/3235/1017 4468/3225/1017
f 4626/3237/1017 4627/3236/1017 4468/3225/1017
f 4626/3237/1017 4468/3225/1017 4469/3238/1017
f 4625/3239/1017 4626/3237/1017 4469/3238/1017
f 4624/3240/1017 4625/3239/1017 4469/3238/1017
f 4623/3241/1017 4624/3240/1017 4469/3238/1017
f 4622/3242/1017 4623/3241/1017 4469/3238/1017
f 4621/3243/1017 4622/3242/1017 4469/3238/1017
f 4621/3243/1017 4469/3238/1017 4470/3244/1017
f 4620/3245/1017 4621/3243/1017 4470/3244/1017
f 4619/3246/1017 4620/3245/1017 4470/3244/1017
f 4619/3246/1017 4470/3244/1017 4513/3247/1017
f 4513/3247/1017 4470/3244/1017 4505/3248/1017
f 4505/3248/1017 4470/3244/1017 4503/3249/1017
f 4503/3249/1017 4470/3244/1017 4502/3250/1017
f 4502/3250/1017 4470/3244/1017 4501/3251/1017
f 4501/3251/1017 4470/3244/1017 4500/3252/1017
f 4500/3252/1017 4470/3244/1017 4499/3253/1017
f 4499/3253/1017 4470/3244/1017 4471/3254/1017
f 4618/3255/1017 4619/3246/1017 4514/3256/1017
f 4514/3256/1017 4619/3246/1017 4513/3247/1017
f 4512/3257/1017 4513/3247/1017 4505/3248/1017
f 4511/3258/1016 4512/3257/1016 4510/3259/1016
f 4510/3259/1017 4512/3257/1017 4505/3248/1017
f 4509/3260/1016 4510/3259/1016 4506/3261/1016
f 4506/3261/1016 4510/3259/1016 4505/3248/1016
f 4508/3262/1016 4509/3260/1016 4507/3263/1016
f 4507/3263/1016 4509/3260/1016 4506/3261/1016
f 4504/3264/1016 4505/3248/1016 4503/3249/1016
f 4618/3255/1017 4514/3256/1017 4515/3265/1017
f 4498/3266/1017 4499/3253/1017 4471/3254/1017
f 4497/3267/1017 4498/3266/1017 4471/3254/1017
f 4496/3268/1017 4497/3267/1017 4471/3254/1017
f 4618/3255/1017 4515/3265/1017 4516/3269/1017
f 4495/3270/1017 4496/3268/1017 4471/3254/1017
f 4494/3271/1017 4495/3270/1017 4471/3254/1017
f 4618/3255/1017 4516/3269/1017 4517/3272/1017
f 4493/3273/1017 4494/3271/1017 4471/3254/1017
f 4493/3273/1017 4471/3254/1017 4472/3274/1017
f 4617/3275/1017 4618/3255/1017 4517/3272/1017
f 4492/3276/1017 4493/3273/1017 4472/3274/1017
f 4617/3275/1017 4517/3272/1017 4518/3277/1017
f 4491/3278/1017 4492/3276/1017 4472/3274/1017
f 4617/3275/1017 4518/3277/1017 4519/3279/1017
f 4490/3280/1017 4491/3278/1017 4472/3274/1017
f 4490/3280/1017 4472/3274/1017 4473/3281/1017
f 4616/3282/1017 4617/3275/1017 4519/3279/1017
f 4489/3283/1017 4490/3280/1017 4473/3281/1017
f 4616/3282/1017 4519/3279/1017 4520/3284/1017
f 4488/3285/1017 4489/3283/1017 4473/3281/1017
f 4487/3286/1017 4488/3285/1017 4473/3281/1017
f 4616/3282/1017 4520/3284/1017 4521/3287/1017
f 4487/3286/1017 4473/3281/1017 4474/3288/1017
f 4615/3289/1017 4616/3282/1017 4521/3287/1017
f 4548/3290/1017 4549/3292/1017 4550/3291/1017
f 4486/3293/1017 4487/3286/1017 4474/3288/1017
f 4485/3294/1017 4486/3293/1017 4474/3288/1017
f 4615/3289/1017 4521/3287/1017 4522/3295/1017
f 4484/3296/1017 4485/3294/1017 4474/3288/1017
f 4484/3296/1017 4474/3288/1017 4475/3297/1017
f 4483/3298/1017 4484/3296/1017 4475/3297/1017
f 4614/3299/1017 4615/3289/1017 4522/3295/1017
f 4547/3300/1017 4548/3290/1017 4550/3291/1017
f 4482/3301/1017 4483/3298/1017 4475/3297/1017
f 4614/3299/1017 4522/3295/1017 4523/3302/1017
f 4481/3303/1017 4482/3301/1017 4475/3297/1017
f 4481/3303/1017 4475/3297/1017 4476/3304/1017
f 4547/3300/1017 4550/3291/1017 4551/3305/1017
f 4480/3306/1017 4481/3303/1017 4476/3304/1017
f 4546/3307/1017 4547/3300/1017 4551/3305/1017
f 4613/3308/1017 4614/3299/1017 4523/3302/1017
f 4479/3309/1017 4480/3306/1017 4476/3304/1017
f 4613/3308/1017 4523/3302/1017 4524/3310/1017
f 4479/3309/1017 4476/3304/1017 4478/3311/1017
f 4478/3311/1017 4476/3304/1017 4477/3312/1017
f 4545/3313/1017 4546/3307/1017 4551/3305/1017
f 4612/3314/1017 4613/3308/1017 4524/3310/1017
f 4612/3314/1017 4524/3310/1017 4525/3315/1017
f 4545/3313/1017 4551/3305/1017 4552/3316/1017
f 4544/3317/1017 4545/3313/1017 4552/3316/1017
f 4611/3318/1017 4612/3314/1017 4525/3315/1017
f 4611/3318/1017 4525/3315/1017 4526/3319/1017
f 4543/3320/1017 4544/3317/1017 4552/3316/1017
f 4611/3318/1017 4526/3319/1017 4527/3321/1017
f 4543/3320/1017 4552/3316/1017 4553/3322/1017
f 4542/3323/1017 4543/3320/1017 4553/3322/1017
f 4611/3318/1017 4527/3321/1017 4528/3324/1017
f 4610/3325/1017 4611/3318/1017 4528/3324/1017
f 4610/3325/1017 4528/3324/1017 4529/3326/1017
f 4541/3327/1017 4542/3323/1017 4553/3322/1017
f 4610/3325/1017 4529/3326/1017 4530/3328/1017
f 4540/3329/1017 4541/3327/1017 4553/3322/1017
f 4610/3325/1017 4530/3328/1017 4531/3330/1017
f 4540/3329/1017 4553/3322/1017 4554/3331/1017
f 4610/3325/1017 4531/3330/1017 4532/3332/1017
f 4539/3333/1017 4540/3329/1017 4554/3331/1017
f 4609/3334/1017 4610/3325/1017 4532/3332/1017
f 4609/3334/1017 4532/3332/1017 4533/3335/1017
f 4538/3336/1017 4539/3333/1017 4554/3331/1017
f 4609/3334/1017 4533/3335/1017 4534/3337/1017
f 4609/3334/1017 4534/3337/1017 4535/3338/1017
f 4537/3339/1017 4538/3336/1017 4554/3331/1017
f 4609/3334/1017 4535/3338/1017 4536/3340/1017
f 4609/3334/1017 4536/3340/1017 4537/3339/1017
f 4609/3334/1017 4537/3339/1017 4554/3331/1017
f 4608/3341/1017 4609/3334/1017 4554/3331/1017
f 4608/3341/1017 4554/3331/1017 4555/3342/1017
f 4607/3343/1017 4608/3341/1017 4555/3342/1017
f 4606/3344/1017 4607/3343/1017 4555/3342/1017
f 4605/3345/1017 4606/3344/1017 4555/3342/1017
f 4605/3345/1017 4555/3342/1017 4582/3346/1017
f 4582/3346/1017 4555/3342/1017 4581/3347/1017
f 4581/3347/1017 4555/3342/1017 4556/3348/1017
f 4604/3349/1017 4605/3345/1017 4582/3346/1017
f 4604/3349/1017 4582/3346/1017 4583/3350/1017
f 4604/3349/1017 4583/3350/1017 4584/3351/1017
f 4580/3352/1017 4581/3347/1017 4556/3348/1017
f 4604/3349/1017 4584/3351/1017 4585/3353/1017
f 4603/3354/1017 4604/3349/1017 4585/3353/1017
f 4579/3355/1017 4580/3352/1017 4556/3348/1017
f 4603/3354/1017 4585/3353/1017 4586/3356/1017
f 4578/3357/1017 4579/3355/1017 4556/3348/1017
f 4577/3358/1017 4578/3357/1017 4556/3348/1017
f 4602/3359/1017 4603/3354/1017 4586/3356/1017
f 4602/3359/1017 4586/3356/1017 4587/3360/1017
f 4576/3361/1017 4577/3358/1017 4556/3348/1017
f 4601/3362/1017 4602/3359/1017 4587/3360/1017
f 4575/3363/1017 4576/3361/1017 4556/3348/1017
f 4601/3362/1017 4587/3360/1017 4588/3364/1017
f 4600/3365/1017 4601/3362/1017 4588/3364/1017
f 4574/3366/1017 4575/3363/1017 4556/3348/1017
f 4599/3367/1017 4600/3365/1017 4588/3364/1017
f 4599/3367/1017 4588/3364/1017 4589/3368/1017
f 4573/3369/1017 4574/3366/1017 4556/3348/1017
f 4573/3369/1017 4556/3348/1017 4557/3370/1017
f 4598/3371/1017 4599/3367/1017 4589/3368/1017
f 4597/3372/1017 4598/3371/1017 4589/3368/1017
f 4597/3372/1017 4589/3368/1017 4590/3373/1017
f 4596/3374/1017 4597/3372/1017 4590/3373/1017
f 4572/3375/1017 4573/3369/1017 4557/3370/1017
f 4596/3374/1017 4590/3373/1017 4591/3376/1017
f 4595/3377/1017 4596/3374/1017 4591/3376/1017
f 4595/3377/1017 4591/3376/1017 4592/3378/1017
f 4594/3379/1017 4595/3377/1017 4592/3378/1017
f 4594/3379/1017 4592/3378/1017 4593/3380/1017
f 4571/3381/1017 4572/3375/1017 4557/3370/1017
f 4570/3382/1017 4571/3381/1017 4557/3370/1017
f 4570/3382/1017 4557/3370/1017 4558/3383/1017
f 4569/3384/1017 4570/3382/1017 4558/3383/1017
f 4568/3385/1017 4569/3384/1017 4558/3383/1017
f 4568/3385/1017 4558/3383/1017 4559/3386/1017
f 4567/3387/1017 4568/3385/1017 4559/3386/1017
f 4566/3388/1017 4567/3387/1017 4559/3386/1017
f 4565/3389/1017 4566/3388/1017 4559/3386/1017
f 4565/3389/1017 4559/3386/1017 4560/3390/1017
f 4564/3391/1017 4565/3389/1017 4560/3390/1017
f 4563/3392/1017 4564/3391/1017 4560/3390/1017
f 4563/3392/1017 4560/3390/1017 4562/3393/1017
f 4562/3393/1017 4560/3390/1017 4561/3394/1017
s 1
f 4648/3395/1018 4650/3396/1019 4649/3397/1019 4647/3215/1018
f 4650/3396/1019 4652/3398/1020 4651/3399/1020 4649/3397/1019
f 4652/3398/1020 4654/3400/1021 4653/3401/1021 4651/3399/1020
f 4654/3400/1021 4656/3402/1022 4655/3403/1022 4653/3401/1021
f 4656/3402/1022 4658/3404/1023 4657/3405/1023 4655/3403/1022
f 4658/3404/1023 4660/3406/1024 4659/3407/1024 4657/3405/1023
f 4660/3406/1024 4662/3408/1025 4661/3409/1025 4659/3407/1024
f 4662/3408/1025 4664/3410/1026 4663/3411/1026 4661/3409/1025
f 4664/3410/1026 4666/3412/1027 4665/3413/1027 4663/3411/1026
f 4666/3412/1027 4668/3414/1028 4667/3415/1028 4665/3413/1027
f 4668/3414/1028 4670/3416/1029 4669/3417/1029 4667/3415/1028
f 4670/3416/1029 4672/3418/1030 4671/3419/1030 4669/3417/1029
f 4672/3418/1030 4674/3420/1031 4673/3421/1031 4671/3419/1030
f 4674/3420/1031 4676/3422/1032 4675/3423/1032 4673/3421/1031
f 4676/3422/1032 4678/3424/1033 4677/3425/1033 4675/3423/1032
f 4678/3424/1033 4680/3426/1034 4679/3427/1034 4677/3425/1033
f 4680/3426/1034 4682/3428/1035 4681/3429/1035 4679/3427/1034
f 4682/3428/1035 4684/3430/1036 4683/3431/1036 4681/3429/1035
f 4684/3430/1036 4686/3432/1037 4685/3433/1037 4683/3431/1036
f 4686/3432/1037 4688/3434/1038 4687/3435/1038 4685/3433/1037
f 4688/3434/1038 4690/3436/1039 4689/3437/1039 4687/3435/1038
f 4690/3436/1039 4692/3438/1040 4691/3439/1040 4689/3437/1039
f 4692/3438/1040 4694/3440/1041 4693/3441/1041 4691/3439/1040
f 4694/3440/1041 4696/3442/1042 4695/3443/1042 4693/3441/1041
f 4696/3442/1042 4698/3444/1043 4697/3445/1043 4695/3443/1042
f 4698/3444/1043 4700/3446/1044 4699/3447/1044 4697/3445/1043
f 4700/3446/1044 4702/3448/1045 4701/3449/1045 4699/3447/1044
f 4702/3448/1045 4704/3450/1046 4703/3451/1046 4701/3449/1045
f 4704/3450/1046 4706/3452/1047 4705/3453/1047 4703/3451/1046
f 4706/3452/1047 4708/3454/1048 4707/3455/1048 4705/3453/1047
f 4708/3454/1048 4710/3456/1049 4709/3457/1049 4707/3455/1048
f 4710/3456/1049 4712/3458/1050 4711/3459/1050 4709/3457/1049
f 4712/3458/1050 4714/3460/1051 4713/3461/1051 4711/3459/1050
f 4714/3460/1051 4716/3462/1052 4715/3463/1052 4713/3461/1051
f 4716/3462/1052 4718/3464/1053 4717/3465/1053 4715/3463/1052
f 4718/3464/1053 4720/3466/1054 4719/3467/1054 4717/3465/1053
f 4720/3466/1054 4722/3468/1054 4721/3469/1054 4719/3467/1054
f 4722/3468/1054 4724/3470/1054 4723/3471/1054 4721/3469/1054
f 4724/3470/1054 4726/3472/1054 4725/3473/1054 4723/3471/1054
f 4726/3472/1054 4728/3474/1054 4727/3475/1054 4725/3473/1054
f 4728/3474/1054 4730/3476/1054 4729/3477/1054 4727/3475/1054
f 4730/3476/1054 4732/3478/1054 4731/3479/1054 4729/3477/1054
f 4732/3478/1054 4734/3480/1054 4733/3481/1054 4731/3479/1054
f 4734/3480/1054 4736/3482/1054 4735/3483/1054 4733/3481/1054
f 4736/3482/1054 4738/3484/1054 4737/3485/1054 4735/3483/1054
f 4738/3484/1054 4740/3486/1054 4739/3487/1054 4737/3485/1054
f 4740/3486/1054 4742/3488/1055 4741/3489/1055 4739/3487/1054
f 4742/3488/1055 4744/3490/1056 4743/3491/1056 4741/3489/1055
f 4744/3490/1056 4746/3492/1057 4745/3493/1057 4743/3491/1056
f 4746/3492/1057 4748/3494/1058 4747/3495/1058 4745/3493/1057
f 4748/3494/1058 4750/3496/1059 4749/3497/1059 4747/3495/1058
f 4750/3496/1059 4752/3498/1060 4751/3499/1060 4749/3497/1059
f 4752/3498/1060 4754/3500/1061 4753/3501/1061 4751/3499/1060
f 4754/3500/1061 4756/3502/1062 4755/3503/1062 4753/3501/1061
f 4756/3502/1062 4758/3504/1063 4757/3505/1063 4755/3503/1062
f 4758/3504/1063 4760/3506/1064 4759/3507/1064 4757/3505/1063
f 4760/3506/1064 4762/3508/1065 4761/3509/1065 4759/3507/1064
f 4762/3508/1065 4764/3510/1066 4763/3511/1066 4761/3509/1065
f 4764/3510/1066 4766/3512/1067 4765/3513/1067 4763/3511/1066
f 4766/3512/1067 4768/3514/1068 4767/3515/1068 4765/3513/1067
f 4768/3514/1068 4770/3516/1069 4769/3517/1069 4767/3515/1068
f 4770/3516/1069 4772/3518/1070 4771/3519/1070 4769/3517/1069
f 4772/3518/1070 4774/3520/1071 4773/3521/1071 4771/3519/1070
f 4774/3520/1071 4776/3522/1072 4775/3523/1072 4773/3521/1071
f 4776/3522/1072 4778/3524/1073 4777/3525/1073 4775/3523/1072
f 4778/3524/1073 4780/3526/1074 4779/3527/1074 4777/3525/1073
f 4780/3526/1074 4782/3528/1075 4781/3529/1075 4779/3527/1074
f 4782/3528/1075 4784/3530/1076 4783/3531/1076 4781/3529/1075
f 4784/3530/1076 4786/3532/1077 4785/3533/1077 4783/3531/1076
f 4786/3532/1077 4788/3534/1078 4787/3535/1078 4785/3533/1077
f 4788/3534/1078 4790/3536/1079 4789/3537/1079 4787/3535/1078
f 4790/3536/1079 4792/3538/1080 4791/3539/1080 4789/3537/1079
f 4792/3538/1080 4794/3540/1081 4793/3541/1081 4791/3539/1080
f 4794/3540/1081 4796/3542/1082 4795/3543/1082 4793/3541/1081
f 4796/3542/1082 4798/3544/1083 4797/3545/1083 4795/3543/1082
f 4798/3544/1083 4800/3546/1084 4799/3547/1084 4797/3545/1083
f 4800/3546/1084 4802/3548/1085 4801/3549/1085 4799/3547/1084
f 4802/3548/1085 4804/3550/1086 4803/3551/1086 4801/3549/1085
f 4804/3550/1086 4806/3552/1087 4805/3553/1087 4803/3551/1086
f 4806/3552/1087 4808/3554/1088 4807/3555/1088 4805/3553/1087
f 4808/3554/1088 4810/3556/1089 4809/3557/1089 4807/3555/1088
f 4810/3556/1089 4812/3558/1090 4811/3559/1090 4809/3557/1089
f 4812/3558/1090 4814/3560/1091 4813/3561/1091 4811/3559/1090
f 4814/3560/1091 4816/3562/1092 4815/3563/1092 4813/3561/1091
f 4816/3562/1092 4818/3564/1093 4817/3565/1093 4815/3563/1092
f 4818/3564/1093 4820/3566/1094 4819/3567/1094 4817/3565/1093
f 4820/3566/1094 4822/3568/1095 4821/3569/1095 4819/3567/1094
f 4822/3568/1095 4824/3570/1096 4823/3571/1096 4821/3569/1095
f 4824/3570/1096 4826/3572/1097 4825/3573/1097 4823/3571/1096
f 4826/3572/1097 4828/3574/1098 4827/3575/1098 4825/3573/1097
f 4828/3574/1098 4830/3576/1099 4829/3577/1099 4827/3575/1098
f 4830/3576/1099 4832/3578/1100 4831/3579/1100 4829/3577/1099
f 4832/3578/1100 4834/3580/1101 4833/3581/1101 4831/3579/1100
f 4834/3580/1101 4836/3582/1102 4835/3583/1102 4833/3581/1101
f 4836/3582/1102 4838/3584/1103 4837/3585/1103 4835/3583/1102
f 4838/3584/1103 4840/3586/1104 4839/3587/1104 4837/3585/1103
f 4840/3586/1104 4842/3588/1105 4841/3589/1105 4839/3587/1104
f 4842/3588/1105 4844/3590/1106 4843/3591/1106 4841/3589/1105
f 4844/3590/1106 4846/3592/1107 4845/3593/1107 4843/3591/1106
f 4846/3592/1107 4848/3594/1108 4847/3595/1108 4845/3593/1107
f 4848/3594/1108 4850/3596/1109 4849/3597/1109 4847/3595/1108
f 4850/3596/1109 4852/3598/1110 4851/3599/1110 4849/3597/1109
f 4852/3598/1110 4854/3600/1111 4853/3601/1111 4851/3599/1110
f 4854/3600/1111 4856/3602/1112 4855/3603/1112 4853/3601/1111
f 4856/3602/1112 4858/3604/1113 4857/3605/1113 4855/3603/1112
f 4858/3604/1113 4860/3606/1114 4859/3607/1114 4857/3605/1113
f 4860/3606/1114 4862/3608/1115 4861/3609/1115 4859/3607/1114
f 4862/3608/1115 4864/3610/1116 4863/3611/1116 4861/3609/1115
f 4864/3610/1116 4866/3612/1117 4865/3613/1117 4863/3611/1116
f 4866/3612/1117 4868/3614/1118 4867/3615/1118 4865/3613/1117
f 4868/3614/1118 4870/3616/1119 4869/3617/1119 4867/3615/1118
f 4870/3616/1119 4872/3618/1120 4871/3619/1120 4869/3617/1119
f 4872/3618/1120 4874/3620/1121 4873/3621/1121 4871/3619/1120
f 4874/3620/1121 4876/3622/1122 4875/3623/1122 4873/3621/1121
f 4876/3622/1122 4878/3624/1123 4877/3625/1123 4875/3623/1122
f 4878/3624/1123 4880/3626/1124 4879/3627/1124 4877/3625/1123
f 4880/3626/1124 4882/3628/1125 4881/3629/1125 4879/3627/1124
f 4882/3628/1125 4884/3630/1126 4883/3631/1126 4881/3629/1125
f 4884/3630/1126 4886/3632/1127 4885/3633/1127 4883/3631/1126
f 4886/3632/1127 4888/3634/1128 4887/3635/1128 4885/3633/1127
f 4888/3634/1128 4890/3636/1129 4889/3637/1129 4887/3635/1128
f 4890/3636/1129 4892/3638/1130 4891/3639/1130 4889/3637/1129
f 4892/3638/1130 4894/3640/1131 4893/3641/1131 4891/3639/1130
f 4894/3640/1131 4896/3642/1132 4895/3643/1132 4893/3641/1131
f 4896/3642/1132 4898/3644/1133 4897/3645/1133 4895/3643/1132
f 4898/3644/1133 4900/3646/1134 4899/3647/1134 4897/3645/1133
f 4900/3646/1134 4902/3648/1135 4901/3649/1135 4899/3647/1134
f 4902/3648/1135 4904/3650/1136 4903/3651/1136 4901/3649/1135
f 4904/3650/1136 4906/3652/1137 4905/3653/1137 4903/3651/1136
f 4906/3652/1137 4908/3654/1138 4907/3655/1138 4905/3653/1137
f 4908/3654/1138 4910/3656/1139 4909/3657/1139 4907/3655/1138
f 4910/3656/1139 4912/3658/1140 4911/3659/1140 4909/3657/1139
f 4912/3658/1140 4914/3660/1141 4913/3661/1141 4911/3659/1140
f 4914/3660/1141 4916/3662/1142 4915/3663/1142 4913/3661/1141
f 4916/3662/1142 4918/3664/1143 4917/3665/1143 4915/3663/1142
f 4918/3664/1143 4920/3666/1144 4919/3667/1144 4917/3665/1143
f 4920/3666/1144 4922/3668/1145 4921/3669/1145 4919/3667/1144
f 4922/3668/1145 4924/3670/1146 4923/3671/1146 4921/3669/1145
f 4924/3670/1146 4926/3672/1147 4925/3673/1147 4923/3671/1146
f 4926/3672/1147 4928/3674/1148 4927/3675/1148 4925/3673/1147
f 4928/3674/1148 4930/3676/1149 4929/3677/1149 4927/3675/1148
f 4930/3676/1149 4932/3678/1150 4931/3679/1150 4929/3677/1149
f 4932/3678/1150 4934/3680/1151 4933/3681/1151 4931/3679/1150
f 4934/3680/1151 4936/3682/1152 4935/3683/1152 4933/3681/1151
f 4936/3682/1152 4938/3684/1153 4937/3685/1153 4935/3683/1152
f 4938/3684/1153 4940/3686/1154 4939/3687/1154 4937/3685/1153
f 4940/3686/1154 4942/3688/1155 4941/3689/1155 4939/3687/1154
f 4942/3688/1155 4944/3690/1156 4943/3691/1156 4941/3689/1155
f 4944/3690/1156 4946/3692/1157 4945/3693/1157 4943/3691/1156
f 4946/3692/1157 4948/3694/1158 4947/3695/1158 4945/3693/1157
f 4948/3694/1158 4950/3696/1159 4949/3697/1159 4947/3695/1158
f 4950/3696/1159 4952/3698/1160 4951/3699/1160 4949/3697/1159
f 4952/3698/1160 4954/3700/1161 4953/3701/1161 4951/3699/1160
f 4954/3700/1161 4956/3702/1162 4955/3703/1162 4953/3701/1161
f 4956/3702/1162 4958/3704/1163 4957/3705/1163 4955/3703/1162
f 4958/3704/1163 4960/3706/1164 4959/3707/1164 4957/3705/1163
f 4960/3706/1164 4962/3708/1165 4961/3709/1165 4959/3707/1164
f 4962/3708/1165 4964/3710/1166 4963/3711/1166 4961/3709/1165
f 4964/3710/1166 4966/3712/1167 4965/3713/1167 4963/3711/1166
f 4966/3712/1167 4968/3714/1168 4967/3715/1168 4965/3713/1167
f 4968/3714/1168 4970/3716/1169 4969/3717/1169 4967/3715/1168
f 4970/3716/1169 4972/3718/1170 4971/3719/1170 4969/3717/1169
f 4972/3718/1170 4974/3720/1171 4973/3721/1171 4971/3719/1170
f 4974/3720/1171 4976/3722/1172 4975/3723/1172 4973/3721/1171
f 4976/3722/1172 4978/3724/1173 4977/3725/1173 4975/3723/1172
f 4978/3724/1173 4980/3726/1174 4979/3727/1174 4977/3725/1173
f 4980/3726/1174 4982/3728/1175 4981/3729/1175 4979/3727/1174
f 4982/3728/1175 4984/3730/1176 4983/3731/1176 4981/3729/1175
f 4984/3730/1176 4986/3732/1177 4985/3733/1177 4983/3731/1176
f 4986/3732/1177 4988/3734/1178 4987/3735/1178 4985/3733/1177
f 4988/3734/1178 4990/3736/1179 4989/3737/1179 4987/3735/1178
f 4990/3736/1179 4992/3738/1180 4991/3739/1180 4989/3737/1179
f 4992/3738/1180 4994/3740/1181 4993/3741/1181 4991/3739/1180
f 4994/3740/1181 4996/3742/1182 4995/3743/1182 4993/3741/1181
f 4996/3742/1182 4998/3744/1183 4997/3745/1183 4995/3743/1182
f 4998/3744/1183 5000/3746/1184 4999/3747/1184 4997/3745/1183
f 5000/3746/1184 5002/3748/1185 5001/3749/1185 4999/3747/1184
f 5002/3748/1185 5004/3750/1186 5003/3751/1186 5001/3749/1185
f 5004/3750/1186 5006/3752/1187 5005/3753/1187 5003/3751/1186
f 5006/3752/1187 5008/3754/1188 5007/3755/1188 5005/3753/1187
f 5008/3754/1188 4648/3756/1018 4647/3216/1018 5007/3755/1188
