# Blender 5.2.1 LTS
# www.blender.org
mtllib Visclogocenter4.mtl
o Curve
v 193.487183 -143.120987 485.869934
v 193.487183 143.120987 485.869934
v 170.821045 -143.120987 504.351013
v 170.821045 143.120987 504.351013
v 149.342163 -143.120987 523.492371
v 149.342163 143.120987 523.492371
v 129.069641 -143.120987 543.288879
v 129.069641 143.120987 543.288879
v 110.022339 -143.120987 563.735779
v 110.022339 143.120987 563.735779
v 92.219299 -143.120987 584.827820
v 92.219299 143.120987 584.827820
v 75.679504 -143.120987 606.559998
v 75.679504 143.120987 606.559998
v 60.421936 -143.120987 628.927307
v 60.421936 143.120987 628.927307
v 46.465576 -143.120987 651.925110
v 46.465576 143.120987 651.925110
v 33.829468 -143.120987 675.548157
v 33.829468 143.120987 675.548157
v 22.532471 -143.120987 699.791321
v 22.532471 143.120987 699.791321
v 12.593567 -143.120987 724.649963
v 12.593567 143.120987 724.649963
v 4.031738 -143.120987 750.118713
v 4.031738 143.120987 750.118713
v -36.677002 -143.120987 694.983704
v -36.677002 143.120987 694.983704
v -70.008850 -143.120987 642.975159
v -70.008850 143.120987 642.975159
v -96.125732 -143.120987 594.024597
v -96.125732 143.120987 594.024597
v -115.189453 -143.120987 548.063171
v -115.189453 143.120987 548.063171
v -127.361755 -143.120987 505.022644
v -127.361755 143.120987 505.022644
v -132.804565 -143.120987 464.834167
v -132.804565 143.120987 464.834167
v -131.679749 -143.120987 427.429138
v -131.679749 143.120987 427.429138
v -124.149048 -143.120987 392.739075
v -124.149048 143.120987 392.739075
v -110.374268 -143.120987 360.695374
v -110.374268 143.120987 360.695374
v -90.517395 -143.120987 331.229309
v -90.517395 143.120987 331.229309
v -64.740112 -143.120987 304.272522
v -64.740112 143.120987 304.272522
v -33.204468 -143.120987 279.756165
v -33.204468 143.120987 279.756165
v -41.265381 -143.120987 296.641418
v -41.265381 143.120987 296.641418
v -47.234558 -143.120987 314.049500
v -47.234558 143.120987 314.049500
v -51.130615 -143.120987 331.975769
v -51.130615 143.120987 331.975769
v -52.972046 -143.120987 350.415466
v -52.972046 143.120987 350.415466
v -52.777527 -143.120987 369.364197
v -52.777527 143.120987 369.364197
v -50.565552 -143.120987 388.817078
v -50.565552 143.120987 388.817078
v -46.354736 -143.120987 408.769714
v -46.354736 143.120987 408.769714
v -40.163635 -143.120987 429.217346
v -40.163635 143.120987 429.217346
v -32.010864 -143.120987 450.155212
v -32.010864 143.120987 450.155212
v -21.914978 -143.120987 471.578918
v -21.914978 143.120987 471.578918
v -9.894531 -143.120987 493.483704
v -9.894531 143.120987 493.483704
v 4.031738 -143.120987 515.864807
v 4.031738 143.120987 515.864807
v 9.770935 -143.120987 503.887512
v 9.770935 143.120987 503.887512
v 15.944336 -143.120987 492.138123
v 15.944336 143.120987 492.138123
v 22.590027 -143.120987 480.586487
v 22.590027 143.120987 480.586487
v 29.746338 -143.120987 469.202332
v 29.746338 143.120987 469.202332
v 37.451355 -143.120987 457.955261
v 37.451355 143.120987 457.955261
v 45.743408 -143.120987 446.815125
v 45.743408 143.120987 446.815125
v 54.660706 -143.120987 435.751648
v 54.660706 143.120987 435.751648
v 64.241516 -143.120987 424.734436
v 64.241516 143.120987 424.734436
v 74.523987 -143.120987 413.733459
v 74.523987 143.120987 413.733459
v 85.546448 -143.120987 402.718323
v 85.546448 143.120987 402.718323
v 97.347046 -143.120987 391.658630
v 97.347046 143.120987 391.658630
v 109.963928 -143.120987 380.523987
v 109.963928 143.120987 380.523987
v 131.808228 -143.120987 361.788757
v 131.808228 143.120987 361.788757
v 153.652588 -143.120987 343.053528
v 153.652588 143.120987 343.053528
v 175.496948 -143.120987 324.318176
v 175.496948 143.120987 324.318176
v 197.341431 -143.120987 305.582947
v 197.341431 143.120987 305.582947
v 219.185913 -143.120987 286.847717
v 219.185913 143.120987 286.847717
v 241.030457 -143.120987 268.112488
v 241.030457 143.120987 268.112488
v 262.875000 -143.120987 249.377136
v 262.875000 143.120987 249.377136
v 284.719574 -143.120987 230.641846
v 284.719574 143.120987 230.641846
v 306.564148 -143.120987 211.906616
v 306.564148 143.120987 211.906616
v 328.408752 -143.120987 193.171326
v 328.408752 143.120987 193.171326
v 350.253357 -143.120987 174.436096
v 350.253357 143.120987 174.436096
v 372.097931 -143.120987 155.700500
v 372.097931 143.120987 155.700500
v 389.175201 -143.120987 139.795044
v 389.175201 143.120987 139.795044
v 404.947449 -143.120987 122.537476
v 404.947449 143.120987 122.537476
v 419.195923 -143.120987 104.184937
v 419.195923 143.120987 104.184937
v 431.701904 -143.120987 84.994629
v 431.701904 143.120987 84.994629
v 442.246674 -143.120987 65.223511
v 442.246674 143.120987 65.223511
v 450.611450 -143.120987 45.128723
v 450.611450 143.120987 45.128723
v 456.577515 -143.120987 24.967407
v 456.577515 143.120987 24.967407
v 459.926178 -143.120987 4.996704
v 459.926178 143.120987 4.996704
v 460.438660 -143.120987 -14.526306
v 460.438660 143.120987 -14.526306
v 457.896271 -143.120987 -33.344482
v 457.896271 143.120987 -33.344482
v 452.080261 -143.120987 -51.200806
v 452.080261 143.120987 -51.200806
v 442.771851 -143.120987 -67.838074
v 442.771851 143.120987 -67.838074
v 454.484924 -143.120987 -62.873657
v 454.484924 143.120987 -62.873657
v 465.896484 -143.120987 -56.944702
v 465.896484 143.120987 -56.944702
v 476.995453 -143.120987 -50.015625
v 476.995453 143.120987 -50.015625
v 487.770752 -143.120987 -42.051025
v 487.770752 143.120987 -42.051025
v 498.211243 -143.120987 -33.015381
v 498.211243 143.120987 -33.015381
v 508.305878 -143.120987 -22.873169
v 508.305878 143.120987 -22.873169
v 518.043579 -143.120987 -11.589050
v 518.043579 143.120987 -11.589050
v 527.413208 -143.120987 0.872498
v 527.413208 143.120987 0.872498
v 536.403687 -143.120987 14.546997
v 536.403687 143.120987 14.546997
v 545.003906 -143.120987 29.469971
v 545.003906 143.120987 29.469971
v 553.202881 -143.120987 45.676697
v 553.202881 143.120987 45.676697
v 560.989441 -143.120987 63.202759
v 560.989441 143.120987 63.202759
v 565.980042 -143.120987 80.508606
v 565.980042 143.120987 80.508606
v 567.328247 -143.120987 98.777588
v 567.328247 143.120987 98.777588
v 565.474854 -143.120987 117.676025
v 565.474854 143.120987 117.676025
v 560.860718 -143.120987 136.870422
v 560.860718 143.120987 136.870422
v 553.926819 -143.120987 156.027161
v 553.926819 143.120987 156.027161
v 545.113953 -143.120987 174.812622
v 545.113953 143.120987 174.812622
v 534.862915 -143.120987 192.893127
v 534.862915 143.120987 192.893127
v 523.614624 -143.120987 209.935181
v 523.614624 143.120987 209.935181
v 511.809937 -143.120987 225.605164
v 511.809937 143.120987 225.605164
v 499.889740 -143.120987 239.569397
v 499.889740 143.120987 239.569397
v 488.294830 -143.120987 251.494446
v 488.294830 143.120987 251.494446
v 477.466187 -143.120987 261.046448
v 477.466187 143.120987 261.046448
v 454.520386 -143.120987 279.422180
v 454.520386 143.120987 279.422180
v 431.467926 -143.120987 297.851135
v 431.467926 143.120987 297.851135
v 408.301544 -143.120987 316.337219
v 408.301544 143.120987 316.337219
v 385.014008 -143.120987 334.883850
v 385.014008 143.120987 334.883850
v 361.598145 -143.120987 353.494568
v 361.598145 143.120987 353.494568
v 338.046722 -143.120987 372.173279
v 338.046722 143.120987 372.173279
v 314.352478 -143.120987 390.923157
v 314.352478 143.120987 390.923157
v 290.508270 -143.120987 409.748230
v 290.508270 143.120987 409.748230
v 266.506866 -143.120987 428.651794
v 266.506866 143.120987 428.651794
v 242.341003 -143.120987 447.637512
v 242.341003 143.120987 447.637512
v 218.003540 -143.120987 466.709045
v 218.003540 143.120987 466.709045
vn 0.6239 -0.0000 0.7815
vn 0.6488 -0.0000 0.7610
vn 0.6822 -0.0000 0.7312
vn 0.7154 -0.0000 0.6987
vn 0.7482 -0.0000 0.6635
vn 0.7802 -0.0000 0.6255
vn 0.8112 -0.0000 0.5848
vn 0.8408 -0.0000 0.5413
vn 0.8687 -0.0000 0.4954
vn 0.8944 -0.0000 0.4472
vn 0.9178 -0.0000 0.3970
vn 0.9386 -0.0000 0.3451
vn 0.1552 -0.0000 0.9879
vn -0.8237 -0.0000 0.5671
vn -0.8628 -0.0000 0.5056
vn -0.9040 -0.0000 0.4274
vn -0.9446 -0.0000 0.3282
vn -0.9790 -0.0000 0.2037
vn -0.9986 -0.0000 0.0523
vn -0.9926 -0.0000 -0.1216
vn -0.9524 -0.0000 -0.3049
vn -0.8778 -0.0000 -0.4790
vn -0.7788 -0.0000 -0.6272
vn -0.6701 -0.0000 -0.7423
vn 0.6270 -0.0000 -0.7790
vn 0.9257 -0.0000 0.3782
vn 0.9632 -0.0000 0.2688
vn 0.9877 -0.0000 0.1561
vn 0.9990 -0.0000 0.0446
vn 0.9981 -0.0000 -0.0617
vn 0.9871 -0.0000 -0.1599
vn 0.9687 -0.0000 -0.2484
vn 0.9452 -0.0000 -0.3266
vn 0.9188 -0.0000 -0.3948
vn 0.8911 -0.0000 -0.4539
vn 0.8632 -0.0000 -0.5049
vn -0.0549 -0.0000 -0.9985
vn -0.8937 -0.0000 -0.4487
vn -0.8762 -0.0000 -0.4820
vn -0.8569 -0.0000 -0.5155
vn -0.8360 -0.0000 -0.5488
vn -0.8137 -0.0000 -0.5812
vn -0.7905 -0.0000 -0.6124
vn -0.7667 -0.0000 -0.6420
vn -0.7427 -0.0000 -0.6696
vn -0.7188 -0.0000 -0.6952
vn -0.6954 -0.0000 -0.7186
vn -0.6728 -0.0000 -0.7398
vn -0.6564 -0.0000 -0.7544
vn -0.6510 -0.0000 -0.7591
vn -0.6664 -0.0000 -0.7456
vn -0.7104 -0.0000 -0.7038
vn -0.7646 -0.0000 -0.6445
vn -0.8145 -0.0000 -0.5801
vn -0.8609 -0.0000 -0.5088
vn -0.9038 -0.0000 -0.4279
vn -0.9424 -0.0000 -0.3345
vn -0.9744 -0.0000 -0.2250
vn -0.9954 -0.0000 -0.0960
vn -0.9985 -0.0000 0.0540
vn -0.9749 -0.0000 0.2227
vn -0.9161 -0.0000 0.4009
vn -0.7446 -0.0000 -0.6675
vn 0.4260 -0.0000 -0.9047
vn 0.4957 -0.0000 -0.8685
vn 0.5624 -0.0000 -0.8269
vn 0.6249 -0.0000 -0.7807
vn 0.6821 -0.0000 -0.7313
vn 0.7334 -0.0000 -0.6798
vn 0.7786 -0.0000 -0.6275
vn 0.8178 -0.0000 -0.5754
vn 0.8514 -0.0000 -0.5246
vn 0.8797 -0.0000 -0.4755
vn 0.9034 -0.0000 -0.4289
vn 0.9396 -0.0000 -0.3424
vn 0.9843 -0.0000 -0.1763
vn 0.9999 -0.0000 0.0120
vn 0.9861 -0.0000 0.1661
vn 0.9578 -0.0000 0.2875
vn 0.9238 -0.0000 0.3829
vn 0.8883 -0.0000 0.4593
vn 0.8527 -0.0000 0.5223
vn 0.8171 -0.0000 0.5766
vn 0.7800 -0.0000 0.6258
vn 0.7392 -0.0000 0.6735
vn 0.6897 -0.0000 0.7241
vn 0.6435 -0.0000 0.7655
vn 0.6248 -0.0000 0.7808
vn 0.6241 -0.0000 0.7814
vn 0.6234 -0.0000 0.7819
vn 0.6226 -0.0000 0.7825
vn 0.6218 -0.0000 0.7832
vn 0.6210 -0.0000 0.7838
vn 0.6201 -0.0000 0.7845
vn 0.6192 -0.0000 0.7852
vn 0.6183 -0.0000 0.7860
vn 0.6173 -0.0000 0.7867
vn 0.6163 -0.0000 0.7875
vt 0.000000 1.000000
vt 0.009259 1.000000
vt 0.009259 0.000000
vt 0.000000 0.000000
vt 0.018519 1.000000
vt 0.018519 0.000000
vt 0.027778 1.000000
vt 0.027778 0.000000
vt 0.037037 1.000000
vt 0.037037 0.000000
vt 0.046296 1.000000
vt 0.046296 0.000000
vt 0.055556 1.000000
vt 0.055556 0.000000
vt 0.064815 1.000000
vt 0.064815 0.000000
vt 0.074074 1.000000
vt 0.074074 0.000000
vt 0.083333 1.000000
vt 0.083333 0.000000
vt 0.092593 1.000000
vt 0.092593 0.000000
vt 0.101852 1.000000
vt 0.101852 0.000000
vt 0.111111 1.000000
vt 0.111111 0.000000
vt 0.120370 1.000000
vt 0.120370 0.000000
vt 0.129630 1.000000
vt 0.129630 0.000000
vt 0.138889 1.000000
vt 0.138889 0.000000
vt 0.148148 1.000000
vt 0.148148 0.000000
vt 0.157407 1.000000
vt 0.157407 0.000000
vt 0.166667 1.000000
vt 0.166667 0.000000
vt 0.175926 1.000000
vt 0.175926 0.000000
vt 0.185185 1.000000
vt 0.185185 0.000000
vt 0.194444 1.000000
vt 0.194444 0.000000
vt 0.203704 1.000000
vt 0.203704 0.000000
vt 0.212963 1.000000
vt 0.212963 0.000000
vt 0.222222 1.000000
vt 0.222222 0.000000
vt 0.231481 1.000000
vt 0.231481 0.000000
vt 0.240741 1.000000
vt 0.240741 0.000000
vt 0.250000 1.000000
vt 0.250000 0.000000
vt 0.259259 1.000000
vt 0.259259 0.000000
vt 0.268519 1.000000
vt 0.268519 0.000000
vt 0.277778 1.000000
vt 0.277778 0.000000
vt 0.287037 1.000000
vt 0.287037 0.000000
vt 0.296296 1.000000
vt 0.296296 0.000000
vt 0.305556 1.000000
vt 0.305556 0.000000
vt 0.314815 1.000000
vt 0.314815 0.000000
vt 0.324074 1.000000
vt 0.324074 0.000000
vt 0.333333 1.000000
vt 0.333333 0.000000
vt 0.342593 1.000000
vt 0.342593 0.000000
vt 0.351852 1.000000
vt 0.351852 0.000000
vt 0.361111 1.000000
vt 0.361111 0.000000
vt 0.370370 1.000000
vt 0.370370 0.000000
vt 0.379630 1.000000
vt 0.379630 0.000000
vt 0.388889 1.000000
vt 0.388889 0.000000
vt 0.398148 1.000000
vt 0.398148 0.000000
vt 0.407407 1.000000
vt 0.407407 0.000000
vt 0.416667 1.000000
vt 0.416667 0.000000
vt 0.425926 1.000000
vt 0.425926 0.000000
vt 0.435185 1.000000
vt 0.435185 0.000000
vt 0.444444 1.000000
vt 0.444444 0.000000
vt 0.453704 1.000000
vt 0.453704 0.000000
vt 0.462963 1.000000
vt 0.462963 0.000000
vt 0.472222 1.000000
vt 0.472222 0.000000
vt 0.481481 1.000000
vt 0.481481 0.000000
vt 0.490741 1.000000
vt 0.490741 0.000000
vt 0.500000 1.000000
vt 0.500000 0.000000
vt 0.509259 1.000000
vt 0.509259 0.000000
vt 0.518519 1.000000
vt 0.518519 0.000000
vt 0.527778 1.000000
vt 0.527778 0.000000
vt 0.537037 1.000000
vt 0.537037 0.000000
vt 0.546296 1.000000
vt 0.546296 0.000000
vt 0.555556 1.000000
vt 0.555556 0.000000
vt 0.564815 1.000000
vt 0.564815 0.000000
vt 0.574074 1.000000
vt 0.574074 0.000000
vt 0.583333 1.000000
vt 0.583333 0.000000
vt 0.592593 1.000000
vt 0.592593 0.000000
vt 0.601852 1.000000
vt 0.601852 0.000000
vt 0.611111 1.000000
vt 0.611111 0.000000
vt 0.620370 1.000000
vt 0.620370 0.000000
vt 0.629630 1.000000
vt 0.629630 0.000000
vt 0.638889 1.000000
vt 0.638889 0.000000
vt 0.648148 1.000000
vt 0.648148 0.000000
vt 0.657407 1.000000
vt 0.657407 0.000000
vt 0.666667 1.000000
vt 0.666667 0.000000
vt 0.675926 1.000000
vt 0.675926 0.000000
vt 0.685185 1.000000
vt 0.685185 0.000000
vt 0.694444 1.000000
vt 0.694444 0.000000
vt 0.703704 1.000000
vt 0.703704 0.000000
vt 0.712963 1.000000
vt 0.712963 0.000000
vt 0.722222 1.000000
vt 0.722222 0.000000
vt 0.731481 1.000000
vt 0.731481 0.000000
vt 0.740741 1.000000
vt 0.740741 0.000000
vt 0.750000 1.000000
vt 0.750000 0.000000
vt 0.759259 1.000000
vt 0.759259 0.000000
vt 0.768519 1.000000
vt 0.768519 0.000000
vt 0.777778 1.000000
vt 0.777778 0.000000
vt 0.787037 1.000000
vt 0.787037 0.000000
vt 0.796296 1.000000
vt 0.796296 0.000000
vt 0.805556 1.000000
vt 0.805556 0.000000
vt 0.814815 1.000000
vt 0.814815 0.000000
vt 0.824074 1.000000
vt 0.824074 0.000000
vt 0.833333 1.000000
vt 0.833333 0.000000
vt 0.842593 1.000000
vt 0.842593 0.000000
vt 0.851852 1.000000
vt 0.851852 0.000000
vt 0.861111 1.000000
vt 0.861111 0.000000
vt 0.870370 1.000000
vt 0.870370 0.000000
vt 0.879630 1.000000
vt 0.879630 0.000000
vt 0.888889 1.000000
vt 0.888889 0.000000
vt 0.898148 1.000000
vt 0.898148 0.000000
vt 0.907407 1.000000
vt 0.907407 0.000000
vt 0.916667 1.000000
vt 0.916667 0.000000
vt 0.925926 1.000000
vt 0.925926 0.000000
vt 0.935185 1.000000
vt 0.935185 0.000000
vt 0.944444 1.000000
vt 0.944444 0.000000
vt 0.953704 1.000000
vt 0.953704 0.000000
vt 0.962963 1.000000
vt 0.962963 0.000000
vt 0.972222 1.000000
vt 0.972222 0.000000
vt 0.981481 1.000000
vt 0.981481 0.000000
vt 0.990741 1.000000
vt 0.990741 0.000000
vt 1.000000 1.000000
vt 1.000000 0.000000
s 1
usemtl SVGMat.012
f 2/1/1 4/2/2 3/3/2 1/4/1
f 4/2/2 6/5/3 5/6/3 3/3/2
f 6/5/3 8/7/4 7/8/4 5/6/3
f 8/7/4 10/9/5 9/10/5 7/8/4
f 10/9/5 12/11/6 11/12/6 9/10/5
f 12/11/6 14/13/7 13/14/7 11/12/6
f 14/13/7 16/15/8 15/16/8 13/14/7
f 16/15/8 18/17/9 17/18/9 15/16/8
f 18/17/9 20/19/10 19/20/10 17/18/9
f 20/19/10 22/21/11 21/22/11 19/20/10
f 22/21/11 24/23/12 23/24/12 21/22/11
f 24/23/12 26/25/13 25/26/13 23/24/12
f 26/25/13 28/27/14 27/28/14 25/26/13
f 28/27/14 30/29/15 29/30/15 27/28/14
f 30/29/15 32/31/16 31/32/16 29/30/15
f 32/31/16 34/33/17 33/34/17 31/32/16
f 34/33/17 36/35/18 35/36/18 33/34/17
f 36/35/18 38/37/19 37/38/19 35/36/18
f 38/37/19 40/39/20 39/40/20 37/38/19
f 40/39/20 42/41/21 41/42/21 39/40/20
f 42/41/21 44/43/22 43/44/22 41/42/21
f 44/43/22 46/45/23 45/46/23 43/44/22
f 46/45/23 48/47/24 47/48/24 45/46/23
f 48/47/24 50/49/25 49/50/25 47/48/24
f 50/49/25 52/51/26 51/52/26 49/50/25
f 52/51/26 54/53/27 53/54/27 51/52/26
f 54/53/27 56/55/28 55/56/28 53/54/27
f 56/55/28 58/57/29 57/58/29 55/56/28
f 58/57/29 60/59/30 59/60/30 57/58/29
f 60/59/30 62/61/31 61/62/31 59/60/30
f 62/61/31 64/63/32 63/64/32 61/62/31
f 64/63/32 66/65/33 65/66/33 63/64/32
f 66/65/33 68/67/34 67/68/34 65/66/33
f 68/67/34 70/69/35 69/70/35 67/68/34
f 70/69/35 72/71/36 71/72/36 69/70/35
f 72/71/36 74/73/37 73/74/37 71/72/36
f 74/73/37 76/75/38 75/76/38 73/74/37
f 76/75/38 78/77/39 77/78/39 75/76/38
f 78/77/39 80/79/40 79/80/40 77/78/39
f 80/79/40 82/81/41 81/82/41 79/80/40
f 82/81/41 84/83/42 83/84/42 81/82/41
f 84/83/42 86/85/43 85/86/43 83/84/42
f 86/85/43 88/87/44 87/88/44 85/86/43
f 88/87/44 90/89/45 89/90/45 87/88/44
f 90/89/45 92/91/46 91/92/46 89/90/45
f 92/91/46 94/93/47 93/94/47 91/92/46
f 94/93/47 96/95/48 95/96/48 93/94/47
f 96/95/48 98/97/49 97/98/49 95/96/48
f 98/97/49 100/99/50 99/100/50 97/98/49
f 100/99/50 102/101/50 101/102/50 99/100/50
f 102/101/50 104/103/50 103/104/50 101/102/50
f 104/103/50 106/105/50 105/106/50 103/104/50
f 106/105/50 108/107/50 107/108/50 105/106/50
f 108/107/50 110/109/50 109/110/50 107/108/50
f 110/109/50 112/111/50 111/112/50 109/110/50
f 112/111/50 114/113/50 113/114/50 111/112/50
f 114/113/50 116/115/50 115/116/50 113/114/50
f 116/115/50 118/117/50 117/118/50 115/116/50
f 118/117/50 120/119/50 119/120/50 117/118/50
f 120/119/50 122/121/51 121/122/51 119/120/50
f 122/121/51 124/123/52 123/124/52 121/122/51
f 124/123/52 126/125/53 125/126/53 123/124/52
f 126/125/53 128/127/54 127/128/54 125/126/53
f 128/127/54 130/129/55 129/130/55 127/128/54
f 130/129/55 132/131/56 131/132/56 129/130/55
f 132/131/56 134/133/57 133/134/57 131/132/56
f 134/133/57 136/135/58 135/136/58 133/134/57
f 136/135/58 138/137/59 137/138/59 135/136/58
f 138/137/59 140/139/60 139/140/60 137/138/59
f 140/139/60 142/141/61 141/142/61 139/140/60
f 142/141/61 144/143/62 143/144/62 141/142/61
f 144/143/62 146/145/63 145/146/63 143/144/62
f 146/145/63 148/147/64 147/148/64 145/146/63
f 148/147/64 150/149/65 149/150/65 147/148/64
f 150/149/65 152/151/66 151/152/66 149/150/65
f 152/151/66 154/153/67 153/154/67 151/152/66
f 154/153/67 156/155/68 155/156/68 153/154/67
f 156/155/68 158/157/69 157/158/69 155/156/68
f 158/157/69 160/159/70 159/160/70 157/158/69
f 160/159/70 162/161/71 161/162/71 159/160/70
f 162/161/71 164/163/72 163/164/72 161/162/71
f 164/163/72 166/165/73 165/166/73 163/164/72
f 166/165/73 168/167/74 167/168/74 165/166/73
f 168/167/74 170/169/75 169/170/75 167/168/74
f 170/169/75 172/171/76 171/172/76 169/170/75
f 172/171/76 174/173/77 173/174/77 171/172/76
f 174/173/77 176/175/78 175/176/78 173/174/77
f 176/175/78 178/177/79 177/178/79 175/176/78
f 178/177/79 180/179/80 179/180/80 177/178/79
f 180/179/80 182/181/81 181/182/81 179/180/80
f 182/181/81 184/183/82 183/184/82 181/182/81
f 184/183/82 186/185/83 185/186/83 183/184/82
f 186/185/83 188/187/84 187/188/84 185/186/83
f 188/187/84 190/189/85 189/190/85 187/188/84
f 190/189/85 192/191/86 191/192/86 189/190/85
f 192/191/86 194/193/87 193/194/87 191/192/86
f 194/193/87 196/195/88 195/196/88 193/194/87
f 196/195/88 198/197/89 197/198/89 195/196/88
f 198/197/89 200/199/90 199/200/90 197/198/89
f 200/199/90 202/201/91 201/202/91 199/200/90
f 202/201/91 204/203/92 203/204/92 201/202/91
f 204/203/92 206/205/93 205/206/93 203/204/92
f 206/205/93 208/207/94 207/208/94 205/206/93
f 208/207/94 210/209/95 209/210/95 207/208/94
f 210/209/95 212/211/96 211/212/96 209/210/95
f 212/211/96 214/213/97 213/214/97 211/212/96
f 214/213/97 216/215/98 215/216/98 213/214/97
f 216/215/98 2/217/1 1/218/1 215/216/98
o Curve
v 193.487183 -143.120987 485.869934
v 193.487183 143.120987 485.869934
v 170.821045 -143.120987 504.351013
v 170.821045 143.120987 504.351013
v 149.342163 -143.120987 523.492371
v 149.342163 143.120987 523.492371
v 129.069641 -143.120987 543.288879
v 129.069641 143.120987 543.288879
v 110.022339 -143.120987 563.735779
v 110.022339 143.120987 563.735779
v 92.219299 -143.120987 584.827820
v 92.219299 143.120987 584.827820
v 75.679504 -143.120987 606.559998
v 75.679504 143.120987 606.559998
v 60.421936 -143.120987 628.927307
v 60.421936 143.120987 628.927307
v 46.465576 -143.120987 651.925110
v 46.465576 143.120987 651.925110
v 33.829468 -143.120987 675.548157
v 33.829468 143.120987 675.548157
v 22.532471 -143.120987 699.791321
v 22.532471 143.120987 699.791321
v 12.593567 -143.120987 724.649963
v 12.593567 143.120987 724.649963
v 4.031738 -143.120987 750.118713
v 4.031738 143.120987 750.118713
v -36.677002 -143.120987 694.983704
v -36.677002 143.120987 694.983704
v -70.008850 -143.120987 642.975159
v -70.008850 143.120987 642.975159
v -96.125732 -143.120987 594.024597
v -96.125732 143.120987 594.024597
v -115.189453 -143.120987 548.063171
v -115.189453 143.120987 548.063171
v -127.361755 -143.120987 505.022644
v -127.361755 143.120987 505.022644
v -132.804565 -143.120987 464.834167
v -132.804565 143.120987 464.834167
v -131.679749 -143.120987 427.429138
v -131.679749 143.120987 427.429138
v -124.149048 -143.120987 392.739075
v -124.149048 143.120987 392.739075
v -110.374268 -143.120987 360.695374
v -110.374268 143.120987 360.695374
v -90.517395 -143.120987 331.229309
v -90.517395 143.120987 331.229309
v -64.740112 -143.120987 304.272522
v -64.740112 143.120987 304.272522
v -33.204468 -143.120987 279.756165
v -33.204468 143.120987 279.756165
v -41.265381 -143.120987 296.641418
v -41.265381 143.120987 296.641418
v -47.234558 -143.120987 314.049500
v -47.234558 143.120987 314.049500
v -51.130615 -143.120987 331.975769
v -51.130615 143.120987 331.975769
v -52.972046 -143.120987 350.415466
v -52.972046 143.120987 350.415466
v -52.777527 -143.120987 369.364197
v -52.777527 143.120987 369.364197
v -50.565552 -143.120987 388.817078
v -50.565552 143.120987 388.817078
v -46.354736 -143.120987 408.769714
v -46.354736 143.120987 408.769714
v -40.163635 -143.120987 429.217346
v -40.163635 143.120987 429.217346
v -32.010864 -143.120987 450.155212
v -32.010864 143.120987 450.155212
v -21.914978 -143.120987 471.578918
v -21.914978 143.120987 471.578918
v -9.894531 -143.120987 493.483704
v -9.894531 143.120987 493.483704
v 4.031738 -143.120987 515.864807
v 4.031738 143.120987 515.864807
v 9.770935 -143.120987 503.887512
v 9.770935 143.120987 503.887512
v 15.944336 -143.120987 492.138123
v 15.944336 143.120987 492.138123
v 22.590027 -143.120987 480.586487
v 22.590027 143.120987 480.586487
v 29.746338 -143.120987 469.202332
v 29.746338 143.120987 469.202332
v 37.451355 -143.120987 457.955261
v 37.451355 143.120987 457.955261
v 45.743408 -143.120987 446.815125
v 45.743408 143.120987 446.815125
v 54.660706 -143.120987 435.751648
v 54.660706 143.120987 435.751648
v 64.241516 -143.120987 424.734436
v 64.241516 143.120987 424.734436
v 74.523987 -143.120987 413.733459
v 74.523987 143.120987 413.733459
v 85.546448 -143.120987 402.718323
v 85.546448 143.120987 402.718323
v 97.347046 -143.120987 391.658630
v 97.347046 143.120987 391.658630
v 109.963928 -143.120987 380.523987
v 109.963928 143.120987 380.523987
v 131.808228 -143.120987 361.788757
v 131.808228 143.120987 361.788757
v 153.652588 -143.120987 343.053528
v 153.652588 143.120987 343.053528
v 175.496948 -143.120987 324.318176
v 175.496948 143.120987 324.318176
v 197.341431 -143.120987 305.582947
v 197.341431 143.120987 305.582947
v 219.185913 -143.120987 286.847717
v 219.185913 143.120987 286.847717
v 241.030457 -143.120987 268.112488
v 241.030457 143.120987 268.112488
v 262.875000 -143.120987 249.377136
v 262.875000 143.120987 249.377136
v 284.719574 -143.120987 230.641846
v 284.719574 143.120987 230.641846
v 306.564148 -143.120987 211.906616
v 306.564148 143.120987 211.906616
v 328.408752 -143.120987 193.171326
v 328.408752 143.120987 193.171326
v 350.253357 -143.120987 174.436096
v 350.253357 143.120987 174.436096
v 372.097931 -143.120987 155.700500
v 372.097931 143.120987 155.700500
v 389.175201 -143.120987 139.795044
v 389.175201 143.120987 139.795044
v 404.947449 -143.120987 122.537476
v 404.947449 143.120987 122.537476
v 419.195923 -143.120987 104.184937
v 419.195923 143.120987 104.184937
v 431.701904 -143.120987 84.994629
v 431.701904 143.120987 84.994629
v 442.246674 -143.120987 65.223511
v 442.246674 143.120987 65.223511
v 450.611450 -143.120987 45.128723
v 450.611450 143.120987 45.128723
v 456.577515 -143.120987 24.967407
v 456.577515 143.120987 24.967407
v 459.926178 -143.120987 4.996704
v 459.926178 143.120987 4.996704
v 460.438660 -143.120987 -14.526306
v 460.438660 143.120987 -14.526306
v 457.896271 -143.120987 -33.344482
v 457.896271 143.120987 -33.344482
v 452.080261 -143.120987 -51.200806
v 452.080261 143.120987 -51.200806
v 442.771851 -143.120987 -67.838074
v 442.771851 143.120987 -67.838074
v 454.484924 -143.120987 -62.873657
v 454.484924 143.120987 -62.873657
v 465.896484 -143.120987 -56.944702
v 465.896484 143.120987 -56.944702
v 476.995453 -143.120987 -50.015625
v 476.995453 143.120987 -50.015625
v 487.770752 -143.120987 -42.051025
v 487.770752 143.120987 -42.051025
v 498.211243 -143.120987 -33.015381
v 498.211243 143.120987 -33.015381
v 508.305878 -143.120987 -22.873169
v 508.305878 143.120987 -22.873169
v 518.043579 -143.120987 -11.589050
v 518.043579 143.120987 -11.589050
v 527.413208 -143.120987 0.872498
v 527.413208 143.120987 0.872498
v 536.403687 -143.120987 14.546997
v 536.403687 143.120987 14.546997
v 545.003906 -143.120987 29.469971
v 545.003906 143.120987 29.469971
v 553.202881 -143.120987 45.676697
v 553.202881 143.120987 45.676697
v 560.989441 -143.120987 63.202759
v 560.989441 143.120987 63.202759
v 565.980042 -143.120987 80.508606
v 565.980042 143.120987 80.508606
v 567.328247 -143.120987 98.777588
v 567.328247 143.120987 98.777588
v 565.474854 -143.120987 117.676025
v 565.474854 143.120987 117.676025
v 560.860718 -143.120987 136.870422
v 560.860718 143.120987 136.870422
v 553.926819 -143.120987 156.027161
v 553.926819 143.120987 156.027161
v 545.113953 -143.120987 174.812622
v 545.113953 143.120987 174.812622
v 534.862915 -143.120987 192.893127
v 534.862915 143.120987 192.893127
v 523.614624 -143.120987 209.935181
v 523.614624 143.120987 209.935181
v 511.809937 -143.120987 225.605164
v 511.809937 143.120987 225.605164
v 499.889740 -143.120987 239.569397
v 499.889740 143.120987 239.569397
v 488.294830 -143.120987 251.494446
v 488.294830 143.120987 251.494446
v 477.466187 -143.120987 261.046448
v 477.466187 143.120987 261.046448
v 454.520386 -143.120987 279.422180
v 454.520386 143.120987 279.422180
v 431.467926 -143.120987 297.851135
v 431.467926 143.120987 297.851135
v 408.301544 -143.120987 316.337219
v 408.301544 143.120987 316.337219
v 385.014008 -143.120987 334.883850
v 385.014008 143.120987 334.883850
v 361.598145 -143.120987 353.494568
v 361.598145 143.120987 353.494568
v 338.046722 -143.120987 372.173279
v 338.046722 143.120987 372.173279
v 314.352478 -143.120987 390.923157
v 314.352478 143.120987 390.923157
v 290.508270 -143.120987 409.748230
v 290.508270 143.120987 409.748230
v 266.506866 -143.120987 428.651794
v 266.506866 143.120987 428.651794
v 242.341003 -143.120987 447.637512
v 242.341003 143.120987 447.637512
v 218.003540 -143.120987 466.709045
v 218.003540 143.120987 466.709045
vn 0.6239 -0.0000 0.7815
vn 0.6488 -0.0000 0.7610
vn 0.6822 -0.0000 0.7312
vn 0.7154 -0.0000 0.6987
vn 0.7482 -0.0000 0.6635
vn 0.7802 -0.0000 0.6255
vn 0.8112 -0.0000 0.5848
vn 0.8408 -0.0000 0.5413
vn 0.8687 -0.0000 0.4954
vn 0.8944 -0.0000 0.4472
vn 0.9178 -0.0000 0.3970
vn 0.9386 -0.0000 0.3451
vn 0.1552 -0.0000 0.9879
vn -0.8237 -0.0000 0.5671
vn -0.8628 -0.0000 0.5056
vn -0.9040 -0.0000 0.4274
vn -0.9446 -0.0000 0.3282
vn -0.9790 -0.0000 0.2037
vn -0.9986 -0.0000 0.0523
vn -0.9926 -0.0000 -0.1216
vn -0.9524 -0.0000 -0.3049
vn -0.8778 -0.0000 -0.4790
vn -0.7788 -0.0000 -0.6272
vn -0.6701 -0.0000 -0.7423
vn 0.6270 -0.0000 -0.7790
vn 0.9257 -0.0000 0.3782
vn 0.9632 -0.0000 0.2688
vn 0.9877 -0.0000 0.1561
vn 0.9990 -0.0000 0.0446
vn 0.9981 -0.0000 -0.0617
vn 0.9871 -0.0000 -0.1599
vn 0.9687 -0.0000 -0.2484
vn 0.9452 -0.0000 -0.3266
vn 0.9188 -0.0000 -0.3948
vn 0.8911 -0.0000 -0.4539
vn 0.8632 -0.0000 -0.5049
vn -0.0549 -0.0000 -0.9985
vn -0.8937 -0.0000 -0.4487
vn -0.8762 -0.0000 -0.4820
vn -0.8569 -0.0000 -0.5155
vn -0.8360 -0.0000 -0.5488
vn -0.8137 -0.0000 -0.5812
vn -0.7905 -0.0000 -0.6124
vn -0.7667 -0.0000 -0.6420
vn -0.7427 -0.0000 -0.6696
vn -0.7188 -0.0000 -0.6952
vn -0.6954 -0.0000 -0.7186
vn -0.6728 -0.0000 -0.7398
vn -0.6564 -0.0000 -0.7544
vn -0.6510 -0.0000 -0.7591
vn -0.6664 -0.0000 -0.7456
vn -0.7104 -0.0000 -0.7038
vn -0.7646 -0.0000 -0.6445
vn -0.8145 -0.0000 -0.5801
vn -0.8609 -0.0000 -0.5088
vn -0.9038 -0.0000 -0.4279
vn -0.9424 -0.0000 -0.3345
vn -0.9744 -0.0000 -0.2250
vn -0.9954 -0.0000 -0.0960
vn -0.9985 -0.0000 0.0540
vn -0.9749 -0.0000 0.2227
vn -0.9161 -0.0000 0.4009
vn -0.7446 -0.0000 -0.6675
vn 0.4260 -0.0000 -0.9047
vn 0.4957 -0.0000 -0.8685
vn 0.5624 -0.0000 -0.8269
vn 0.6249 -0.0000 -0.7807
vn 0.6821 -0.0000 -0.7313
vn 0.7334 -0.0000 -0.6798
vn 0.7786 -0.0000 -0.6275
vn 0.8178 -0.0000 -0.5754
vn 0.8514 -0.0000 -0.5246
vn 0.8797 -0.0000 -0.4755
vn 0.9034 -0.0000 -0.4289
vn 0.9396 -0.0000 -0.3424
vn 0.9843 -0.0000 -0.1763
vn 0.9999 -0.0000 0.0120
vn 0.9861 -0.0000 0.1661
vn 0.9578 -0.0000 0.2875
vn 0.9238 -0.0000 0.3829
vn 0.8883 -0.0000 0.4593
vn 0.8527 -0.0000 0.5223
vn 0.8171 -0.0000 0.5766
vn 0.7800 -0.0000 0.6258
vn 0.7392 -0.0000 0.6735
vn 0.6897 -0.0000 0.7241
vn 0.6435 -0.0000 0.7655
vn 0.6248 -0.0000 0.7808
vn 0.6241 -0.0000 0.7814
vn 0.6234 -0.0000 0.7819
vn 0.6226 -0.0000 0.7825
vn 0.6218 -0.0000 0.7832
vn 0.6210 -0.0000 0.7838
vn 0.6201 -0.0000 0.7845
vn 0.6192 -0.0000 0.7852
vn 0.6183 -0.0000 0.7860
vn 0.6173 -0.0000 0.7867
vn 0.6163 -0.0000 0.7875
vt 0.000000 1.000000
vt 0.009259 1.000000
vt 0.009259 0.000000
vt 0.000000 0.000000
vt 0.018519 1.000000
vt 0.018519 0.000000
vt 0.027778 1.000000
vt 0.027778 0.000000
vt 0.037037 1.000000
vt 0.037037 0.000000
vt 0.046296 1.000000
vt 0.046296 0.000000
vt 0.055556 1.000000
vt 0.055556 0.000000
vt 0.064815 1.000000
vt 0.064815 0.000000
vt 0.074074 1.000000
vt 0.074074 0.000000
vt 0.083333 1.000000
vt 0.083333 0.000000
vt 0.092593 1.000000
vt 0.092593 0.000000
vt 0.101852 1.000000
vt 0.101852 0.000000
vt 0.111111 1.000000
vt 0.111111 0.000000
vt 0.120370 1.000000
vt 0.120370 0.000000
vt 0.129630 1.000000
vt 0.129630 0.000000
vt 0.138889 1.000000
vt 0.138889 0.000000
vt 0.148148 1.000000
vt 0.148148 0.000000
vt 0.157407 1.000000
vt 0.157407 0.000000
vt 0.166667 1.000000
vt 0.166667 0.000000
vt 0.175926 1.000000
vt 0.175926 0.000000
vt 0.185185 1.000000
vt 0.185185 0.000000
vt 0.194444 1.000000
vt 0.194444 0.000000
vt 0.203704 1.000000
vt 0.203704 0.000000
vt 0.212963 1.000000
vt 0.212963 0.000000
vt 0.222222 1.000000
vt 0.222222 0.000000
vt 0.231481 1.000000
vt 0.231481 0.000000
vt 0.240741 1.000000
vt 0.240741 0.000000
vt 0.250000 1.000000
vt 0.250000 0.000000
vt 0.259259 1.000000
vt 0.259259 0.000000
vt 0.268519 1.000000
vt 0.268519 0.000000
vt 0.277778 1.000000
vt 0.277778 0.000000
vt 0.287037 1.000000
vt 0.287037 0.000000
vt 0.296296 1.000000
vt 0.296296 0.000000
vt 0.305556 1.000000
vt 0.305556 0.000000
vt 0.314815 1.000000
vt 0.314815 0.000000
vt 0.324074 1.000000
vt 0.324074 0.000000
vt 0.333333 1.000000
vt 0.333333 0.000000
vt 0.342593 1.000000
vt 0.342593 0.000000
vt 0.351852 1.000000
vt 0.351852 0.000000
vt 0.361111 1.000000
vt 0.361111 0.000000
vt 0.370370 1.000000
vt 0.370370 0.000000
vt 0.379630 1.000000
vt 0.379630 0.000000
vt 0.388889 1.000000
vt 0.388889 0.000000
vt 0.398148 1.000000
vt 0.398148 0.000000
vt 0.407407 1.000000
vt 0.407407 0.000000
vt 0.416667 1.000000
vt 0.416667 0.000000
vt 0.425926 1.000000
vt 0.425926 0.000000
vt 0.435185 1.000000
vt 0.435185 0.000000
vt 0.444444 1.000000
vt 0.444444 0.000000
vt 0.453704 1.000000
vt 0.453704 0.000000
vt 0.462963 1.000000
vt 0.462963 0.000000
vt 0.472222 1.000000
vt 0.472222 0.000000
vt 0.481481 1.000000
vt 0.481481 0.000000
vt 0.490741 1.000000
vt 0.490741 0.000000
vt 0.500000 1.000000
vt 0.500000 0.000000
vt 0.509259 1.000000
vt 0.509259 0.000000
vt 0.518519 1.000000
vt 0.518519 0.000000
vt 0.527778 1.000000
vt 0.527778 0.000000
vt 0.537037 1.000000
vt 0.537037 0.000000
vt 0.546296 1.000000
vt 0.546296 0.000000
vt 0.555556 1.000000
vt 0.555556 0.000000
vt 0.564815 1.000000
vt 0.564815 0.000000
vt 0.574074 1.000000
vt 0.574074 0.000000
vt 0.583333 1.000000
vt 0.583333 0.000000
vt 0.592593 1.000000
vt 0.592593 0.000000
vt 0.601852 1.000000
vt 0.601852 0.000000
vt 0.611111 1.000000
vt 0.611111 0.000000
vt 0.620370 1.000000
vt 0.620370 0.000000
vt 0.629630 1.000000
vt 0.629630 0.000000
vt 0.638889 1.000000
vt 0.638889 0.000000
vt 0.648148 1.000000
vt 0.648148 0.000000
vt 0.657407 1.000000
vt 0.657407 0.000000
vt 0.666667 1.000000
vt 0.666667 0.000000
vt 0.675926 1.000000
vt 0.675926 0.000000
vt 0.685185 1.000000
vt 0.685185 0.000000
vt 0.694444 1.000000
vt 0.694444 0.000000
vt 0.703704 1.000000
vt 0.703704 0.000000
vt 0.712963 1.000000
vt 0.712963 0.000000
vt 0.722222 1.000000
vt 0.722222 0.000000
vt 0.731481 1.000000
vt 0.731481 0.000000
vt 0.740741 1.000000
vt 0.740741 0.000000
vt 0.750000 1.000000
vt 0.750000 0.000000
vt 0.759259 1.000000
vt 0.759259 0.000000
vt 0.768519 1.000000
vt 0.768519 0.000000
vt 0.777778 1.000000
vt 0.777778 0.000000
vt 0.787037 1.000000
vt 0.787037 0.000000
vt 0.796296 1.000000
vt 0.796296 0.000000
vt 0.805556 1.000000
vt 0.805556 0.000000
vt 0.814815 1.000000
vt 0.814815 0.000000
vt 0.824074 1.000000
vt 0.824074 0.000000
vt 0.833333 1.000000
vt 0.833333 0.000000
vt 0.842593 1.000000
vt 0.842593 0.000000
vt 0.851852 1.000000
vt 0.851852 0.000000
vt 0.861111 1.000000
vt 0.861111 0.000000
vt 0.870370 1.000000
vt 0.870370 0.000000
vt 0.879630 1.000000
vt 0.879630 0.000000
vt 0.888889 1.000000
vt 0.888889 0.000000
vt 0.898148 1.000000
vt 0.898148 0.000000
vt 0.907407 1.000000
vt 0.907407 0.000000
vt 0.916667 1.000000
vt 0.916667 0.000000
vt 0.925926 1.000000
vt 0.925926 0.000000
vt 0.935185 1.000000
vt 0.935185 0.000000
vt 0.944444 1.000000
vt 0.944444 0.000000
vt 0.953704 1.000000
vt 0.953704 0.000000
vt 0.962963 1.000000
vt 0.962963 0.000000
vt 0.972222 1.000000
vt 0.972222 0.000000
vt 0.981481 1.000000
vt 0.981481 0.000000
vt 0.990741 1.000000
vt 0.990741 0.000000
vt 1.000000 1.000000
vt 1.000000 0.000000
s 1
usemtl SVGMat.012
f 218/219/99 220/220/100 219/221/100 217/222/99
f 220/220/100 222/223/101 221/224/101 219/221/100
f 222/223/101 224/225/102 223/226/102 221/224/101
f 224/225/102 226/227/103 225/228/103 223/226/102
f 226/227/103 228/229/104 227/230/104 225/228/103
f 228/229/104 230/231/105 229/232/105 227/230/104
f 230/231/105 232/233/106 231/234/106 229/232/105
f 232/233/106 234/235/107 233/236/107 231/234/106
f 234/235/107 236/237/108 235/238/108 233/236/107
f 236/237/108 238/239/109 237/240/109 235/238/108
f 238/239/109 240/241/110 239/242/110 237/240/109
f 240/241/110 242/243/111 241/244/111 239/242/110
f 242/243/111 244/245/112 243/246/112 241/244/111
f 244/245/112 246/247/113 245/248/113 243/246/112
f 246/247/113 248/249/114 247/250/114 245/248/113
f 248/249/114 250/251/115 249/252/115 247/250/114
f 250/251/115 252/253/116 251/254/116 249/252/115
f 252/253/116 254/255/117 253/256/117 251/254/116
f 254/255/117 256/257/118 255/258/118 253/256/117
f 256/257/118 258/259/119 257/260/119 255/258/118
f 258/259/119 260/261/120 259/262/120 257/260/119
f 260/261/120 262/263/121 261/264/121 259/262/120
f 262/263/121 264/265/122 263/266/122 261/264/121
f 264/265/122 266/267/123 265/268/123 263/266/122
f 266/267/123 268/269/124 267/270/124 265/268/123
f 268/269/124 270/271/125 269/272/125 267/270/124
f 270/271/125 272/273/126 271/274/126 269/272/125
f 272/273/126 274/275/127 273/276/127 271/274/126
f 274/275/127 276/277/128 275/278/128 273/276/127
f 276/277/128 278/279/129 277/280/129 275/278/128
f 278/279/129 280/281/130 279/282/130 277/280/129
f 280/281/130 282/283/131 281/284/131 279/282/130
f 282/283/131 284/285/132 283/286/132 281/284/131
f 284/285/132 286/287/133 285/288/133 283/286/132
f 286/287/133 288/289/134 287/290/134 285/288/133
f 288/289/134 290/291/135 289/292/135 287/290/134
f 290/291/135 292/293/136 291/294/136 289/292/135
f 292/293/136 294/295/137 293/296/137 291/294/136
f 294/295/137 296/297/138 295/298/138 293/296/137
f 296/297/138 298/299/139 297/300/139 295/298/138
f 298/299/139 300/301/140 299/302/140 297/300/139
f 300/301/140 302/303/141 301/304/141 299/302/140
f 302/303/141 304/305/142 303/306/142 301/304/141
f 304/305/142 306/307/143 305/308/143 303/306/142
f 306/307/143 308/309/144 307/310/144 305/308/143
f 308/309/144 310/311/145 309/312/145 307/310/144
f 310/311/145 312/313/146 311/314/146 309/312/145
f 312/313/146 314/315/147 313/316/147 311/314/146
f 314/315/147 316/317/148 315/318/148 313/316/147
f 316/317/148 318/319/148 317/320/148 315/318/148
f 318/319/148 320/321/148 319/322/148 317/320/148
f 320/321/148 322/323/148 321/324/148 319/322/148
f 322/323/148 324/325/148 323/326/148 321/324/148
f 324/325/148 326/327/148 325/328/148 323/326/148
f 326/327/148 328/329/148 327/330/148 325/328/148
f 328/329/148 330/331/148 329/332/148 327/330/148
f 330/331/148 332/333/148 331/334/148 329/332/148
f 332/333/148 334/335/148 333/336/148 331/334/148
f 334/335/148 336/337/148 335/338/148 333/336/148
f 336/337/148 338/339/149 337/340/149 335/338/148
f 338/339/149 340/341/150 339/342/150 337/340/149
f 340/341/150 342/343/151 341/344/151 339/342/150
f 342/343/151 344/345/152 343/346/152 341/344/151
f 344/345/152 346/347/153 345/348/153 343/346/152
f 346/347/153 348/349/154 347/350/154 345/348/153
f 348/349/154 350/351/155 349/352/155 347/350/154
f 350/351/155 352/353/156 351/354/156 349/352/155
f 352/353/156 354/355/157 353/356/157 351/354/156
f 354/355/157 356/357/158 355/358/158 353/356/157
f 356/357/158 358/359/159 357/360/159 355/358/158
f 358/359/159 360/361/160 359/362/160 357/360/159
f 360/361/160 362/363/161 361/364/161 359/362/160
f 362/363/161 364/365/162 363/366/162 361/364/161
f 364/365/162 366/367/163 365/368/163 363/366/162
f 366/367/163 368/369/164 367/370/164 365/368/163
f 368/369/164 370/371/165 369/372/165 367/370/164
f 370/371/165 372/373/166 371/374/166 369/372/165
f 372/373/166 374/375/167 373/376/167 371/374/166
f 374/375/167 376/377/168 375/378/168 373/376/167
f 376/377/168 378/379/169 377/380/169 375/378/168
f 378/379/169 380/381/170 379/382/170 377/380/169
f 380/381/170 382/383/171 381/384/171 379/382/170
f 382/383/171 384/385/172 383/386/172 381/384/171
f 384/385/172 386/387/173 385/388/173 383/386/172
f 386/387/173 388/389/174 387/390/174 385/388/173
f 388/389/174 390/391/175 389/392/175 387/390/174
f 390/391/175 392/393/176 391/394/176 389/392/175
f 392/393/176 394/395/177 393/396/177 391/394/176
f 394/395/177 396/397/178 395/398/178 393/396/177
f 396/397/178 398/399/179 397/400/179 395/398/178
f 398/399/179 400/401/180 399/402/180 397/400/179
f 400/401/180 402/403/181 401/404/181 399/402/180
f 402/403/181 404/405/182 403/406/182 401/404/181
f 404/405/182 406/407/183 405/408/183 403/406/182
f 406/407/183 408/409/184 407/410/184 405/408/183
f 408/409/184 410/411/185 409/412/185 407/410/184
f 410/411/185 412/413/186 411/414/186 409/412/185
f 412/413/186 414/415/187 413/416/187 411/414/186
f 414/415/187 416/417/188 415/418/188 413/416/187
f 416/417/188 418/419/189 417/420/189 415/418/188
f 418/419/189 420/421/190 419/422/190 417/420/189
f 420/421/190 422/423/191 421/424/191 419/422/190
f 422/423/191 424/425/192 423/426/192 421/424/191
f 424/425/192 426/427/193 425/428/193 423/426/192
f 426/427/193 428/429/194 427/430/194 425/428/193
f 428/429/194 430/431/195 429/432/195 427/430/194
f 430/431/195 432/433/196 431/434/196 429/432/195
f 432/433/196 218/435/99 217/436/99 431/434/196
o Curve.001
v 675.496948 -143.120987 -195.972778
v 675.496948 143.120987 -195.972778
v 683.119080 -143.120987 -169.601807
v 683.119080 143.120987 -169.601807
v 688.184509 -143.120987 -143.112915
v 688.184509 143.120987 -143.112915
v 690.729370 -143.120987 -116.507690
v 690.729370 143.120987 -116.507690
v 690.789917 -143.120987 -89.787903
v 690.789917 143.120987 -89.787903
v 688.402283 -143.120987 -62.955200
v 688.402283 143.120987 -62.955200
v 683.602722 -143.120987 -36.011230
v 683.602722 143.120987 -36.011230
v 676.427429 -143.120987 -8.957581
v 676.427429 143.120987 -8.957581
v 666.912598 -143.120987 18.203979
v 666.912598 143.120987 18.203979
v 655.094360 -143.120987 45.471924
v 655.094360 143.120987 45.471924
v 641.008911 -143.120987 72.844421
v 641.008911 143.120987 72.844421
v 624.692566 -143.120987 100.319885
v 624.692566 143.120987 100.319885
v 606.181458 -143.120987 127.896729
v 606.181458 143.120987 127.896729
v 595.264771 -143.120987 64.333557
v 595.264771 143.120987 64.333557
v 572.639343 -143.120987 7.913818
v 572.639343 143.120987 7.913818
v 540.177368 -143.120987 -40.902893
v 540.177368 143.120987 -40.902893
v 499.750824 -143.120987 -81.656860
v 499.750824 143.120987 -81.656860
v 453.231812 -143.120987 -113.888428
v 453.231812 143.120987 -113.888428
v 402.492401 -143.120987 -137.138000
v 402.492401 143.120987 -137.138000
v 349.404663 -143.120987 -150.945801
v 349.404663 143.120987 -150.945801
v 295.840668 -143.120987 -154.852173
v 295.840668 143.120987 -154.852173
v 243.672546 -143.120987 -148.397583
v 243.672546 143.120987 -148.397583
v 194.772217 -143.120987 -131.122314
v 194.772217 143.120987 -131.122314
v 151.011902 -143.120987 -102.566650
v 151.011902 143.120987 -102.566650
v 114.263611 -143.120987 -62.271118
v 114.263611 143.120987 -62.271118
v 98.495361 -143.120987 -93.311523
v 98.495361 143.120987 -93.311523
v 87.124023 -143.120987 -123.232788
v 87.124023 143.120987 -123.232788
v 80.158081 -143.120987 -152.018250
v 80.158081 143.120987 -152.018250
v 77.605957 -143.120987 -179.651123
v 77.605957 143.120987 -179.651123
v 79.475952 -143.120987 -206.114746
v 79.475952 143.120987 -206.114746
v 85.776672 -143.120987 -231.392395
v 85.776672 143.120987 -231.392395
v 96.516479 -143.120987 -255.467224
v 96.516479 143.120987 -255.467224
v 111.703735 -143.120987 -278.322662
v 111.703735 143.120987 -278.322662
v 131.346863 -143.120987 -299.941895
v 131.346863 143.120987 -299.941895
v 155.454285 -143.120987 -320.308167
v 155.454285 143.120987 -320.308167
v 184.034546 -143.120987 -339.404755
v 184.034546 143.120987 -339.404755
v 217.096069 -143.120987 -357.214996
v 217.096069 143.120987 -357.214996
v 254.909119 -143.120987 -371.660583
v 254.909119 143.120987 -371.660583
v 296.554749 -143.120987 -380.561157
v 296.554749 143.120987 -380.561157
v 340.904236 -143.120987 -384.059296
v 340.904236 143.120987 -384.059296
v 386.828979 -143.120987 -382.297668
v 386.828979 143.120987 -382.297668
v 433.200317 -143.120987 -375.418945
v 433.200317 143.120987 -375.418945
v 478.889557 -143.120987 -363.565765
v 478.889557 143.120987 -363.565765
v 522.768066 -143.120987 -346.880829
v 522.768066 143.120987 -346.880829
v 563.707214 -143.120987 -325.506775
v 563.707214 143.120987 -325.506775
v 600.578308 -143.120987 -299.586273
v 600.578308 143.120987 -299.586273
v 632.252747 -143.120987 -269.262024
v 632.252747 143.120987 -269.262024
v 657.601868 -143.120987 -234.676636
v 657.601868 143.120987 -234.676636
vn 0.9369 -0.0000 -0.3497
vn 0.9725 -0.0000 -0.2330
vn 0.9899 -0.0000 -0.1417
vn 0.9988 -0.0000 -0.0488
vn 0.9991 -0.0000 0.0432
vn 0.9912 -0.0000 0.1321
vn 0.9764 -0.0000 0.2161
vn 0.9559 -0.0000 0.2937
vn 0.9313 -0.0000 0.3644
vn 0.9039 -0.0000 0.4278
vn 0.8749 -0.0000 0.4843
vn 0.8454 -0.0000 0.5342
vn -0.2090 -0.0000 0.9779
vn -0.9622 -0.0000 0.2723
vn -0.8851 -0.0000 0.4654
vn -0.7750 -0.0000 0.6320
vn -0.6424 -0.0000 0.7663
vn -0.4950 -0.0000 0.8689
vn -0.3354 -0.0000 0.9421
vn -0.1629 -0.0000 0.9866
vn 0.0251 -0.0000 0.9997
vn 0.2293 -0.0000 0.9734
vn 0.4429 -0.0000 0.8966
vn 0.6479 -0.0000 0.7618
vn -0.1343 -0.0000 0.9909
vn -0.9145 -0.0000 0.4047
vn -0.9552 -0.0000 0.2958
vn -0.9865 -0.0000 0.1640
vn -0.9999 -0.0000 0.0108
vn -0.9876 -0.0000 -0.1568
vn -0.9454 -0.0000 -0.3259
vn -0.8761 -0.0000 -0.4821
vn -0.7888 -0.0000 -0.6147
vn -0.6942 -0.0000 -0.7197
vn -0.6014 -0.0000 -0.7989
vn -0.5155 -0.0000 -0.8569
vn -0.4164 -0.0000 -0.9092
vn -0.2838 -0.0000 -0.9589
vn -0.1441 -0.0000 -0.9896
vn -0.0202 -0.0000 -0.9998
vn 0.0927 -0.0000 -0.9957
vn 0.1992 -0.0000 -0.9800
vn 0.3037 -0.0000 -0.9528
vn 0.4098 -0.0000 -0.9122
vn 0.5201 -0.0000 -0.8541
vn 0.6351 -0.0000 -0.7724
vn 0.7519 -0.0000 -0.6593
vn 0.8614 -0.0000 -0.5079
vt 0.000000 1.000000
vt 0.020833 1.000000
vt 0.020833 0.000000
vt 0.000000 0.000000
vt 0.041667 1.000000
vt 0.041667 0.000000
vt 0.062500 1.000000
vt 0.062500 0.000000
vt 0.083333 1.000000
vt 0.083333 0.000000
vt 0.104167 1.000000
vt 0.104167 0.000000
vt 0.125000 1.000000
vt 0.125000 0.000000
vt 0.145833 1.000000
vt 0.145833 0.000000
vt 0.166667 1.000000
vt 0.166667 0.000000
vt 0.187500 1.000000
vt 0.187500 0.000000
vt 0.208333 1.000000
vt 0.208333 0.000000
vt 0.229167 1.000000
vt 0.229167 0.000000
vt 0.250000 1.000000
vt 0.250000 0.000000
vt 0.270833 1.000000
vt 0.270833 0.000000
vt 0.291667 1.000000
vt 0.291667 0.000000
vt 0.312500 1.000000
vt 0.312500 0.000000
vt 0.333333 1.000000
vt 0.333333 0.000000
vt 0.354167 1.000000
vt 0.354167 0.000000
vt 0.375000 1.000000
vt 0.375000 0.000000
vt 0.395833 1.000000
vt 0.395833 0.000000
vt 0.416667 1.000000
vt 0.416667 0.000000
vt 0.437500 1.000000
vt 0.437500 0.000000
vt 0.458333 1.000000
vt 0.458333 0.000000
vt 0.479167 1.000000
vt 0.479167 0.000000
vt 0.500000 1.000000
vt 0.500000 0.000000
vt 0.520833 1.000000
vt 0.520833 0.000000
vt 0.541667 1.000000
vt 0.541667 0.000000
vt 0.562500 1.000000
vt 0.562500 0.000000
vt 0.583333 1.000000
vt 0.583333 0.000000
vt 0.604167 1.000000
vt 0.604167 0.000000
vt 0.625000 1.000000
vt 0.625000 0.000000
vt 0.645833 1.000000
vt 0.645833 0.000000
vt 0.666667 1.000000
vt 0.666667 0.000000
vt 0.687500 1.000000
vt 0.687500 0.000000
vt 0.708333 1.000000
vt 0.708333 0.000000
vt 0.729167 1.000000
vt 0.729167 0.000000
vt 0.750000 1.000000
vt 0.750000 0.000000
vt 0.770833 1.000000
vt 0.770833 0.000000
vt 0.791667 1.000000
vt 0.791667 0.000000
vt 0.812500 1.000000
vt 0.812500 0.000000
vt 0.833333 1.000000
vt 0.833333 0.000000
vt 0.854167 1.000000
vt 0.854167 0.000000
vt 0.875000 1.000000
vt 0.875000 0.000000
vt 0.895833 1.000000
vt 0.895833 0.000000
vt 0.916667 1.000000
vt 0.916667 0.000000
vt 0.937500 1.000000
vt 0.937500 0.000000
vt 0.958333 1.000000
vt 0.958333 0.000000
vt 0.979167 1.000000
vt 0.979167 0.000000
vt 1.000000 1.000000
vt 1.000000 0.000000
s 1
usemtl SVGMat.012
f 434/437/197 436/438/198 435/439/198 433/440/197
f 436/438/198 438/441/199 437/442/199 435/439/198
f 438/441/199 440/443/200 439/444/200 437/442/199
f 440/443/200 442/445/201 441/446/201 439/444/200
f 442/445/201 444/447/202 443/448/202 441/446/201
f 444/447/202 446/449/203 445/450/203 443/448/202
f 446/449/203 448/451/204 447/452/204 445/450/203
f 448/451/204 450/453/205 449/454/205 447/452/204
f 450/453/205 452/455/206 451/456/206 449/454/205
f 452/455/206 454/457/207 453/458/207 451/456/206
f 454/457/207 456/459/208 455/460/208 453/458/207
f 456/459/208 458/461/209 457/462/209 455/460/208
f 458/461/209 460/463/210 459/464/210 457/462/209
f 460/463/210 462/465/211 461/466/211 459/464/210
f 462/465/211 464/467/212 463/468/212 461/466/211
f 464/467/212 466/469/213 465/470/213 463/468/212
f 466/469/213 468/471/214 467/472/214 465/470/213
f 468/471/214 470/473/215 469/474/215 467/472/214
f 470/473/215 472/475/216 471/476/216 469/474/215
f 472/475/216 474/477/217 473/478/217 471/476/216
f 474/477/217 476/479/218 475/480/218 473/478/217
f 476/479/218 478/481/219 477/482/219 475/480/218
f 478/481/219 480/483/220 479/484/220 477/482/219
f 480/483/220 482/485/221 481/486/221 479/484/220
f 482/485/221 484/487/222 483/488/222 481/486/221
f 484/487/222 486/489/223 485/490/223 483/488/222
f 486/489/223 488/491/224 487/492/224 485/490/223
f 488/491/224 490/493/225 489/494/225 487/492/224
f 490/493/225 492/495/226 491/496/226 489/494/225
f 492/495/226 494/497/227 493/498/227 491/496/226
f 494/497/227 496/499/228 495/500/228 493/498/227
f 496/499/228 498/501/229 497/502/229 495/500/228
f 498/501/229 500/503/230 499/504/230 497/502/229
f 500/503/230 502/505/231 501/506/231 499/504/230
f 502/505/231 504/507/232 503/508/232 501/506/231
f 504/507/232 506/509/233 505/510/233 503/508/232
f 506/509/233 508/511/234 507/512/234 505/510/233
f 508/511/234 510/513/235 509/514/235 507/512/234
f 510/513/235 512/515/236 511/516/236 509/514/235
f 512/515/236 514/517/237 513/518/237 511/516/236
f 514/517/237 516/519/238 515/520/238 513/518/237
f 516/519/238 518/521/239 517/522/239 515/520/238
f 518/521/239 520/523/240 519/524/240 517/522/239
f 520/523/240 522/525/241 521/526/241 519/524/240
f 522/525/241 524/527/242 523/528/242 521/526/241
f 524/527/242 526/529/243 525/530/243 523/528/242
f 526/529/243 528/531/244 527/532/244 525/530/243
f 528/531/244 434/533/197 433/534/197 527/532/244
o Curve.001
v 675.496948 -143.120987 -195.972778
v 675.496948 143.120987 -195.972778
v 683.119080 -143.120987 -169.601807
v 683.119080 143.120987 -169.601807
v 688.184509 -143.120987 -143.112915
v 688.184509 143.120987 -143.112915
v 690.729370 -143.120987 -116.507690
v 690.729370 143.120987 -116.507690
v 690.789917 -143.120987 -89.787903
v 690.789917 143.120987 -89.787903
v 688.402283 -143.120987 -62.955200
v 688.402283 143.120987 -62.955200
v 683.602722 -143.120987 -36.011230
v 683.602722 143.120987 -36.011230
v 676.427429 -143.120987 -8.957581
v 676.427429 143.120987 -8.957581
v 666.912598 -143.120987 18.203979
v 666.912598 143.120987 18.203979
v 655.094360 -143.120987 45.471924
v 655.094360 143.120987 45.471924
v 641.008911 -143.120987 72.844421
v 641.008911 143.120987 72.844421
v 624.692566 -143.120987 100.319885
v 624.692566 143.120987 100.319885
v 606.181458 -143.120987 127.896729
v 606.181458 143.120987 127.896729
v 595.264771 -143.120987 64.333557
v 595.264771 143.120987 64.333557
v 572.639343 -143.120987 7.913818
v 572.639343 143.120987 7.913818
v 540.177368 -143.120987 -40.902893
v 540.177368 143.120987 -40.902893
v 499.750824 -143.120987 -81.656860
v 499.750824 143.120987 -81.656860
v 453.231812 -143.120987 -113.888428
v 453.231812 143.120987 -113.888428
v 402.492401 -143.120987 -137.138000
v 402.492401 143.120987 -137.138000
v 349.404663 -143.120987 -150.945801
v 349.404663 143.120987 -150.945801
v 295.840668 -143.120987 -154.852173
v 295.840668 143.120987 -154.852173
v 243.672546 -143.120987 -148.397583
v 243.672546 143.120987 -148.397583
v 194.772217 -143.120987 -131.122314
v 194.772217 143.120987 -131.122314
v 151.011902 -143.120987 -102.566650
v 151.011902 143.120987 -102.566650
v 114.263611 -143.120987 -62.271118
v 114.263611 143.120987 -62.271118
v 98.495361 -143.120987 -93.311523
v 98.495361 143.120987 -93.311523
v 87.124023 -143.120987 -123.232788
v 87.124023 143.120987 -123.232788
v 80.158081 -143.120987 -152.018250
v 80.158081 143.120987 -152.018250
v 77.605957 -143.120987 -179.651123
v 77.605957 143.120987 -179.651123
v 79.475952 -143.120987 -206.114746
v 79.475952 143.120987 -206.114746
v 85.776672 -143.120987 -231.392395
v 85.776672 143.120987 -231.392395
v 96.516479 -143.120987 -255.467224
v 96.516479 143.120987 -255.467224
v 111.703735 -143.120987 -278.322662
v 111.703735 143.120987 -278.322662
v 131.346863 -143.120987 -299.941895
v 131.346863 143.120987 -299.941895
v 155.454285 -143.120987 -320.308167
v 155.454285 143.120987 -320.308167
v 184.034546 -143.120987 -339.404755
v 184.034546 143.120987 -339.404755
v 217.096069 -143.120987 -357.214996
v 217.096069 143.120987 -357.214996
v 254.909119 -143.120987 -371.660583
v 254.909119 143.120987 -371.660583
v 296.554749 -143.120987 -380.561157
v 296.554749 143.120987 -380.561157
v 340.904236 -143.120987 -384.059296
v 340.904236 143.120987 -384.059296
v 386.828979 -143.120987 -382.297668
v 386.828979 143.120987 -382.297668
v 433.200317 -143.120987 -375.418945
v 433.200317 143.120987 -375.418945
v 478.889557 -143.120987 -363.565765
v 478.889557 143.120987 -363.565765
v 522.768066 -143.120987 -346.880829
v 522.768066 143.120987 -346.880829
v 563.707214 -143.120987 -325.506775
v 563.707214 143.120987 -325.506775
v 600.578308 -143.120987 -299.586273
v 600.578308 143.120987 -299.586273
v 632.252747 -143.120987 -269.262024
v 632.252747 143.120987 -269.262024
v 657.601868 -143.120987 -234.676636
v 657.601868 143.120987 -234.676636
vn 0.9369 -0.0000 -0.3497
vn 0.9725 -0.0000 -0.2330
vn 0.9899 -0.0000 -0.1417
vn 0.9988 -0.0000 -0.0488
vn 0.9991 -0.0000 0.0432
vn 0.9912 -0.0000 0.1321
vn 0.9764 -0.0000 0.2161
vn 0.9559 -0.0000 0.2937
vn 0.9313 -0.0000 0.3644
vn 0.9039 -0.0000 0.4278
vn 0.8749 -0.0000 0.4843
vn 0.8454 -0.0000 0.5342
vn -0.2090 -0.0000 0.9779
vn -0.9622 -0.0000 0.2723
vn -0.8851 -0.0000 0.4654
vn -0.7750 -0.0000 0.6320
vn -0.6424 -0.0000 0.7663
vn -0.4950 -0.0000 0.8689
vn -0.3354 -0.0000 0.9421
vn -0.1629 -0.0000 0.9866
vn 0.0251 -0.0000 0.9997
vn 0.2293 -0.0000 0.9734
vn 0.4429 -0.0000 0.8966
vn 0.6479 -0.0000 0.7618
vn -0.1343 -0.0000 0.9909
vn -0.9145 -0.0000 0.4047
vn -0.9552 -0.0000 0.2958
vn -0.9865 -0.0000 0.1640
vn -0.9999 -0.0000 0.0108
vn -0.9876 -0.0000 -0.1568
vn -0.9454 -0.0000 -0.3259
vn -0.8761 -0.0000 -0.4821
vn -0.7888 -0.0000 -0.6147
vn -0.6942 -0.0000 -0.7197
vn -0.6014 -0.0000 -0.7989
vn -0.5155 -0.0000 -0.8569
vn -0.4164 -0.0000 -0.9092
vn -0.2838 -0.0000 -0.9589
vn -0.1441 -0.0000 -0.9896
vn -0.0202 -0.0000 -0.9998
vn 0.0927 -0.0000 -0.9957
vn 0.1992 -0.0000 -0.9800
vn 0.3037 -0.0000 -0.9528
vn 0.4098 -0.0000 -0.9122
vn 0.5201 -0.0000 -0.8541
vn 0.6351 -0.0000 -0.7724
vn 0.7519 -0.0000 -0.6593
vn 0.8614 -0.0000 -0.5079
vt 0.000000 1.000000
vt 0.020833 1.000000
vt 0.020833 0.000000
vt 0.000000 0.000000
vt 0.041667 1.000000
vt 0.041667 0.000000
vt 0.062500 1.000000
vt 0.062500 0.000000
vt 0.083333 1.000000
vt 0.083333 0.000000
vt 0.104167 1.000000
vt 0.104167 0.000000
vt 0.125000 1.000000
vt 0.125000 0.000000
vt 0.145833 1.000000
vt 0.145833 0.000000
vt 0.166667 1.000000
vt 0.166667 0.000000
vt 0.187500 1.000000
vt 0.187500 0.000000
vt 0.208333 1.000000
vt 0.208333 0.000000
vt 0.229167 1.000000
vt 0.229167 0.000000
vt 0.250000 1.000000
vt 0.250000 0.000000
vt 0.270833 1.000000
vt 0.270833 0.000000
vt 0.291667 1.000000
vt 0.291667 0.000000
vt 0.312500 1.000000
vt 0.312500 0.000000
vt 0.333333 1.000000
vt 0.333333 0.000000
vt 0.354167 1.000000
vt 0.354167 0.000000
vt 0.375000 1.000000
vt 0.375000 0.000000
vt 0.395833 1.000000
vt 0.395833 0.000000
vt 0.416667 1.000000
vt 0.416667 0.000000
vt 0.437500 1.000000
vt 0.437500 0.000000
vt 0.458333 1.000000
vt 0.458333 0.000000
vt 0.479167 1.000000
vt 0.479167 0.000000
vt 0.500000 1.000000
vt 0.500000 0.000000
vt 0.520833 1.000000
vt 0.520833 0.000000
vt 0.541667 1.000000
vt 0.541667 0.000000
vt 0.562500 1.000000
vt 0.562500 0.000000
vt 0.583333 1.000000
vt 0.583333 0.000000
vt 0.604167 1.000000
vt 0.604167 0.000000
vt 0.625000 1.000000
vt 0.625000 0.000000
vt 0.645833 1.000000
vt 0.645833 0.000000
vt 0.666667 1.000000
vt 0.666667 0.000000
vt 0.687500 1.000000
vt 0.687500 0.000000
vt 0.708333 1.000000
vt 0.708333 0.000000
vt 0.729167 1.000000
vt 0.729167 0.000000
vt 0.750000 1.000000
vt 0.750000 0.000000
vt 0.770833 1.000000
vt 0.770833 0.000000
vt 0.791667 1.000000
vt 0.791667 0.000000
vt 0.812500 1.000000
vt 0.812500 0.000000
vt 0.833333 1.000000
vt 0.833333 0.000000
vt 0.854167 1.000000
vt 0.854167 0.000000
vt 0.875000 1.000000
vt 0.875000 0.000000
vt 0.895833 1.000000
vt 0.895833 0.000000
vt 0.916667 1.000000
vt 0.916667 0.000000
vt 0.937500 1.000000
vt 0.937500 0.000000
vt 0.958333 1.000000
vt 0.958333 0.000000
vt 0.979167 1.000000
vt 0.979167 0.000000
vt 1.000000 1.000000
vt 1.000000 0.000000
s 1
usemtl SVGMat.012
f 530/535/245 532/536/246 531/537/246 529/538/245
f 532/536/246 534/539/247 533/540/247 531/537/246
f 534/539/247 536/541/248 535/542/248 533/540/247
f 536/541/248 538/543/249 537/544/249 535/542/248
f 538/543/249 540/545/250 539/546/250 537/544/249
f 540/545/250 542/547/251 541/548/251 539/546/250
f 542/547/251 544/549/252 543/550/252 541/548/251
f 544/549/252 546/551/253 545/552/253 543/550/252
f 546/551/253 548/553/254 547/554/254 545/552/253
f 548/553/254 550/555/255 549/556/255 547/554/254
f 550/555/255 552/557/256 551/558/256 549/556/255
f 552/557/256 554/559/257 553/560/257 551/558/256
f 554/559/257 556/561/258 555/562/258 553/560/257
f 556/561/258 558/563/259 557/564/259 555/562/258
f 558/563/259 560/565/260 559/566/260 557/564/259
f 560/565/260 562/567/261 561/568/261 559/566/260
f 562/567/261 564/569/262 563/570/262 561/568/261
f 564/569/262 566/571/263 565/572/263 563/570/262
f 566/571/263 568/573/264 567/574/264 565/572/263
f 568/573/264 570/575/265 569/576/265 567/574/264
f 570/575/265 572/577/266 571/578/266 569/576/265
f 572/577/266 574/579/267 573/580/267 571/578/266
f 574/579/267 576/581/268 575/582/268 573/580/267
f 576/581/268 578/583/269 577/584/269 575/582/268
f 578/583/269 580/585/270 579/586/270 577/584/269
f 580/585/270 582/587/271 581/588/271 579/586/270
f 582/587/271 584/589/272 583/590/272 581/588/271
f 584/589/272 586/591/273 585/592/273 583/590/272
f 586/591/273 588/593/274 587/594/274 585/592/273
f 588/593/274 590/595/275 589/596/275 587/594/274
f 590/595/275 592/597/276 591/598/276 589/596/275
f 592/597/276 594/599/277 593/600/277 591/598/276
f 594/599/277 596/601/278 595/602/278 593/600/277
f 596/601/278 598/603/279 597/604/279 595/602/278
f 598/603/279 600/605/280 599/606/280 597/604/279
f 600/605/280 602/607/281 601/608/281 599/606/280
f 602/607/281 604/609/282 603/610/282 601/608/281
f 604/609/282 606/611/283 605/612/283 603/610/282
f 606/611/283 608/613/284 607/614/284 605/612/283
f 608/613/284 610/615/285 609/616/285 607/614/284
f 610/615/285 612/617/286 611/618/286 609/616/285
f 612/617/286 614/619/287 613/620/287 611/618/286
f 614/619/287 616/621/288 615/622/288 613/620/287
f 616/621/288 618/623/289 617/624/289 615/622/288
f 618/623/289 620/625/290 619/626/290 617/624/289
f 620/625/290 622/627/291 621/628/291 619/626/290
f 622/627/291 624/629/292 623/630/292 621/628/291
f 624/629/292 530/631/245 529/632/245 623/630/292
o Curve.002
v 314.106018 -143.120987 -420.821564
v 314.106018 143.120987 -420.821564
v 261.919495 -143.120987 -405.238434
v 261.919495 143.120987 -405.238434
v 213.936340 -143.120987 -387.841614
v 213.936340 143.120987 -387.841614
v 170.400940 -143.120987 -368.525543
v 170.400940 143.120987 -368.525543
v 131.557983 -143.120987 -347.184814
v 131.557983 143.120987 -347.184814
v 97.651733 -143.120987 -323.713867
v 97.651733 143.120987 -323.713867
v 68.926819 -143.120987 -298.007263
v 68.926819 143.120987 -298.007263
v 45.627747 -143.120987 -269.959473
v 45.627747 143.120987 -269.959473
v 27.998840 -143.120987 -239.465027
v 27.998840 143.120987 -239.465027
v 16.284729 -143.120987 -206.418457
v 16.284729 143.120987 -206.418457
v 10.729919 -143.120987 -170.714294
v 10.729919 143.120987 -170.714294
v 11.578796 -143.120987 -132.246948
v 11.578796 143.120987 -132.246948
v 19.075867 -143.120987 -90.911011
v 19.075867 143.120987 -90.911011
v 12.810181 -143.120987 -94.923462
v 12.810181 143.120987 -94.923462
v 6.673340 -143.120987 -99.145447
v 6.673340 143.120987 -99.145447
v 0.663635 -143.120987 -103.573853
v 0.663635 143.120987 -103.573853
v -5.220764 -143.120987 -108.205750
v -5.220764 143.120987 -108.205750
v -10.981812 -143.120987 -113.038147
v -10.981812 143.120987 -113.038147
v -16.621216 -143.120987 -118.068054
v -16.621216 143.120987 -118.068054
v -22.140869 -143.120987 -123.292664
v -22.140869 143.120987 -123.292664
v -27.542725 -143.120987 -128.708801
v -27.542725 143.120987 -128.708801
v -32.828430 -143.120987 -134.313721
v -32.828430 143.120987 -134.313721
v -37.999878 -143.120987 -140.104309
v -37.999878 143.120987 -140.104309
v -43.058960 -143.120987 -146.077637
v -43.058960 143.120987 -146.077637
v -48.007507 -143.120987 -152.230774
v -48.007507 143.120987 -152.230774
v -56.088867 -143.120987 -161.929626
v -56.088867 143.120987 -161.929626
v -64.656128 -143.120987 -171.074036
v -64.656128 143.120987 -171.074036
v -73.658875 -143.120987 -179.667358
v -73.658875 143.120987 -179.667358
v -83.046753 -143.120987 -187.712769
v -83.046753 143.120987 -187.712769
v -92.769226 -143.120987 -195.213562
v -92.769226 143.120987 -195.213562
v -102.775818 -143.120987 -202.172913
v -102.775818 143.120987 -202.172913
v -113.016296 -143.120987 -208.594116
v -113.016296 143.120987 -208.594116
v -123.440063 -143.120987 -214.480469
v -123.440063 143.120987 -214.480469
v -133.996765 -143.120987 -219.835144
v -133.996765 143.120987 -219.835144
v -144.636047 -143.120987 -224.661499
v -144.636047 143.120987 -224.661499
v -155.307312 -143.120987 -228.962646
v -155.307312 143.120987 -228.962646
v -165.960388 -143.120987 -232.741943
v -165.960388 143.120987 -232.741943
v -197.075256 -143.120987 -241.794006
v -197.075256 143.120987 -241.794006
v -227.106750 -143.120987 -247.941223
v -227.106750 143.120987 -247.941223
v -255.944214 -143.120987 -251.085754
v -255.944214 143.120987 -251.085754
v -283.477295 -143.120987 -251.129761
v -283.477295 143.120987 -251.129761
v -309.595337 -143.120987 -247.975281
v -309.595337 143.120987 -247.975281
v -334.187866 -143.120987 -241.524414
v -334.187866 143.120987 -241.524414
v -357.144043 -143.120987 -231.679382
v -357.144043 143.120987 -231.679382
v -378.353760 -143.120987 -218.342285
v -378.353760 143.120987 -218.342285
v -397.706055 -143.120987 -201.415222
v -397.706055 143.120987 -201.415222
v -415.090576 -143.120987 -180.800293
v -415.090576 143.120987 -180.800293
v -430.396606 -143.120987 -156.399719
v -430.396606 143.120987 -156.399719
v -443.513916 -143.120987 -128.115479
v -443.513916 143.120987 -128.115479
v -460.320557 -143.120987 -145.603516
v -460.320557 143.120987 -145.603516
v -474.096680 -143.120987 -162.902161
v -474.096680 143.120987 -162.902161
v -484.900146 -143.120987 -180.015076
v -484.900146 143.120987 -180.015076
v -492.788818 -143.120987 -196.945801
v -492.788818 143.120987 -196.945801
v -497.820435 -143.120987 -213.698059
v -497.820435 143.120987 -213.698059
v -500.052856 -143.120987 -230.275330
v -500.052856 143.120987 -230.275330
v -499.544067 -143.120987 -246.681396
v -499.544067 143.120987 -246.681396
v -496.351807 -143.120987 -262.919739
v -496.351807 143.120987 -262.919739
v -490.534058 -143.120987 -278.993988
v -490.534058 143.120987 -278.993988
v -482.148560 -143.120987 -294.907867
v -482.148560 143.120987 -294.907867
v -471.253296 -143.120987 -310.664917
v -471.253296 143.120987 -310.664917
v -457.905640 -143.120987 -326.268768
v -457.905640 143.120987 -326.268768
v -436.990845 -143.120987 -345.517853
v -436.990845 143.120987 -345.517853
v -413.969482 -143.120987 -361.071838
v -413.969482 143.120987 -361.071838
v -388.950684 -143.120987 -373.096771
v -388.950684 143.120987 -373.096771
v -362.044067 -143.120987 -381.758636
v -362.044067 143.120987 -381.758636
v -333.358887 -143.120987 -387.223511
v -333.358887 143.120987 -387.223511
v -303.004272 -143.120987 -389.657379
v -303.004272 143.120987 -389.657379
v -271.089844 -143.120987 -389.226257
v -271.089844 143.120987 -389.226257
v -237.724915 -143.120987 -386.096222
v -237.724915 143.120987 -386.096222
v -203.018616 -143.120987 -380.433228
v -203.018616 143.120987 -380.433228
v -167.080444 -143.120987 -372.403320
v -167.080444 143.120987 -372.403320
v -130.019836 -143.120987 -362.172546
v -130.019836 143.120987 -362.172546
v -91.945923 -143.120987 -349.906952
v -91.945923 143.120987 -349.906952
v -94.298096 -143.120987 -379.585175
v -94.298096 143.120987 -379.585175
v -101.130066 -143.120987 -407.121368
v -101.130066 143.120987 -407.121368
v -112.333923 -143.120987 -432.567108
v -112.333923 143.120987 -432.567108
v -127.801941 -143.120987 -455.973907
v -127.801941 143.120987 -455.973907
v -147.426270 -143.120987 -477.393311
v -147.426270 143.120987 -477.393311
v -171.099060 -143.120987 -496.876923
v -171.099060 143.120987 -496.876923
v -198.712463 -143.120987 -514.476318
v -198.712463 143.120987 -514.476318
v -230.158691 -143.120987 -530.242920
v -230.158691 143.120987 -530.242920
v -265.329834 -143.120987 -544.228455
v -265.329834 143.120987 -544.228455
v -304.118164 -143.120987 -556.484375
v -304.118164 143.120987 -556.484375
v -346.415771 -143.120987 -567.062256
v -346.415771 143.120987 -567.062256
v -392.114868 -143.120987 -576.013672
v -392.114868 143.120987 -576.013672
v -392.681152 -143.120987 -577.247253
v -392.681152 143.120987 -577.247253
v -394.246948 -143.120987 -580.657715
v -394.246948 143.120987 -580.657715
v -396.612183 -143.120987 -585.809631
v -396.612183 143.120987 -585.809631
v -399.577148 -143.120987 -592.267761
v -399.577148 143.120987 -592.267761
v -402.941895 -143.120987 -599.596619
v -402.941895 143.120987 -599.596619
v -406.506592 -143.120987 -607.360840
v -406.506592 143.120987 -607.360840
v -410.071167 -143.120987 -615.125061
v -410.071167 143.120987 -615.125061
v -413.435913 -143.120987 -622.453857
v -413.435913 143.120987 -622.453857
v -416.400879 -143.120987 -628.911987
v -416.400879 143.120987 -628.911987
v -418.766113 -143.120987 -634.063965
v -418.766113 143.120987 -634.063965
v -420.331909 -143.120987 -637.474365
v -420.331909 143.120987 -637.474365
v -420.898438 -143.120987 -638.708008
v -420.898438 143.120987 -638.708008
v -366.745117 -143.120987 -640.161987
v -366.745117 143.120987 -640.161987
v -315.847534 -143.120987 -643.430298
v -315.847534 143.120987 -643.430298
v -268.251343 -143.120987 -648.538330
v -268.251343 143.120987 -648.538330
v -224.001953 -143.120987 -655.511475
v -224.001953 143.120987 -655.511475
v -183.145081 -143.120987 -664.375244
v -183.145081 143.120987 -664.375244
v -145.726379 -143.120987 -675.154907
v -145.726379 143.120987 -675.154907
v -111.791382 -143.120987 -687.875916
v -111.791382 143.120987 -687.875916
v -81.385681 -143.120987 -702.563660
v -81.385681 143.120987 -702.563660
v -54.554871 -143.120987 -719.243591
v -54.554871 143.120987 -719.243591
v -31.344666 -143.120987 -737.940979
v -31.344666 143.120987 -737.940979
v -11.800537 -143.120987 -758.681396
v -11.800537 143.120987 -758.681396
v 4.031860 -143.120987 -781.490112
v 4.031860 143.120987 -781.490112
v 25.311218 -143.120987 -756.730408
v 25.311218 143.120987 -756.730408
v 49.103882 -143.120987 -734.210388
v 49.103882 143.120987 -734.210388
v 75.432617 -143.120987 -713.950317
v 75.432617 143.120987 -713.950317
v 104.320251 -143.120987 -695.970581
v 104.320251 143.120987 -695.970581
v 135.789429 -143.120987 -680.291260
v 135.789429 143.120987 -680.291260
v 169.862854 -143.120987 -666.932739
v 169.862854 143.120987 -666.932739
v 206.563416 -143.120987 -655.915283
v 206.563416 143.120987 -655.915283
v 245.913696 -143.120987 -647.259155
v 245.913696 143.120987 -647.259155
v 287.936584 -143.120987 -640.984497
v 287.936584 143.120987 -640.984497
v 332.654785 -143.120987 -637.111755
v 332.654785 143.120987 -637.111755
v 380.091034 -143.120987 -635.661072
v 380.091034 143.120987 -635.661072
v 430.268127 -143.120987 -636.652832
v 430.268127 143.120987 -636.652832
v 429.782684 -143.120987 -635.459656
v 429.782684 143.120987 -635.459656
v 428.440643 -143.120987 -632.161011
v 428.440643 143.120987 -632.161011
v 426.413269 -143.120987 -627.177917
v 426.413269 143.120987 -627.177917
v 423.871918 -143.120987 -620.931519
v 423.871918 143.120987 -620.931519
v 420.987915 -143.120987 -613.842896
v 420.987915 143.120987 -613.842896
v 417.932556 -143.120987 -606.333191
v 417.932556 143.120987 -606.333191
v 414.877258 -143.120987 -598.823486
v 414.877258 143.120987 -598.823486
v 411.993256 -143.120987 -591.734863
v 411.993256 143.120987 -591.734863
v 409.451904 -143.120987 -585.488464
v 409.451904 143.120987 -585.488464
v 407.424500 -143.120987 -580.505371
v 407.424500 143.120987 -580.505371
v 406.082458 -143.120987 -577.206665
v 406.082458 143.120987 -577.206665
v 405.597107 -143.120987 -576.013611
v 405.597107 143.120987 -576.013611
v 363.821350 -143.120987 -569.496033
v 363.821350 143.120987 -569.496033
v 325.155334 -143.120987 -561.005432
v 325.155334 143.120987 -561.005432
v 289.571106 -143.120987 -550.559570
v 289.571106 143.120987 -550.559570
v 257.040588 -143.120987 -538.176147
v 257.040588 143.120987 -538.176147
v 227.535767 -143.120987 -523.873047
v 227.535767 143.120987 -523.873047
v 201.028748 -143.120987 -507.667908
v 201.028748 143.120987 -507.667908
v 177.491394 -143.120987 -489.578552
v 177.491394 143.120987 -489.578552
v 156.895813 -143.120987 -469.622742
v 156.895813 143.120987 -469.622742
v 139.213989 -143.120987 -447.818237
v 139.213989 143.120987 -447.818237
v 124.417847 -143.120987 -424.182770
v 124.417847 143.120987 -424.182770
v 112.479492 -143.120987 -398.734100
v 112.479492 143.120987 -398.734100
v 103.371033 -143.120987 -371.490051
v 103.371033 143.120987 -371.490051
v 122.942810 -143.120987 -381.631287
v 122.942810 143.120987 -381.631287
v 142.103271 -143.120987 -390.538879
v 142.103271 143.120987 -390.538879
v 160.866211 -143.120987 -398.253998
v 160.866211 143.120987 -398.253998
v 179.245361 -143.120987 -404.817841
v 179.245361 143.120987 -404.817841
v 197.254333 -143.120987 -410.271545
v 197.254333 143.120987 -410.271545
v 214.906860 -143.120987 -414.656281
v 214.906860 143.120987 -414.656281
v 232.216797 -143.120987 -418.013214
v 232.216797 143.120987 -418.013214
v 249.197693 -143.120987 -420.383514
v 249.197693 143.120987 -420.383514
v 265.863373 -143.120987 -421.808319
v 265.863373 143.120987 -421.808319
v 282.227478 -143.120987 -422.328796
v 282.227478 143.120987 -422.328796
v 298.303833 -143.120987 -421.986176
v 298.303833 143.120987 -421.986176
vn 0.9941 -0.0000 -0.1081
vn 0.3136 -0.0000 0.9495
vn 0.3734 -0.0000 0.9277
vn 0.4439 -0.0000 0.8961
vn 0.5260 -0.0000 0.8505
vn 0.6192 -0.0000 0.7852
vn 0.7200 -0.0000 0.6940
vn 0.8204 -0.0000 0.5718
vn 0.9080 -0.0000 0.4191
vn 0.9695 -0.0000 0.2450
vn 0.9978 -0.0000 0.0661
vn 0.9949 -0.0000 -0.1006
vn 0.5566 -0.0000 0.8308
vn -0.5531 -0.0000 0.8331
vn -0.5801 -0.0000 0.8146
vn -0.6059 -0.0000 0.7955
vn -0.6307 -0.0000 0.7761
vn -0.6542 -0.0000 0.7563
vn -0.6766 -0.0000 0.7363
vn -0.6978 -0.0000 0.7163
vn -0.7179 -0.0000 0.6962
vn -0.7368 -0.0000 0.6762
vn -0.7545 -0.0000 0.6563
vn -0.7712 -0.0000 0.6365
vn -0.7738 -0.0000 0.6334
vn -0.7493 -0.0000 0.6622
vn -0.7104 -0.0000 0.7038
vn -0.6708 -0.0000 0.7416
vn -0.6310 -0.0000 0.7758
vn -0.5911 -0.0000 0.8066
vn -0.5513 -0.0000 0.8343
vn -0.5116 -0.0000 0.8592
vn -0.4722 -0.0000 0.8815
vn -0.4328 -0.0000 0.9015
vn -0.3936 -0.0000 0.9193
vn -0.3542 -0.0000 0.9352
vn -0.3070 -0.0000 0.9517
vn -0.2401 -0.0000 0.9707
vn -0.1546 -0.0000 0.9880
vn -0.0551 -0.0000 0.9985
vn 0.0593 -0.0000 0.9982
vn 0.1873 -0.0000 0.9823
vn 0.3248 -0.0000 0.9458
vn 0.4647 -0.0000 0.8855
vn 0.5972 -0.0000 0.8021
vn 0.7135 -0.0000 0.7007
vn 0.8078 -0.0000 0.5895
vn 0.8789 -0.0000 0.4770
vn 0.1649 -0.0000 0.9863
vn -0.7524 -0.0000 0.6587
vn -0.8151 -0.0000 0.5793
vn -0.8778 -0.0000 0.4790
vn -0.9345 -0.0000 0.3559
vn -0.9774 -0.0000 0.2112
vn -0.9987 -0.0000 0.0514
vn -0.9937 -0.0000 -0.1123
vn -0.9636 -0.0000 -0.2674
vn -0.9147 -0.0000 -0.4042
vn -0.8551 -0.0000 -0.5184
vn -0.7923 -0.0000 -0.6102
vn -0.7198 -0.0000 -0.6941
vn -0.6203 -0.0000 -0.7844
vn -0.4978 -0.0000 -0.8673
vn -0.3707 -0.0000 -0.9288
vn -0.2473 -0.0000 -0.9689
vn -0.1337 -0.0000 -0.9910
vn -0.0332 -0.0000 -0.9994
vn 0.0535 -0.0000 -0.9986
vn 0.1273 -0.0000 -0.9919
vn 0.1896 -0.0000 -0.9819
vn 0.2422 -0.0000 -0.9702
vn 0.2864 -0.0000 -0.9581
vn -0.9870 -0.0000 0.1604
vn -0.9464 -0.0000 0.3231
vn -0.8779 -0.0000 0.4789
vn -0.7883 -0.0000 0.6153
vn -0.6881 -0.0000 0.7256
vn -0.5876 -0.0000 0.8092
vn -0.4935 -0.0000 0.8698
vn -0.4092 -0.0000 0.9124
vn -0.3356 -0.0000 0.9420
vn -0.2721 -0.0000 0.9623
vn -0.2175 -0.0000 0.9761
vn -0.6186 -0.0000 0.7857
vn -0.9088 -0.0000 0.4172
vn -0.9088 -0.0000 0.4173
vn -0.8490 -0.0000 -0.5284
vn -0.0455 -0.0000 -0.9990
vn -0.0854 -0.0000 -0.9963
vn -0.1312 -0.0000 -0.9914
vn -0.1839 -0.0000 -0.9829
vn -0.2446 -0.0000 -0.9696
vn -0.3142 -0.0000 -0.9494
vn -0.3934 -0.0000 -0.9194
vn -0.4821 -0.0000 -0.8761
vn -0.5787 -0.0000 -0.8155
vn -0.6792 -0.0000 -0.7340
vn -0.7768 -0.0000 -0.6298
vn -0.0516 -0.0000 -0.9987
vn 0.7239 -0.0000 -0.6899
vn 0.6495 -0.0000 -0.7604
vn 0.5698 -0.0000 -0.8218
vn 0.4877 -0.0000 -0.8730
vn 0.4059 -0.0000 -0.9139
vn 0.3265 -0.0000 -0.9452
vn 0.2514 -0.0000 -0.9679
vn 0.1814 -0.0000 -0.9834
vn 0.1170 -0.0000 -0.9931
vn 0.0584 -0.0000 -0.9983
vn 0.0054 -0.0000 -1.0000
vn 0.8242 -0.0000 -0.5664
vn 0.9263 -0.0000 0.3769
vn 0.9263 -0.0000 0.3768
vn 0.6207 -0.0000 0.7841
vn 0.1844 -0.0000 0.9829
vn 0.2482 -0.0000 0.9687
vn 0.3190 -0.0000 0.9478
vn 0.3964 -0.0000 0.9181
vn 0.4795 -0.0000 0.8776
vn 0.5663 -0.0000 0.8242
vn 0.6537 -0.0000 0.7568
vn 0.7376 -0.0000 0.6752
vn 0.8137 -0.0000 0.5813
vn 0.8781 -0.0000 0.4785
vn 0.9284 -0.0000 0.3715
vn 0.6501 -0.0000 -0.7599
vn -0.4409 -0.0000 -0.8975
vn -0.4010 -0.0000 -0.9161
vn -0.3584 -0.0000 -0.9336
vn -0.3132 -0.0000 -0.9497
vn -0.2655 -0.0000 -0.9641
vn -0.2158 -0.0000 -0.9764
vn -0.1644 -0.0000 -0.9864
vn -0.1118 -0.0000 -0.9937
vn -0.0585 -0.0000 -0.9983
vn -0.0052 -0.0000 -1.0000
vn 0.0474 -0.0000 -0.9989
vt 0.000000 1.000000
vt 0.006410 1.000000
vt 0.006410 0.000000
vt 0.000000 0.000000
vt 0.012821 1.000000
vt 0.012821 0.000000
vt 0.019231 1.000000
vt 0.019231 0.000000
vt 0.025641 1.000000
vt 0.025641 0.000000
vt 0.032051 1.000000
vt 0.032051 0.000000
vt 0.038462 1.000000
vt 0.038462 0.000000
vt 0.044872 1.000000
vt 0.044872 0.000000
vt 0.051282 1.000000
vt 0.051282 0.000000
vt 0.057692 1.000000
vt 0.057692 0.000000
vt 0.064103 1.000000
vt 0.064103 0.000000
vt 0.070513 1.000000
vt 0.070513 0.000000
vt 0.076923 1.000000
vt 0.076923 0.000000
vt 0.083333 1.000000
vt 0.083333 0.000000
vt 0.089744 1.000000
vt 0.089744 0.000000
vt 0.096154 1.000000
vt 0.096154 0.000000
vt 0.102564 1.000000
vt 0.102564 0.000000
vt 0.108974 1.000000
vt 0.108974 0.000000
vt 0.115385 1.000000
vt 0.115385 0.000000
vt 0.121795 1.000000
vt 0.121795 0.000000
vt 0.128205 1.000000
vt 0.128205 0.000000
vt 0.134615 1.000000
vt 0.134615 0.000000
vt 0.141026 1.000000
vt 0.141026 0.000000
vt 0.147436 1.000000
vt 0.147436 0.000000
vt 0.153846 1.000000
vt 0.153846 0.000000
vt 0.160256 1.000000
vt 0.160256 0.000000
vt 0.166667 1.000000
vt 0.166667 0.000000
vt 0.173077 1.000000
vt 0.173077 0.000000
vt 0.179487 1.000000
vt 0.179487 0.000000
vt 0.185897 1.000000
vt 0.185897 0.000000
vt 0.192308 1.000000
vt 0.192308 0.000000
vt 0.198718 1.000000
vt 0.198718 0.000000
vt 0.205128 1.000000
vt 0.205128 0.000000
vt 0.211538 1.000000
vt 0.211538 0.000000
vt 0.217949 1.000000
vt 0.217949 0.000000
vt 0.224359 1.000000
vt 0.224359 0.000000
vt 0.230769 1.000000
vt 0.230769 0.000000
vt 0.237179 1.000000
vt 0.237179 0.000000
vt 0.243590 1.000000
vt 0.243590 0.000000
vt 0.250000 1.000000
vt 0.250000 0.000000
vt 0.256410 1.000000
vt 0.256410 0.000000
vt 0.262821 1.000000
vt 0.262821 0.000000
vt 0.269231 1.000000
vt 0.269231 0.000000
vt 0.275641 1.000000
vt 0.275641 0.000000
vt 0.282051 1.000000
vt 0.282051 0.000000
vt 0.288462 1.000000
vt 0.288462 0.000000
vt 0.294872 1.000000
vt 0.294872 0.000000
vt 0.301282 1.000000
vt 0.301282 0.000000
vt 0.307692 1.000000
vt 0.307692 0.000000
vt 0.314103 1.000000
vt 0.314103 0.000000
vt 0.320513 1.000000
vt 0.320513 0.000000
vt 0.326923 1.000000
vt 0.326923 0.000000
vt 0.333333 1.000000
vt 0.333333 0.000000
vt 0.339744 1.000000
vt 0.339744 0.000000
vt 0.346154 1.000000
vt 0.346154 0.000000
vt 0.352564 1.000000
vt 0.352564 0.000000
vt 0.358974 1.000000
vt 0.358974 0.000000
vt 0.365385 1.000000
vt 0.365385 0.000000
vt 0.371795 1.000000
vt 0.371795 0.000000
vt 0.378205 1.000000
vt 0.378205 0.000000
vt 0.384615 1.000000
vt 0.384615 0.000000
vt 0.391026 1.000000
vt 0.391026 0.000000
vt 0.397436 1.000000
vt 0.397436 0.000000
vt 0.403846 1.000000
vt 0.403846 0.000000
vt 0.410256 1.000000
vt 0.410256 0.000000
vt 0.416667 1.000000
vt 0.416667 0.000000
vt 0.423077 1.000000
vt 0.423077 0.000000
vt 0.429487 1.000000
vt 0.429487 0.000000
vt 0.435897 1.000000
vt 0.435897 0.000000
vt 0.442308 1.000000
vt 0.442308 0.000000
vt 0.448718 1.000000
vt 0.448718 0.000000
vt 0.455128 1.000000
vt 0.455128 0.000000
vt 0.461538 1.000000
vt 0.461538 0.000000
vt 0.467949 1.000000
vt 0.467949 0.000000
vt 0.474359 1.000000
vt 0.474359 0.000000
vt 0.480769 1.000000
vt 0.480769 0.000000
vt 0.487179 1.000000
vt 0.487179 0.000000
vt 0.493590 1.000000
vt 0.493590 0.000000
vt 0.500000 1.000000
vt 0.500000 0.000000
vt 0.506410 1.000000
vt 0.506410 0.000000
vt 0.512821 1.000000
vt 0.512821 0.000000
vt 0.519231 1.000000
vt 0.519231 0.000000
vt 0.525641 1.000000
vt 0.525641 0.000000
vt 0.532051 1.000000
vt 0.532051 0.000000
vt 0.538462 1.000000
vt 0.538462 0.000000
vt 0.544872 1.000000
vt 0.544872 0.000000
vt 0.551282 1.000000
vt 0.551282 0.000000
vt 0.557692 1.000000
vt 0.557692 0.000000
vt 0.564103 1.000000
vt 0.564103 0.000000
vt 0.570513 1.000000
vt 0.570513 0.000000
vt 0.576923 1.000000
vt 0.576923 0.000000
vt 0.583333 1.000000
vt 0.583333 0.000000
vt 0.589744 1.000000
vt 0.589744 0.000000
vt 0.596154 1.000000
vt 0.596154 0.000000
vt 0.602564 1.000000
vt 0.602564 0.000000
vt 0.608974 1.000000
vt 0.608974 0.000000
vt 0.615385 1.000000
vt 0.615385 0.000000
vt 0.621795 1.000000
vt 0.621795 0.000000
vt 0.628205 1.000000
vt 0.628205 0.000000
vt 0.634615 1.000000
vt 0.634615 0.000000
vt 0.641026 1.000000
vt 0.641026 0.000000
vt 0.647436 1.000000
vt 0.647436 0.000000
vt 0.653846 1.000000
vt 0.653846 0.000000
vt 0.660256 1.000000
vt 0.660256 0.000000
vt 0.666667 1.000000
vt 0.666667 0.000000
vt 0.673077 1.000000
vt 0.673077 0.000000
vt 0.679487 1.000000
vt 0.679487 0.000000
vt 0.685897 1.000000
vt 0.685897 0.000000
vt 0.692308 1.000000
vt 0.692308 0.000000
vt 0.698718 1.000000
vt 0.698718 0.000000
vt 0.705128 1.000000
vt 0.705128 0.000000
vt 0.711538 1.000000
vt 0.711538 0.000000
vt 0.717949 1.000000
vt 0.717949 0.000000
vt 0.724359 1.000000
vt 0.724359 0.000000
vt 0.730769 1.000000
vt 0.730769 0.000000
vt 0.737179 1.000000
vt 0.737179 0.000000
vt 0.743590 1.000000
vt 0.743590 0.000000
vt 0.750000 1.000000
vt 0.750000 0.000000
vt 0.756410 1.000000
vt 0.756410 0.000000
vt 0.762821 1.000000
vt 0.762821 0.000000
vt 0.769231 1.000000
vt 0.769231 0.000000
vt 0.775641 1.000000
vt 0.775641 0.000000
vt 0.782051 1.000000
vt 0.782051 0.000000
vt 0.788462 1.000000
vt 0.788462 0.000000
vt 0.794872 1.000000
vt 0.794872 0.000000
vt 0.801282 1.000000
vt 0.801282 0.000000
vt 0.807692 1.000000
vt 0.807692 0.000000
vt 0.814103 1.000000
vt 0.814103 0.000000
vt 0.820513 1.000000
vt 0.820513 0.000000
vt 0.826923 1.000000
vt 0.826923 0.000000
vt 0.833333 1.000000
vt 0.833333 0.000000
vt 0.839744 1.000000
vt 0.839744 0.000000
vt 0.846154 1.000000
vt 0.846154 0.000000
vt 0.852564 1.000000
vt 0.852564 0.000000
vt 0.858974 1.000000
vt 0.858974 0.000000
vt 0.865385 1.000000
vt 0.865385 0.000000
vt 0.871795 1.000000
vt 0.871795 0.000000
vt 0.878205 1.000000
vt 0.878205 0.000000
vt 0.884615 1.000000
vt 0.884615 0.000000
vt 0.891026 1.000000
vt 0.891026 0.000000
vt 0.897436 1.000000
vt 0.897436 0.000000
vt 0.903846 1.000000
vt 0.903846 0.000000
vt 0.910256 1.000000
vt 0.910256 0.000000
vt 0.916667 1.000000
vt 0.916667 0.000000
vt 0.923077 1.000000
vt 0.923077 0.000000
vt 0.929487 1.000000
vt 0.929487 0.000000
vt 0.935897 1.000000
vt 0.935897 0.000000
vt 0.942308 1.000000
vt 0.942308 0.000000
vt 0.948718 1.000000
vt 0.948718 0.000000
vt 0.955128 1.000000
vt 0.955128 0.000000
vt 0.961538 1.000000
vt 0.961538 0.000000
vt 0.967949 1.000000
vt 0.967949 0.000000
vt 0.974359 1.000000
vt 0.974359 0.000000
vt 0.980769 1.000000
vt 0.980769 0.000000
vt 0.987179 1.000000
vt 0.987179 0.000000
vt 0.993590 1.000000
vt 0.993590 0.000000
vt 1.000000 1.000000
vt 1.000000 0.000000
s 1
usemtl SVGMat.012
f 626/633/293 628/634/294 627/635/294 625/636/293
f 628/634/294 630/637/295 629/638/295 627/635/294
f 630/637/295 632/639/296 631/640/296 629/638/295
f 632/639/296 634/641/297 633/642/297 631/640/296
f 634/641/297 636/643/298 635/644/298 633/642/297
f 636/643/298 638/645/299 637/646/299 635/644/298
f 638/645/299 640/647/300 639/648/300 637/646/299
f 640/647/300 642/649/301 641/650/301 639/648/300
f 642/649/301 644/651/302 643/652/302 641/650/301
f 644/651/302 646/653/303 645/654/303 643/652/302
f 646/653/303 648/655/304 647/656/304 645/654/303
f 648/655/304 650/657/305 649/658/305 647/656/304
f 650/657/305 652/659/306 651/660/306 649/658/305
f 652/659/306 654/661/307 653/662/307 651/660/306
f 654/661/307 656/663/308 655/664/308 653/662/307
f 656/663/308 658/665/309 657/666/309 655/664/308
f 658/665/309 660/667/310 659/668/310 657/666/309
f 660/667/310 662/669/311 661/670/311 659/668/310
f 662/669/311 664/671/312 663/672/312 661/670/311
f 664/671/312 666/673/313 665/674/313 663/672/312
f 666/673/313 668/675/314 667/676/314 665/674/313
f 668/675/314 670/677/315 669/678/315 667/676/314
f 670/677/315 672/679/316 671/680/316 669/678/315
f 672/679/316 674/681/317 673/682/317 671/680/316
f 674/681/317 676/683/318 675/684/318 673/682/317
f 676/683/318 678/685/319 677/686/319 675/684/318
f 678/685/319 680/687/320 679/688/320 677/686/319
f 680/687/320 682/689/321 681/690/321 679/688/320
f 682/689/321 684/691/322 683/692/322 681/690/321
f 684/691/322 686/693/323 685/694/323 683/692/322
f 686/693/323 688/695/324 687/696/324 685/694/323
f 688/695/324 690/697/325 689/698/325 687/696/324
f 690/697/325 692/699/326 691/700/326 689/698/325
f 692/699/326 694/701/327 693/702/327 691/700/326
f 694/701/327 696/703/328 695/704/328 693/702/327
f 696/703/328 698/705/329 697/706/329 695/704/328
f 698/705/329 700/707/330 699/708/330 697/706/329
f 700/707/330 702/709/331 701/710/331 699/708/330
f 702/709/331 704/711/332 703/712/332 701/710/331
f 704/711/332 706/713/333 705/714/333 703/712/332
f 706/713/333 708/715/334 707/716/334 705/714/333
f 708/715/334 710/717/335 709/718/335 707/716/334
f 710/717/335 712/719/336 711/720/336 709/718/335
f 712/719/336 714/721/337 713/722/337 711/720/336
f 714/721/337 716/723/338 715/724/338 713/722/337
f 716/723/338 718/725/339 717/726/339 715/724/338
f 718/725/339 720/727/340 719/728/340 717/726/339
f 720/727/340 722/729/341 721/730/341 719/728/340
f 722/729/341 724/731/342 723/732/342 721/730/341
f 724/731/342 726/733/343 725/734/343 723/732/342
f 726/733/343 728/735/344 727/736/344 725/734/343
f 728/735/344 730/737/345 729/738/345 727/736/344
f 730/737/345 732/739/346 731/740/346 729/738/345
f 732/739/346 734/741/347 733/742/347 731/740/346
f 734/741/347 736/743/348 735/744/348 733/742/347
f 736/743/348 738/745/349 737/746/349 735/744/348
f 738/745/349 740/747/350 739/748/350 737/746/349
f 740/747/350 742/749/351 741/750/351 739/748/350
f 742/749/351 744/751/352 743/752/352 741/750/351
f 744/751/352 746/753/353 745/754/353 743/752/352
f 746/753/353 748/755/354 747/756/354 745/754/353
f 748/755/354 750/757/355 749/758/355 747/756/354
f 750/757/355 752/759/356 751/760/356 749/758/355
f 752/759/356 754/761/357 753/762/357 751/760/356
f 754/761/357 756/763/358 755/764/358 753/762/357
f 756/763/358 758/765/359 757/766/359 755/764/358
f 758/765/359 760/767/360 759/768/360 757/766/359
f 760/767/360 762/769/361 761/770/361 759/768/360
f 762/769/361 764/771/362 763/772/362 761/770/361
f 764/771/362 766/773/363 765/774/363 763/772/362
f 766/773/363 768/775/364 767/776/364 765/774/363
f 768/775/364 770/777/354 769/778/354 767/776/364
f 770/777/354 772/779/365 771/780/365 769/778/354
f 772/779/365 774/781/366 773/782/366 771/780/365
f 774/781/366 776/783/367 775/784/367 773/782/366
f 776/783/367 778/785/368 777/786/368 775/784/367
f 778/785/368 780/787/369 779/788/369 777/786/368
f 780/787/369 782/789/370 781/790/370 779/788/369
f 782/789/370 784/791/371 783/792/371 781/790/370
f 784/791/371 786/793/372 785/794/372 783/792/371
f 786/793/372 788/795/373 787/796/373 785/794/372
f 788/795/373 790/797/374 789/798/374 787/796/373
f 790/797/374 792/799/375 791/800/375 789/798/374
f 792/799/375 794/801/376 793/802/376 791/800/375
f 794/801/376 796/803/377 795/804/377 793/802/376
f 796/803/377 798/805/377 797/806/377 795/804/377
f 798/805/377 800/807/377 799/808/377 797/806/377
f 800/807/377 802/809/377 801/810/377 799/808/377
f 802/809/377 804/811/377 803/812/377 801/810/377
f 804/811/377 806/813/377 805/814/377 803/812/377
f 806/813/377 808/815/377 807/816/377 805/814/377
f 808/815/377 810/817/377 809/818/377 807/816/377
f 810/817/377 812/819/377 811/820/377 809/818/377
f 812/819/377 814/821/377 813/822/377 811/820/377
f 814/821/377 816/823/378 815/824/378 813/822/377
f 816/823/378 818/825/379 817/826/379 815/824/378
f 818/825/379 820/827/380 819/828/380 817/826/379
f 820/827/380 822/829/381 821/830/381 819/828/380
f 822/829/381 824/831/382 823/832/382 821/830/381
f 824/831/382 826/833/383 825/834/383 823/832/382
f 826/833/383 828/835/384 827/836/384 825/834/383
f 828/835/384 830/837/385 829/838/385 827/836/384
f 830/837/385 832/839/386 831/840/386 829/838/385
f 832/839/386 834/841/387 833/842/387 831/840/386
f 834/841/387 836/843/388 835/844/388 833/842/387
f 836/843/388 838/845/389 837/846/389 835/844/388
f 838/845/389 840/847/390 839/848/390 837/846/389
f 840/847/390 842/849/391 841/850/391 839/848/390
f 842/849/391 844/851/392 843/852/392 841/850/391
f 844/851/392 846/853/393 845/854/393 843/852/392
f 846/853/393 848/855/394 847/856/394 845/854/393
f 848/855/394 850/857/395 849/858/395 847/856/394
f 850/857/395 852/859/396 851/860/396 849/858/395
f 852/859/396 854/861/397 853/862/397 851/860/396
f 854/861/397 856/863/398 855/864/398 853/862/397
f 856/863/398 858/865/399 857/866/399 855/864/398
f 858/865/399 860/867/400 859/868/400 857/866/399
f 860/867/400 862/869/401 861/870/401 859/868/400
f 862/869/401 864/871/402 863/872/402 861/870/401
f 864/871/402 866/873/403 865/874/403 863/872/402
f 866/873/403 868/875/404 867/876/404 865/874/403
f 868/875/404 870/877/404 869/878/404 867/876/404
f 870/877/404 872/879/404 871/880/404 869/878/404
f 872/879/404 874/881/404 873/882/404 871/880/404
f 874/881/404 876/883/404 875/884/404 873/882/404
f 876/883/404 878/885/404 877/886/404 875/884/404
f 878/885/404 880/887/404 879/888/404 877/886/404
f 880/887/404 882/889/404 881/890/404 879/888/404
f 882/889/404 884/891/404 883/892/404 881/890/404
f 884/891/404 886/893/404 885/894/404 883/892/404
f 886/893/404 888/895/405 887/896/405 885/894/404
f 888/895/405 890/897/406 889/898/406 887/896/405
f 890/897/406 892/899/407 891/900/407 889/898/406
f 892/899/407 894/901/408 893/902/408 891/900/407
f 894/901/408 896/903/409 895/904/409 893/902/408
f 896/903/409 898/905/410 897/906/410 895/904/409
f 898/905/410 900/907/411 899/908/411 897/906/410
f 900/907/411 902/909/412 901/910/412 899/908/411
f 902/909/412 904/911/413 903/912/413 901/910/412
f 904/911/413 906/913/414 905/914/414 903/912/413
f 906/913/414 908/915/415 907/916/415 905/914/414
f 908/915/415 910/917/416 909/918/416 907/916/415
f 910/917/416 912/919/417 911/920/417 909/918/416
f 912/919/417 914/921/418 913/922/418 911/920/417
f 914/921/418 916/923/419 915/924/419 913/922/418
f 916/923/419 918/925/420 917/926/420 915/924/419
f 918/925/420 920/927/421 919/928/421 917/926/420
f 920/927/421 922/929/422 921/930/422 919/928/421
f 922/929/422 924/931/423 923/932/423 921/930/422
f 924/931/423 926/933/424 925/934/424 923/932/423
f 926/933/424 928/935/425 927/936/425 925/934/424
f 928/935/425 930/937/426 929/938/426 927/936/425
f 930/937/426 932/939/427 931/940/427 929/938/426
f 932/939/427 934/941/428 933/942/428 931/940/427
f 934/941/428 936/943/429 935/944/429 933/942/428
f 936/943/429 626/945/293 625/946/293 935/944/429
o Curve.002
v 314.106018 -143.120987 -420.821564
v 314.106018 143.120987 -420.821564
v 261.919495 -143.120987 -405.238434
v 261.919495 143.120987 -405.238434
v 213.936340 -143.120987 -387.841614
v 213.936340 143.120987 -387.841614
v 170.400940 -143.120987 -368.525543
v 170.400940 143.120987 -368.525543
v 131.557983 -143.120987 -347.184814
v 131.557983 143.120987 -347.184814
v 97.651733 -143.120987 -323.713867
v 97.651733 143.120987 -323.713867
v 68.926819 -143.120987 -298.007263
v 68.926819 143.120987 -298.007263
v 45.627747 -143.120987 -269.959473
v 45.627747 143.120987 -269.959473
v 27.998840 -143.120987 -239.465027
v 27.998840 143.120987 -239.465027
v 16.284729 -143.120987 -206.418457
v 16.284729 143.120987 -206.418457
v 10.729919 -143.120987 -170.714294
v 10.729919 143.120987 -170.714294
v 11.578796 -143.120987 -132.246948
v 11.578796 143.120987 -132.246948
v 19.075867 -143.120987 -90.911011
v 19.075867 143.120987 -90.911011
v 12.810181 -143.120987 -94.923462
v 12.810181 143.120987 -94.923462
v 6.673340 -143.120987 -99.145447
v 6.673340 143.120987 -99.145447
v 0.663635 -143.120987 -103.573853
v 0.663635 143.120987 -103.573853
v -5.220764 -143.120987 -108.205750
v -5.220764 143.120987 -108.205750
v -10.981812 -143.120987 -113.038147
v -10.981812 143.120987 -113.038147
v -16.621216 -143.120987 -118.068054
v -16.621216 143.120987 -118.068054
v -22.140869 -143.120987 -123.292664
v -22.140869 143.120987 -123.292664
v -27.542725 -143.120987 -128.708801
v -27.542725 143.120987 -128.708801
v -32.828430 -143.120987 -134.313721
v -32.828430 143.120987 -134.313721
v -37.999878 -143.120987 -140.104309
v -37.999878 143.120987 -140.104309
v -43.058960 -143.120987 -146.077637
v -43.058960 143.120987 -146.077637
v -48.007507 -143.120987 -152.230774
v -48.007507 143.120987 -152.230774
v -56.088867 -143.120987 -161.929626
v -56.088867 143.120987 -161.929626
v -64.656128 -143.120987 -171.074036
v -64.656128 143.120987 -171.074036
v -73.658875 -143.120987 -179.667358
v -73.658875 143.120987 -179.667358
v -83.046753 -143.120987 -187.712769
v -83.046753 143.120987 -187.712769
v -92.769226 -143.120987 -195.213562
v -92.769226 143.120987 -195.213562
v -102.775818 -143.120987 -202.172913
v -102.775818 143.120987 -202.172913
v -113.016296 -143.120987 -208.594116
v -113.016296 143.120987 -208.594116
v -123.440063 -143.120987 -214.480469
v -123.440063 143.120987 -214.480469
v -133.996765 -143.120987 -219.835144
v -133.996765 143.120987 -219.835144
v -144.636047 -143.120987 -224.661499
v -144.636047 143.120987 -224.661499
v -155.307312 -143.120987 -228.962646
v -155.307312 143.120987 -228.962646
v -165.960388 -143.120987 -232.741943
v -165.960388 143.120987 -232.741943
v -197.075256 -143.120987 -241.794006
v -197.075256 143.120987 -241.794006
v -227.106750 -143.120987 -247.941223
v -227.106750 143.120987 -247.941223
v -255.944214 -143.120987 -251.085754
v -255.944214 143.120987 -251.085754
v -283.477295 -143.120987 -251.129761
v -283.477295 143.120987 -251.129761
v -309.595337 -143.120987 -247.975281
v -309.595337 143.120987 -247.975281
v -334.187866 -143.120987 -241.524414
v -334.187866 143.120987 -241.524414
v -357.144043 -143.120987 -231.679382
v -357.144043 143.120987 -231.679382
v -378.353760 -143.120987 -218.342285
v -378.353760 143.120987 -218.342285
v -397.706055 -143.120987 -201.415222
v -397.706055 143.120987 -201.415222
v -415.090576 -143.120987 -180.800293
v -415.090576 143.120987 -180.800293
v -430.396606 -143.120987 -156.399719
v -430.396606 143.120987 -156.399719
v -443.513916 -143.120987 -128.115479
v -443.513916 143.120987 -128.115479
v -460.320557 -143.120987 -145.603516
v -460.320557 143.120987 -145.603516
v -474.096680 -143.120987 -162.902161
v -474.096680 143.120987 -162.902161
v -484.900146 -143.120987 -180.015076
v -484.900146 143.120987 -180.015076
v -492.788818 -143.120987 -196.945801
v -492.788818 143.120987 -196.945801
v -497.820435 -143.120987 -213.698059
v -497.820435 143.120987 -213.698059
v -500.052856 -143.120987 -230.275330
v -500.052856 143.120987 -230.275330
v -499.544067 -143.120987 -246.681396
v -499.544067 143.120987 -246.681396
v -496.351807 -143.120987 -262.919739
v -496.351807 143.120987 -262.919739
v -490.534058 -143.120987 -278.993988
v -490.534058 143.120987 -278.993988
v -482.148560 -143.120987 -294.907867
v -482.148560 143.120987 -294.907867
v -471.253296 -143.120987 -310.664917
v -471.253296 143.120987 -310.664917
v -457.905640 -143.120987 -326.268768
v -457.905640 143.120987 -326.268768
v -436.990845 -143.120987 -345.517853
v -436.990845 143.120987 -345.517853
v -413.969482 -143.120987 -361.071838
v -413.969482 143.120987 -361.071838
v -388.950684 -143.120987 -373.096771
v -388.950684 143.120987 -373.096771
v -362.044067 -143.120987 -381.758636
v -362.044067 143.120987 -381.758636
v -333.358887 -143.120987 -387.223511
v -333.358887 143.120987 -387.223511
v -303.004272 -143.120987 -389.657379
v -303.004272 143.120987 -389.657379
v -271.089844 -143.120987 -389.226257
v -271.089844 143.120987 -389.226257
v -237.724915 -143.120987 -386.096222
v -237.724915 143.120987 -386.096222
v -203.018616 -143.120987 -380.433228
v -203.018616 143.120987 -380.433228
v -167.080444 -143.120987 -372.403320
v -167.080444 143.120987 -372.403320
v -130.019836 -143.120987 -362.172546
v -130.019836 143.120987 -362.172546
v -91.945923 -143.120987 -349.906952
v -91.945923 143.120987 -349.906952
v -94.298096 -143.120987 -379.585175
v -94.298096 143.120987 -379.585175
v -101.130066 -143.120987 -407.121368
v -101.130066 143.120987 -407.121368
v -112.333923 -143.120987 -432.567108
v -112.333923 143.120987 -432.567108
v -127.801941 -143.120987 -455.973907
v -127.801941 143.120987 -455.973907
v -147.426270 -143.120987 -477.393311
v -147.426270 143.120987 -477.393311
v -171.099060 -143.120987 -496.876923
v -171.099060 143.120987 -496.876923
v -198.712463 -143.120987 -514.476318
v -198.712463 143.120987 -514.476318
v -230.158691 -143.120987 -530.242920
v -230.158691 143.120987 -530.242920
v -265.329834 -143.120987 -544.228455
v -265.329834 143.120987 -544.228455
v -304.118164 -143.120987 -556.484375
v -304.118164 143.120987 -556.484375
v -346.415771 -143.120987 -567.062256
v -346.415771 143.120987 -567.062256
v -392.114868 -143.120987 -576.013672
v -392.114868 143.120987 -576.013672
v -392.681152 -143.120987 -577.247253
v -392.681152 143.120987 -577.247253
v -394.246948 -143.120987 -580.657715
v -394.246948 143.120987 -580.657715
v -396.612183 -143.120987 -585.809631
v -396.612183 143.120987 -585.809631
v -399.577148 -143.120987 -592.267761
v -399.577148 143.120987 -592.267761
v -402.941895 -143.120987 -599.596619
v -402.941895 143.120987 -599.596619
v -406.506592 -143.120987 -607.360840
v -406.506592 143.120987 -607.360840
v -410.071167 -143.120987 -615.125061
v -410.071167 143.120987 -615.125061
v -413.435913 -143.120987 -622.453857
v -413.435913 143.120987 -622.453857
v -416.400879 -143.120987 -628.911987
v -416.400879 143.120987 -628.911987
v -418.766113 -143.120987 -634.063965
v -418.766113 143.120987 -634.063965
v -420.331909 -143.120987 -637.474365
v -420.331909 143.120987 -637.474365
v -420.898438 -143.120987 -638.708008
v -420.898438 143.120987 -638.708008
v -366.745117 -143.120987 -640.161987
v -366.745117 143.120987 -640.161987
v -315.847534 -143.120987 -643.430298
v -315.847534 143.120987 -643.430298
v -268.251343 -143.120987 -648.538330
v -268.251343 143.120987 -648.538330
v -224.001953 -143.120987 -655.511475
v -224.001953 143.120987 -655.511475
v -183.145081 -143.120987 -664.375244
v -183.145081 143.120987 -664.375244
v -145.726379 -143.120987 -675.154907
v -145.726379 143.120987 -675.154907
v -111.791382 -143.120987 -687.875916
v -111.791382 143.120987 -687.875916
v -81.385681 -143.120987 -702.563660
v -81.385681 143.120987 -702.563660
v -54.554871 -143.120987 -719.243591
v -54.554871 143.120987 -719.243591
v -31.344666 -143.120987 -737.940979
v -31.344666 143.120987 -737.940979
v -11.800537 -143.120987 -758.681396
v -11.800537 143.120987 -758.681396
v 4.031860 -143.120987 -781.490112
v 4.031860 143.120987 -781.490112
v 25.311218 -143.120987 -756.730408
v 25.311218 143.120987 -756.730408
v 49.103882 -143.120987 -734.210388
v 49.103882 143.120987 -734.210388
v 75.432617 -143.120987 -713.950317
v 75.432617 143.120987 -713.950317
v 104.320251 -143.120987 -695.970581
v 104.320251 143.120987 -695.970581
v 135.789429 -143.120987 -680.291260
v 135.789429 143.120987 -680.291260
v 169.862854 -143.120987 -666.932739
v 169.862854 143.120987 -666.932739
v 206.563416 -143.120987 -655.915283
v 206.563416 143.120987 -655.915283
v 245.913696 -143.120987 -647.259155
v 245.913696 143.120987 -647.259155
v 287.936584 -143.120987 -640.984497
v 287.936584 143.120987 -640.984497
v 332.654785 -143.120987 -637.111755
v 332.654785 143.120987 -637.111755
v 380.091034 -143.120987 -635.661072
v 380.091034 143.120987 -635.661072
v 430.268127 -143.120987 -636.652832
v 430.268127 143.120987 -636.652832
v 429.782684 -143.120987 -635.459656
v 429.782684 143.120987 -635.459656
v 428.440643 -143.120987 -632.161011
v 428.440643 143.120987 -632.161011
v 426.413269 -143.120987 -627.177917
v 426.413269 143.120987 -627.177917
v 423.871918 -143.120987 -620.931519
v 423.871918 143.120987 -620.931519
v 420.987915 -143.120987 -613.842896
v 420.987915 143.120987 -613.842896
v 417.932556 -143.120987 -606.333191
v 417.932556 143.120987 -606.333191
v 414.877258 -143.120987 -598.823486
v 414.877258 143.120987 -598.823486
v 411.993256 -143.120987 -591.734863
v 411.993256 143.120987 -591.734863
v 409.451904 -143.120987 -585.488464
v 409.451904 143.120987 -585.488464
v 407.424500 -143.120987 -580.505371
v 407.424500 143.120987 -580.505371
v 406.082458 -143.120987 -577.206665
v 406.082458 143.120987 -577.206665
v 405.597107 -143.120987 -576.013611
v 405.597107 143.120987 -576.013611
v 363.821350 -143.120987 -569.496033
v 363.821350 143.120987 -569.496033
v 325.155334 -143.120987 -561.005432
v 325.155334 143.120987 -561.005432
v 289.571106 -143.120987 -550.559570
v 289.571106 143.120987 -550.559570
v 257.040588 -143.120987 -538.176147
v 257.040588 143.120987 -538.176147
v 227.535767 -143.120987 -523.873047
v 227.535767 143.120987 -523.873047
v 201.028748 -143.120987 -507.667908
v 201.028748 143.120987 -507.667908
v 177.491394 -143.120987 -489.578552
v 177.491394 143.120987 -489.578552
v 156.895813 -143.120987 -469.622742
v 156.895813 143.120987 -469.622742
v 139.213989 -143.120987 -447.818237
v 139.213989 143.120987 -447.818237
v 124.417847 -143.120987 -424.182770
v 124.417847 143.120987 -424.182770
v 112.479492 -143.120987 -398.734100
v 112.479492 143.120987 -398.734100
v 103.371033 -143.120987 -371.490051
v 103.371033 143.120987 -371.490051
v 122.942810 -143.120987 -381.631287
v 122.942810 143.120987 -381.631287
v 142.103271 -143.120987 -390.538879
v 142.103271 143.120987 -390.538879
v 160.866211 -143.120987 -398.253998
v 160.866211 143.120987 -398.253998
v 179.245361 -143.120987 -404.817841
v 179.245361 143.120987 -404.817841
v 197.254333 -143.120987 -410.271545
v 197.254333 143.120987 -410.271545
v 214.906860 -143.120987 -414.656281
v 214.906860 143.120987 -414.656281
v 232.216797 -143.120987 -418.013214
v 232.216797 143.120987 -418.013214
v 249.197693 -143.120987 -420.383514
v 249.197693 143.120987 -420.383514
v 265.863373 -143.120987 -421.808319
v 265.863373 143.120987 -421.808319
v 282.227478 -143.120987 -422.328796
v 282.227478 143.120987 -422.328796
v 298.303833 -143.120987 -421.986176
v 298.303833 143.120987 -421.986176
vn 0.9941 -0.0000 -0.1081
vn 0.3136 -0.0000 0.9495
vn 0.3734 -0.0000 0.9277
vn 0.4439 -0.0000 0.8961
vn 0.5260 -0.0000 0.8505
vn 0.6192 -0.0000 0.7852
vn 0.7200 -0.0000 0.6940
vn 0.8204 -0.0000 0.5718
vn 0.9080 -0.0000 0.4191
vn 0.9695 -0.0000 0.2450
vn 0.9978 -0.0000 0.0661
vn 0.9949 -0.0000 -0.1006
vn 0.5566 -0.0000 0.8308
vn -0.5531 -0.0000 0.8331
vn -0.5801 -0.0000 0.8146
vn -0.6059 -0.0000 0.7955
vn -0.6307 -0.0000 0.7761
vn -0.6542 -0.0000 0.7563
vn -0.6766 -0.0000 0.7363
vn -0.6978 -0.0000 0.7163
vn -0.7179 -0.0000 0.6962
vn -0.7368 -0.0000 0.6762
vn -0.7545 -0.0000 0.6563
vn -0.7712 -0.0000 0.6365
vn -0.7738 -0.0000 0.6334
vn -0.7493 -0.0000 0.6622
vn -0.7104 -0.0000 0.7038
vn -0.6708 -0.0000 0.7416
vn -0.6310 -0.0000 0.7758
vn -0.5911 -0.0000 0.8066
vn -0.5513 -0.0000 0.8343
vn -0.5116 -0.0000 0.8592
vn -0.4722 -0.0000 0.8815
vn -0.4328 -0.0000 0.9015
vn -0.3936 -0.0000 0.9193
vn -0.3542 -0.0000 0.9352
vn -0.3070 -0.0000 0.9517
vn -0.2401 -0.0000 0.9707
vn -0.1546 -0.0000 0.9880
vn -0.0551 -0.0000 0.9985
vn 0.0593 -0.0000 0.9982
vn 0.1873 -0.0000 0.9823
vn 0.3248 -0.0000 0.9458
vn 0.4647 -0.0000 0.8855
vn 0.5972 -0.0000 0.8021
vn 0.7135 -0.0000 0.7007
vn 0.8078 -0.0000 0.5895
vn 0.8789 -0.0000 0.4770
vn 0.1649 -0.0000 0.9863
vn -0.7524 -0.0000 0.6587
vn -0.8151 -0.0000 0.5793
vn -0.8778 -0.0000 0.4790
vn -0.9345 -0.0000 0.3559
vn -0.9774 -0.0000 0.2112
vn -0.9987 -0.0000 0.0514
vn -0.9937 -0.0000 -0.1123
vn -0.9636 -0.0000 -0.2674
vn -0.9147 -0.0000 -0.4042
vn -0.8551 -0.0000 -0.5184
vn -0.7923 -0.0000 -0.6102
vn -0.7198 -0.0000 -0.6941
vn -0.6203 -0.0000 -0.7844
vn -0.4978 -0.0000 -0.8673
vn -0.3707 -0.0000 -0.9288
vn -0.2473 -0.0000 -0.9689
vn -0.1337 -0.0000 -0.9910
vn -0.0332 -0.0000 -0.9994
vn 0.0535 -0.0000 -0.9986
vn 0.1273 -0.0000 -0.9919
vn 0.1896 -0.0000 -0.9819
vn 0.2422 -0.0000 -0.9702
vn 0.2864 -0.0000 -0.9581
vn -0.9870 -0.0000 0.1604
vn -0.9464 -0.0000 0.3231
vn -0.8779 -0.0000 0.4789
vn -0.7883 -0.0000 0.6153
vn -0.6881 -0.0000 0.7256
vn -0.5876 -0.0000 0.8092
vn -0.4935 -0.0000 0.8698
vn -0.4092 -0.0000 0.9124
vn -0.3356 -0.0000 0.9420
vn -0.2721 -0.0000 0.9623
vn -0.2175 -0.0000 0.9761
vn -0.6186 -0.0000 0.7857
vn -0.9088 -0.0000 0.4172
vn -0.9088 -0.0000 0.4173
vn -0.8490 -0.0000 -0.5284
vn -0.0455 -0.0000 -0.9990
vn -0.0854 -0.0000 -0.9963
vn -0.1312 -0.0000 -0.9914
vn -0.1839 -0.0000 -0.9829
vn -0.2446 -0.0000 -0.9696
vn -0.3142 -0.0000 -0.9494
vn -0.3934 -0.0000 -0.9194
vn -0.4821 -0.0000 -0.8761
vn -0.5787 -0.0000 -0.8155
vn -0.6792 -0.0000 -0.7340
vn -0.7768 -0.0000 -0.6298
vn -0.0516 -0.0000 -0.9987
vn 0.7239 -0.0000 -0.6899
vn 0.6495 -0.0000 -0.7604
vn 0.5698 -0.0000 -0.8218
vn 0.4877 -0.0000 -0.8730
vn 0.4059 -0.0000 -0.9139
vn 0.3265 -0.0000 -0.9452
vn 0.2514 -0.0000 -0.9679
vn 0.1814 -0.0000 -0.9834
vn 0.1170 -0.0000 -0.9931
vn 0.0584 -0.0000 -0.9983
vn 0.0054 -0.0000 -1.0000
vn 0.8242 -0.0000 -0.5664
vn 0.9263 -0.0000 0.3769
vn 0.9263 -0.0000 0.3768
vn 0.6207 -0.0000 0.7841
vn 0.1844 -0.0000 0.9829
vn 0.2482 -0.0000 0.9687
vn 0.3190 -0.0000 0.9478
vn 0.3964 -0.0000 0.9181
vn 0.4795 -0.0000 0.8776
vn 0.5663 -0.0000 0.8242
vn 0.6537 -0.0000 0.7568
vn 0.7376 -0.0000 0.6752
vn 0.8137 -0.0000 0.5813
vn 0.8781 -0.0000 0.4785
vn 0.9284 -0.0000 0.3715
vn 0.6501 -0.0000 -0.7599
vn -0.4409 -0.0000 -0.8975
vn -0.4010 -0.0000 -0.9161
vn -0.3584 -0.0000 -0.9336
vn -0.3132 -0.0000 -0.9497
vn -0.2655 -0.0000 -0.9641
vn -0.2158 -0.0000 -0.9764
vn -0.1644 -0.0000 -0.9864
vn -0.1118 -0.0000 -0.9937
vn -0.0585 -0.0000 -0.9983
vn -0.0052 -0.0000 -1.0000
vn 0.0474 -0.0000 -0.9989
vt 0.000000 1.000000
vt 0.006410 1.000000
vt 0.006410 0.000000
vt 0.000000 0.000000
vt 0.012821 1.000000
vt 0.012821 0.000000
vt 0.019231 1.000000
vt 0.019231 0.000000
vt 0.025641 1.000000
vt 0.025641 0.000000
vt 0.032051 1.000000
vt 0.032051 0.000000
vt 0.038462 1.000000
vt 0.038462 0.000000
vt 0.044872 1.000000
vt 0.044872 0.000000
vt 0.051282 1.000000
vt 0.051282 0.000000
vt 0.057692 1.000000
vt 0.057692 0.000000
vt 0.064103 1.000000
vt 0.064103 0.000000
vt 0.070513 1.000000
vt 0.070513 0.000000
vt 0.076923 1.000000
vt 0.076923 0.000000
vt 0.083333 1.000000
vt 0.083333 0.000000
vt 0.089744 1.000000
vt 0.089744 0.000000
vt 0.096154 1.000000
vt 0.096154 0.000000
vt 0.102564 1.000000
vt 0.102564 0.000000
vt 0.108974 1.000000
vt 0.108974 0.000000
vt 0.115385 1.000000
vt 0.115385 0.000000
vt 0.121795 1.000000
vt 0.121795 0.000000
vt 0.128205 1.000000
vt 0.128205 0.000000
vt 0.134615 1.000000
vt 0.134615 0.000000
vt 0.141026 1.000000
vt 0.141026 0.000000
vt 0.147436 1.000000
vt 0.147436 0.000000
vt 0.153846 1.000000
vt 0.153846 0.000000
vt 0.160256 1.000000
vt 0.160256 0.000000
vt 0.166667 1.000000
vt 0.166667 0.000000
vt 0.173077 1.000000
vt 0.173077 0.000000
vt 0.179487 1.000000
vt 0.179487 0.000000
vt 0.185897 1.000000
vt 0.185897 0.000000
vt 0.192308 1.000000
vt 0.192308 0.000000
vt 0.198718 1.000000
vt 0.198718 0.000000
vt 0.205128 1.000000
vt 0.205128 0.000000
vt 0.211538 1.000000
vt 0.211538 0.000000
vt 0.217949 1.000000
vt 0.217949 0.000000
vt 0.224359 1.000000
vt 0.224359 0.000000
vt 0.230769 1.000000
vt 0.230769 0.000000
vt 0.237179 1.000000
vt 0.237179 0.000000
vt 0.243590 1.000000
vt 0.243590 0.000000
vt 0.250000 1.000000
vt 0.250000 0.000000
vt 0.256410 1.000000
vt 0.256410 0.000000
vt 0.262821 1.000000
vt 0.262821 0.000000
vt 0.269231 1.000000
vt 0.269231 0.000000
vt 0.275641 1.000000
vt 0.275641 0.000000
vt 0.282051 1.000000
vt 0.282051 0.000000
vt 0.288462 1.000000
vt 0.288462 0.000000
vt 0.294872 1.000000
vt 0.294872 0.000000
vt 0.301282 1.000000
vt 0.301282 0.000000
vt 0.307692 1.000000
vt 0.307692 0.000000
vt 0.314103 1.000000
vt 0.314103 0.000000
vt 0.320513 1.000000
vt 0.320513 0.000000
vt 0.326923 1.000000
vt 0.326923 0.000000
vt 0.333333 1.000000
vt 0.333333 0.000000
vt 0.339744 1.000000
vt 0.339744 0.000000
vt 0.346154 1.000000
vt 0.346154 0.000000
vt 0.352564 1.000000
vt 0.352564 0.000000
vt 0.358974 1.000000
vt 0.358974 0.000000
vt 0.365385 1.000000
vt 0.365385 0.000000
vt 0.371795 1.000000
vt 0.371795 0.000000
vt 0.378205 1.000000
vt 0.378205 0.000000
vt 0.384615 1.000000
vt 0.384615 0.000000
vt 0.391026 1.000000
vt 0.391026 0.000000
vt 0.397436 1.000000
vt 0.397436 0.000000
vt 0.403846 1.000000
vt 0.403846 0.000000
vt 0.410256 1.000000
vt 0.410256 0.000000
vt 0.416667 1.000000
vt 0.416667 0.000000
vt 0.423077 1.000000
vt 0.423077 0.000000
vt 0.429487 1.000000
vt 0.429487 0.000000
vt 0.435897 1.000000
vt 0.435897 0.000000
vt 0.442308 1.000000
vt 0.442308 0.000000
vt 0.448718 1.000000
vt 0.448718 0.000000
vt 0.455128 1.000000
vt 0.455128 0.000000
vt 0.461538 1.000000
vt 0.461538 0.000000
vt 0.467949 1.000000
vt 0.467949 0.000000
vt 0.474359 1.000000
vt 0.474359 0.000000
vt 0.480769 1.000000
vt 0.480769 0.000000
vt 0.487179 1.000000
vt 0.487179 0.000000
vt 0.493590 1.000000
vt 0.493590 0.000000
vt 0.500000 1.000000
vt 0.500000 0.000000
vt 0.506410 1.000000
vt 0.506410 0.000000
vt 0.512821 1.000000
vt 0.512821 0.000000
vt 0.519231 1.000000
vt 0.519231 0.000000
vt 0.525641 1.000000
vt 0.525641 0.000000
vt 0.532051 1.000000
vt 0.532051 0.000000
vt 0.538462 1.000000
vt 0.538462 0.000000
vt 0.544872 1.000000
vt 0.544872 0.000000
vt 0.551282 1.000000
vt 0.551282 0.000000
vt 0.557692 1.000000
vt 0.557692 0.000000
vt 0.564103 1.000000
vt 0.564103 0.000000
vt 0.570513 1.000000
vt 0.570513 0.000000
vt 0.576923 1.000000
vt 0.576923 0.000000
vt 0.583333 1.000000
vt 0.583333 0.000000
vt 0.589744 1.000000
vt 0.589744 0.000000
vt 0.596154 1.000000
vt 0.596154 0.000000
vt 0.602564 1.000000
vt 0.602564 0.000000
vt 0.608974 1.000000
vt 0.608974 0.000000
vt 0.615385 1.000000
vt 0.615385 0.000000
vt 0.621795 1.000000
vt 0.621795 0.000000
vt 0.628205 1.000000
vt 0.628205 0.000000
vt 0.634615 1.000000
vt 0.634615 0.000000
vt 0.641026 1.000000
vt 0.641026 0.000000
vt 0.647436 1.000000
vt 0.647436 0.000000
vt 0.653846 1.000000
vt 0.653846 0.000000
vt 0.660256 1.000000
vt 0.660256 0.000000
vt 0.666667 1.000000
vt 0.666667 0.000000
vt 0.673077 1.000000
vt 0.673077 0.000000
vt 0.679487 1.000000
vt 0.679487 0.000000
vt 0.685897 1.000000
vt 0.685897 0.000000
vt 0.692308 1.000000
vt 0.692308 0.000000
vt 0.698718 1.000000
vt 0.698718 0.000000
vt 0.705128 1.000000
vt 0.705128 0.000000
vt 0.711538 1.000000
vt 0.711538 0.000000
vt 0.717949 1.000000
vt 0.717949 0.000000
vt 0.724359 1.000000
vt 0.724359 0.000000
vt 0.730769 1.000000
vt 0.730769 0.000000
vt 0.737179 1.000000
vt 0.737179 0.000000
vt 0.743590 1.000000
vt 0.743590 0.000000
vt 0.750000 1.000000
vt 0.750000 0.000000
vt 0.756410 1.000000
vt 0.756410 0.000000
vt 0.762821 1.000000
vt 0.762821 0.000000
vt 0.769231 1.000000
vt 0.769231 0.000000
vt 0.775641 1.000000
vt 0.775641 0.000000
vt 0.782051 1.000000
vt 0.782051 0.000000
vt 0.788462 1.000000
vt 0.788462 0.000000
vt 0.794872 1.000000
vt 0.794872 0.000000
vt 0.801282 1.000000
vt 0.801282 0.000000
vt 0.807692 1.000000
vt 0.807692 0.000000
vt 0.814103 1.000000
vt 0.814103 0.000000
vt 0.820513 1.000000
vt 0.820513 0.000000
vt 0.826923 1.000000
vt 0.826923 0.000000
vt 0.833333 1.000000
vt 0.833333 0.000000
vt 0.839744 1.000000
vt 0.839744 0.000000
vt 0.846154 1.000000
vt 0.846154 0.000000
vt 0.852564 1.000000
vt 0.852564 0.000000
vt 0.858974 1.000000
vt 0.858974 0.000000
vt 0.865385 1.000000
vt 0.865385 0.000000
vt 0.871795 1.000000
vt 0.871795 0.000000
vt 0.878205 1.000000
vt 0.878205 0.000000
vt 0.884615 1.000000
vt 0.884615 0.000000
vt 0.891026 1.000000
vt 0.891026 0.000000
vt 0.897436 1.000000
vt 0.897436 0.000000
vt 0.903846 1.000000
vt 0.903846 0.000000
vt 0.910256 1.000000
vt 0.910256 0.000000
vt 0.916667 1.000000
vt 0.916667 0.000000
vt 0.923077 1.000000
vt 0.923077 0.000000
vt 0.929487 1.000000
vt 0.929487 0.000000
vt 0.935897 1.000000
vt 0.935897 0.000000
vt 0.942308 1.000000
vt 0.942308 0.000000
vt 0.948718 1.000000
vt 0.948718 0.000000
vt 0.955128 1.000000
vt 0.955128 0.000000
vt 0.961538 1.000000
vt 0.961538 0.000000
vt 0.967949 1.000000
vt 0.967949 0.000000
vt 0.974359 1.000000
vt 0.974359 0.000000
vt 0.980769 1.000000
vt 0.980769 0.000000
vt 0.987179 1.000000
vt 0.987179 0.000000
vt 0.993590 1.000000
vt 0.993590 0.000000
vt 1.000000 1.000000
vt 1.000000 0.000000
s 1
usemtl SVGMat.012
f 938/947/430 940/948/431 939/949/431 937/950/430
f 940/948/431 942/951/432 941/952/432 939/949/431
f 942/951/432 944/953/433 943/954/433 941/952/432
f 944/953/433 946/955/434 945/956/434 943/954/433
f 946/955/434 948/957/435 947/958/435 945/956/434
f 948/957/435 950/959/436 949/960/436 947/958/435
f 950/959/436 952/961/437 951/962/437 949/960/436
f 952/961/437 954/963/438 953/964/438 951/962/437
f 954/963/438 956/965/439 955/966/439 953/964/438
f 956/965/439 958/967/440 957/968/440 955/966/439
f 958/967/440 960/969/441 959/970/441 957/968/440
f 960/969/441 962/971/442 961/972/442 959/970/441
f 962/971/442 964/973/443 963/974/443 961/972/442
f 964/973/443 966/975/444 965/976/444 963/974/443
f 966/975/444 968/977/445 967/978/445 965/976/444
f 968/977/445 970/979/446 969/980/446 967/978/445
f 970/979/446 972/981/447 971/982/447 969/980/446
f 972/981/447 974/983/448 973/984/448 971/982/447
f 974/983/448 976/985/449 975/986/449 973/984/448
f 976/985/449 978/987/450 977/988/450 975/986/449
f 978/987/450 980/989/451 979/990/451 977/988/450
f 980/989/451 982/991/452 981/992/452 979/990/451
f 982/991/452 984/993/453 983/994/453 981/992/452
f 984/993/453 986/995/454 985/996/454 983/994/453
f 986/995/454 988/997/455 987/998/455 985/996/454
f 988/997/455 990/999/456 989/1000/456 987/998/455
f 990/999/456 992/1001/457 991/1002/457 989/1000/456
f 992/1001/457 994/1003/458 993/1004/458 991/1002/457
f 994/1003/458 996/1005/459 995/1006/459 993/1004/458
f 996/1005/459 998/1007/460 997/1008/460 995/1006/459
f 998/1007/460 1000/1009/461 999/1010/461 997/1008/460
f 1000/1009/461 1002/1011/462 1001/1012/462 999/1010/461
f 1002/1011/462 1004/1013/463 1003/1014/463 1001/1012/462
f 1004/1013/463 1006/1015/464 1005/1016/464 1003/1014/463
f 1006/1015/464 1008/1017/465 1007/1018/465 1005/1016/464
f 1008/1017/465 1010/1019/466 1009/1020/466 1007/1018/465
f 1010/1019/466 1012/1021/467 1011/1022/467 1009/1020/466
f 1012/1021/467 1014/1023/468 1013/1024/468 1011/1022/467
f 1014/1023/468 1016/1025/469 1015/1026/469 1013/1024/468
f 1016/1025/469 1018/1027/470 1017/1028/470 1015/1026/469
f 1018/1027/470 1020/1029/471 1019/1030/471 1017/1028/470
f 1020/1029/471 1022/1031/472 1021/1032/472 1019/1030/471
f 1022/1031/472 1024/1033/473 1023/1034/473 1021/1032/472
f 1024/1033/473 1026/1035/474 1025/1036/474 1023/1034/473
f 1026/1035/474 1028/1037/475 1027/1038/475 1025/1036/474
f 1028/1037/475 1030/1039/476 1029/1040/476 1027/1038/475
f 1030/1039/476 1032/1041/477 1031/1042/477 1029/1040/476
f 1032/1041/477 1034/1043/478 1033/1044/478 1031/1042/477
f 1034/1043/478 1036/1045/479 1035/1046/479 1033/1044/478
f 1036/1045/479 1038/1047/480 1037/1048/480 1035/1046/479
f 1038/1047/480 1040/1049/481 1039/1050/481 1037/1048/480
f 1040/1049/481 1042/1051/482 1041/1052/482 1039/1050/481
f 1042/1051/482 1044/1053/483 1043/1054/483 1041/1052/482
f 1044/1053/483 1046/1055/484 1045/1056/484 1043/1054/483
f 1046/1055/484 1048/1057/485 1047/1058/485 1045/1056/484
f 1048/1057/485 1050/1059/486 1049/1060/486 1047/1058/485
f 1050/1059/486 1052/1061/487 1051/1062/487 1049/1060/486
f 1052/1061/487 1054/1063/488 1053/1064/488 1051/1062/487
f 1054/1063/488 1056/1065/489 1055/1066/489 1053/1064/488
f 1056/1065/489 1058/1067/490 1057/1068/490 1055/1066/489
f 1058/1067/490 1060/1069/491 1059/1070/491 1057/1068/490
f 1060/1069/491 1062/1071/492 1061/1072/492 1059/1070/491
f 1062/1071/492 1064/1073/493 1063/1074/493 1061/1072/492
f 1064/1073/493 1066/1075/494 1065/1076/494 1063/1074/493
f 1066/1075/494 1068/1077/495 1067/1078/495 1065/1076/494
f 1068/1077/495 1070/1079/496 1069/1080/496 1067/1078/495
f 1070/1079/496 1072/1081/497 1071/1082/497 1069/1080/496
f 1072/1081/497 1074/1083/498 1073/1084/498 1071/1082/497
f 1074/1083/498 1076/1085/499 1075/1086/499 1073/1084/498
f 1076/1085/499 1078/1087/500 1077/1088/500 1075/1086/499
f 1078/1087/500 1080/1089/501 1079/1090/501 1077/1088/500
f 1080/1089/501 1082/1091/491 1081/1092/491 1079/1090/501
f 1082/1091/491 1084/1093/502 1083/1094/502 1081/1092/491
f 1084/1093/502 1086/1095/503 1085/1096/503 1083/1094/502
f 1086/1095/503 1088/1097/504 1087/1098/504 1085/1096/503
f 1088/1097/504 1090/1099/505 1089/1100/505 1087/1098/504
f 1090/1099/505 1092/1101/506 1091/1102/506 1089/1100/505
f 1092/1101/506 1094/1103/507 1093/1104/507 1091/1102/506
f 1094/1103/507 1096/1105/508 1095/1106/508 1093/1104/507
f 1096/1105/508 1098/1107/509 1097/1108/509 1095/1106/508
f 1098/1107/509 1100/1109/510 1099/1110/510 1097/1108/509
f 1100/1109/510 1102/1111/511 1101/1112/511 1099/1110/510
f 1102/1111/511 1104/1113/512 1103/1114/512 1101/1112/511
f 1104/1113/512 1106/1115/513 1105/1116/513 1103/1114/512
f 1106/1115/513 1108/1117/514 1107/1118/514 1105/1116/513
f 1108/1117/514 1110/1119/514 1109/1120/514 1107/1118/514
f 1110/1119/514 1112/1121/514 1111/1122/514 1109/1120/514
f 1112/1121/514 1114/1123/514 1113/1124/514 1111/1122/514
f 1114/1123/514 1116/1125/514 1115/1126/514 1113/1124/514
f 1116/1125/514 1118/1127/514 1117/1128/514 1115/1126/514
f 1118/1127/514 1120/1129/514 1119/1130/514 1117/1128/514
f 1120/1129/514 1122/1131/514 1121/1132/514 1119/1130/514
f 1122/1131/514 1124/1133/514 1123/1134/514 1121/1132/514
f 1124/1133/514 1126/1135/514 1125/1136/514 1123/1134/514
f 1126/1135/514 1128/1137/515 1127/1138/515 1125/1136/514
f 1128/1137/515 1130/1139/516 1129/1140/516 1127/1138/515
f 1130/1139/516 1132/1141/517 1131/1142/517 1129/1140/516
f 1132/1141/517 1134/1143/518 1133/1144/518 1131/1142/517
f 1134/1143/518 1136/1145/519 1135/1146/519 1133/1144/518
f 1136/1145/519 1138/1147/520 1137/1148/520 1135/1146/519
f 1138/1147/520 1140/1149/521 1139/1150/521 1137/1148/520
f 1140/1149/521 1142/1151/522 1141/1152/522 1139/1150/521
f 1142/1151/522 1144/1153/523 1143/1154/523 1141/1152/522
f 1144/1153/523 1146/1155/524 1145/1156/524 1143/1154/523
f 1146/1155/524 1148/1157/525 1147/1158/525 1145/1156/524
f 1148/1157/525 1150/1159/526 1149/1160/526 1147/1158/525
f 1150/1159/526 1152/1161/527 1151/1162/527 1149/1160/526
f 1152/1161/527 1154/1163/528 1153/1164/528 1151/1162/527
f 1154/1163/528 1156/1165/529 1155/1166/529 1153/1164/528
f 1156/1165/529 1158/1167/530 1157/1168/530 1155/1166/529
f 1158/1167/530 1160/1169/531 1159/1170/531 1157/1168/530
f 1160/1169/531 1162/1171/532 1161/1172/532 1159/1170/531
f 1162/1171/532 1164/1173/533 1163/1174/533 1161/1172/532
f 1164/1173/533 1166/1175/534 1165/1176/534 1163/1174/533
f 1166/1175/534 1168/1177/535 1167/1178/535 1165/1176/534
f 1168/1177/535 1170/1179/536 1169/1180/536 1167/1178/535
f 1170/1179/536 1172/1181/537 1171/1182/537 1169/1180/536
f 1172/1181/537 1174/1183/538 1173/1184/538 1171/1182/537
f 1174/1183/538 1176/1185/539 1175/1186/539 1173/1184/538
f 1176/1185/539 1178/1187/540 1177/1188/540 1175/1186/539
f 1178/1187/540 1180/1189/541 1179/1190/541 1177/1188/540
f 1180/1189/541 1182/1191/541 1181/1192/541 1179/1190/541
f 1182/1191/541 1184/1193/541 1183/1194/541 1181/1192/541
f 1184/1193/541 1186/1195/541 1185/1196/541 1183/1194/541
f 1186/1195/541 1188/1197/541 1187/1198/541 1185/1196/541
f 1188/1197/541 1190/1199/541 1189/1200/541 1187/1198/541
f 1190/1199/541 1192/1201/541 1191/1202/541 1189/1200/541
f 1192/1201/541 1194/1203/541 1193/1204/541 1191/1202/541
f 1194/1203/541 1196/1205/541 1195/1206/541 1193/1204/541
f 1196/1205/541 1198/1207/541 1197/1208/541 1195/1206/541
f 1198/1207/541 1200/1209/542 1199/1210/542 1197/1208/541
f 1200/1209/542 1202/1211/543 1201/1212/543 1199/1210/542
f 1202/1211/543 1204/1213/544 1203/1214/544 1201/1212/543
f 1204/1213/544 1206/1215/545 1205/1216/545 1203/1214/544
f 1206/1215/545 1208/1217/546 1207/1218/546 1205/1216/545
f 1208/1217/546 1210/1219/547 1209/1220/547 1207/1218/546
f 1210/1219/547 1212/1221/548 1211/1222/548 1209/1220/547
f 1212/1221/548 1214/1223/549 1213/1224/549 1211/1222/548
f 1214/1223/549 1216/1225/550 1215/1226/550 1213/1224/549
f 1216/1225/550 1218/1227/551 1217/1228/551 1215/1226/550
f 1218/1227/551 1220/1229/552 1219/1230/552 1217/1228/551
f 1220/1229/552 1222/1231/553 1221/1232/553 1219/1230/552
f 1222/1231/553 1224/1233/554 1223/1234/554 1221/1232/553
f 1224/1233/554 1226/1235/555 1225/1236/555 1223/1234/554
f 1226/1235/555 1228/1237/556 1227/1238/556 1225/1236/555
f 1228/1237/556 1230/1239/557 1229/1240/557 1227/1238/556
f 1230/1239/557 1232/1241/558 1231/1242/558 1229/1240/557
f 1232/1241/558 1234/1243/559 1233/1244/559 1231/1242/558
f 1234/1243/559 1236/1245/560 1235/1246/560 1233/1244/559
f 1236/1245/560 1238/1247/561 1237/1248/561 1235/1246/560
f 1238/1247/561 1240/1249/562 1239/1250/562 1237/1248/561
f 1240/1249/562 1242/1251/563 1241/1252/563 1239/1250/562
f 1242/1251/563 1244/1253/564 1243/1254/564 1241/1252/563
f 1244/1253/564 1246/1255/565 1245/1256/565 1243/1254/564
f 1246/1255/565 1248/1257/566 1247/1258/566 1245/1256/565
f 1248/1257/566 938/1259/430 937/1260/430 1247/1258/566
o Curve.003
v -27.170837 -143.120987 114.097168
v -27.170837 143.120987 114.097168
v -64.896545 -143.120987 138.142700
v -64.896545 143.120987 138.142700
v -98.197998 -143.120987 160.003357
v -98.197998 143.120987 160.003357
v -127.151855 -143.120987 180.408752
v -127.151855 143.120987 180.408752
v -151.834778 -143.120987 200.088318
v -151.834778 143.120987 200.088318
v -172.323486 -143.120987 219.771667
v -172.323486 143.120987 219.771667
v -188.694580 -143.120987 240.188232
v -188.694580 143.120987 240.188232
v -201.024719 -143.120987 262.067566
v -201.024719 143.120987 262.067566
v -209.390686 -143.120987 286.139465
v -209.390686 143.120987 286.139465
v -213.869019 -143.120987 313.133240
v -213.869019 143.120987 313.133240
v -214.536377 -143.120987 343.778381
v -214.536377 143.120987 343.778381
v -211.469482 -143.120987 378.804504
v -211.469482 143.120987 378.804504
v -204.744934 -143.120987 418.941223
v -204.744934 143.120987 418.941223
v -315.812744 -143.120987 351.972351
v -315.812744 143.120987 351.972351
v -414.172363 -143.120987 282.312317
v -414.172363 143.120987 282.312317
v -498.864868 -143.120987 210.911865
v -498.864868 143.120987 210.911865
v -568.931763 -143.120987 138.721863
v -568.931763 143.120987 138.721863
v -623.414062 -143.120987 66.693237
v -623.414062 143.120987 66.693237
v -661.352905 -143.120987 -4.222961
v -661.352905 143.120987 -4.222961
v -681.789795 -143.120987 -73.075928
v -681.789795 143.120987 -73.075928
v -683.765625 -143.120987 -138.914673
v -683.765625 143.120987 -138.914673
v -666.321777 -143.120987 -200.788391
v -666.321777 143.120987 -200.788391
v -628.499390 -143.120987 -257.745972
v -628.499390 143.120987 -257.745972
v -569.339966 -143.120987 -308.836639
v -569.339966 143.120987 -308.836639
v -487.884521 -143.120987 -353.109344
v -487.884521 143.120987 -353.109344
v -510.874268 -143.120987 -326.496796
v -510.874268 143.120987 -326.496796
v -530.008667 -143.120987 -296.896210
v -530.008667 143.120987 -296.896210
v -544.244751 -143.120987 -263.812744
v -544.244751 143.120987 -263.812744
v -552.539429 -143.120987 -226.751465
v -552.539429 143.120987 -226.751465
v -553.849365 -143.120987 -185.217651
v -553.849365 143.120987 -185.217651
v -547.131714 -143.120987 -138.716309
v -547.131714 143.120987 -138.716309
v -531.343262 -143.120987 -86.752563
v -531.343262 143.120987 -86.752563
v -505.441040 -143.120987 -28.831665
v -505.441040 143.120987 -28.831665
v -468.381714 -143.120987 35.541321
v -468.381714 143.120987 35.541321
v -419.122314 -143.120987 106.861145
v -419.122314 143.120987 106.861145
v -356.619629 -143.120987 185.622803
v -356.619629 143.120987 185.622803
v -279.830566 -143.120987 272.321106
v -279.830566 143.120987 272.321106
v -283.585571 -143.120987 240.317688
v -283.585571 143.120987 240.317688
v -285.804688 -143.120987 209.682922
v -285.804688 143.120987 209.682922
v -286.458984 -143.120987 180.442810
v -286.458984 143.120987 180.442810
v -285.519165 -143.120987 152.623108
v -285.519165 143.120987 152.623108
v -282.956299 -143.120987 126.249756
v -282.956299 143.120987 126.249756
v -278.741089 -143.120987 101.348816
v -278.741089 143.120987 101.348816
v -272.844604 -143.120987 77.946228
v -272.844604 143.120987 77.946228
v -265.237671 -143.120987 56.067749
v -265.237671 143.120987 56.067749
v -255.891113 -143.120987 35.739380
v -255.891113 143.120987 35.739380
v -244.775879 -143.120987 16.987061
v -244.775879 143.120987 16.987061
v -231.862915 -143.120987 -0.163330
v -231.862915 143.120987 -0.163330
v -217.122986 -143.120987 -15.685669
v -217.122986 143.120987 -15.685669
v -203.667358 -143.120987 -26.233765
v -203.667358 143.120987 -26.233765
v -188.647766 -143.120987 -34.386780
v -188.647766 143.120987 -34.386780
v -172.388916 -143.120987 -40.287903
v -172.388916 143.120987 -40.287903
v -155.215576 -143.120987 -44.080261
v -155.215576 143.120987 -44.080261
v -137.452271 -143.120987 -45.907104
v -137.452271 143.120987 -45.907104
v -119.423706 -143.120987 -45.911499
v -119.423706 143.120987 -45.911499
v -101.454529 -143.120987 -44.236755
v -101.454529 143.120987 -44.236755
v -83.869507 -143.120987 -41.025940
v -83.869507 143.120987 -41.025940
v -66.993103 -143.120987 -36.422241
v -66.993103 143.120987 -36.422241
v -51.150146 -143.120987 -30.568848
v -51.150146 143.120987 -30.568848
v -36.665222 -143.120987 -23.608948
v -36.665222 143.120987 -23.608948
v -23.863159 -143.120987 -15.685669
v -23.863159 143.120987 -15.685669
v -13.685791 -143.120987 -7.311340
v -13.685791 143.120987 -7.311340
v -5.104553 -143.120987 2.231750
v -5.104553 143.120987 2.231750
v 1.789246 -143.120987 12.726074
v 1.789246 143.120987 12.726074
v 6.904297 -143.120987 23.954163
v 6.904297 143.120987 23.954163
v 10.149292 -143.120987 35.698547
v 10.149292 143.120987 35.698547
v 11.432861 -143.120987 47.741699
v 11.432861 143.120987 47.741699
v 10.663574 -143.120987 59.866272
v 10.663574 143.120987 59.866272
v 7.750305 -143.120987 71.854614
v 7.750305 143.120987 71.854614
v 2.601440 -143.120987 83.489380
v 2.601440 143.120987 83.489380
v -4.874084 -143.120987 94.553040
v -4.874084 143.120987 94.553040
v -14.767761 -143.120987 104.828064
v -14.767761 143.120987 104.828064
vn 0.5684 -0.0000 0.8227
vn 0.5431 -0.0000 0.8396
vn 0.5625 -0.0000 0.8268
vn 0.6000 -0.0000 0.8000
vn 0.6588 -0.0000 0.7523
vn 0.7380 -0.0000 0.6748
vn 0.8284 -0.0000 0.5601
vn 0.9115 -0.0000 0.4113
vn 0.9691 -0.0000 0.2469
vn 0.9957 -0.0000 0.0930
vn 0.9995 -0.0000 -0.0328
vn 0.9920 -0.0000 -0.1263
vn 0.5622 -0.0000 0.8270
vn -0.5475 -0.0000 0.8368
vn -0.6118 -0.0000 0.7910
vn -0.6819 -0.0000 0.7314
vn -0.7590 -0.0000 0.6511
vn -0.8422 -0.0000 0.5391
vn -0.9250 -0.0000 0.3801
vn -0.9873 -0.0000 0.1586
vn -0.9925 -0.0000 -0.1221
vn -0.9088 -0.0000 -0.4173
vn -0.7503 -0.0000 -0.6611
vn -0.5688 -0.0000 -0.8224
vn 0.7788 -0.0000 -0.6273
vn 0.8002 -0.0000 0.5997
vn 0.8823 -0.0000 0.4707
vn 0.9513 -0.0000 0.3082
vn 0.9921 -0.0000 0.1255
vn 0.9984 -0.0000 -0.0559
vn 0.9761 -0.0000 -0.2175
vn 0.9367 -0.0000 -0.3502
vn 0.8909 -0.0000 -0.4542
vn 0.8454 -0.0000 -0.5341
vn 0.8035 -0.0000 -0.5953
vn 0.7662 -0.0000 -0.6426
vn -0.4085 -0.0000 -0.9128
vn -0.9955 -0.0000 0.0944
vn -0.9989 -0.0000 0.0473
vn -1.0000 -0.0000 -0.0057
vn -0.9979 -0.0000 -0.0653
vn -0.9913 -0.0000 -0.1319
vn -0.9786 -0.0000 -0.2058
vn -0.9580 -0.0000 -0.2866
vn -0.9276 -0.0000 -0.3735
vn -0.8856 -0.0000 -0.4644
vn -0.8308 -0.0000 -0.5565
vn -0.7633 -0.0000 -0.6461
vn -0.6728 -0.0000 -0.7398
vn -0.5489 -0.0000 -0.8359
vn -0.4103 -0.0000 -0.9120
vn -0.2790 -0.0000 -0.9603
vn -0.1592 -0.0000 -0.9872
vn -0.0513 -0.0000 -0.9987
vn 0.0463 -0.0000 -0.9989
vn 0.1363 -0.0000 -0.9907
vn 0.2216 -0.0000 -0.9751
vn 0.3052 -0.0000 -0.9523
vn 0.3903 -0.0000 -0.9207
vn 0.4804 -0.0000 -0.8771
vn 0.5821 -0.0000 -0.8131
vn 0.6914 -0.0000 -0.7224
vn 0.7920 -0.0000 -0.6106
vn 0.8755 -0.0000 -0.4832
vn 0.9399 -0.0000 -0.3415
vn 0.9824 -0.0000 -0.1868
vn 0.9998 -0.0000 -0.0214
vn 0.9886 -0.0000 0.1503
vn 0.9468 -0.0000 0.3217
vn 0.8750 -0.0000 0.4842
vn 0.7773 -0.0000 0.6291
vn 0.6617 -0.0000 0.7498
vt 0.000000 1.000000
vt 0.013889 1.000000
vt 0.013889 0.000000
vt 0.000000 0.000000
vt 0.027778 1.000000
vt 0.027778 0.000000
vt 0.041667 1.000000
vt 0.041667 0.000000
vt 0.055556 1.000000
vt 0.055556 0.000000
vt 0.069444 1.000000
vt 0.069444 0.000000
vt 0.083333 1.000000
vt 0.083333 0.000000
vt 0.097222 1.000000
vt 0.097222 0.000000
vt 0.111111 1.000000
vt 0.111111 0.000000
vt 0.125000 1.000000
vt 0.125000 0.000000
vt 0.138889 1.000000
vt 0.138889 0.000000
vt 0.152778 1.000000
vt 0.152778 0.000000
vt 0.166667 1.000000
vt 0.166667 0.000000
vt 0.180556 1.000000
vt 0.180556 0.000000
vt 0.194444 1.000000
vt 0.194444 0.000000
vt 0.208333 1.000000
vt 0.208333 0.000000
vt 0.222222 1.000000
vt 0.222222 0.000000
vt 0.236111 1.000000
vt 0.236111 0.000000
vt 0.250000 1.000000
vt 0.250000 0.000000
vt 0.263889 1.000000
vt 0.263889 0.000000
vt 0.277778 1.000000
vt 0.277778 0.000000
vt 0.291667 1.000000
vt 0.291667 0.000000
vt 0.305556 1.000000
vt 0.305556 0.000000
vt 0.319444 1.000000
vt 0.319444 0.000000
vt 0.333333 1.000000
vt 0.333333 0.000000
vt 0.347222 1.000000
vt 0.347222 0.000000
vt 0.361111 1.000000
vt 0.361111 0.000000
vt 0.375000 1.000000
vt 0.375000 0.000000
vt 0.388889 1.000000
vt 0.388889 0.000000
vt 0.402778 1.000000
vt 0.402778 0.000000
vt 0.416667 1.000000
vt 0.416667 0.000000
vt 0.430556 1.000000
vt 0.430556 0.000000
vt 0.444444 1.000000
vt 0.444444 0.000000
vt 0.458333 1.000000
vt 0.458333 0.000000
vt 0.472222 1.000000
vt 0.472222 0.000000
vt 0.486111 1.000000
vt 0.486111 0.000000
vt 0.500000 1.000000
vt 0.500000 0.000000
vt 0.513889 1.000000
vt 0.513889 0.000000
vt 0.527778 1.000000
vt 0.527778 0.000000
vt 0.541667 1.000000
vt 0.541667 0.000000
vt 0.555556 1.000000
vt 0.555556 0.000000
vt 0.569444 1.000000
vt 0.569444 0.000000
vt 0.583333 1.000000
vt 0.583333 0.000000
vt 0.597222 1.000000
vt 0.597222 0.000000
vt 0.611111 1.000000
vt 0.611111 0.000000
vt 0.625000 1.000000
vt 0.625000 0.000000
vt 0.638889 1.000000
vt 0.638889 0.000000
vt 0.652778 1.000000
vt 0.652778 0.000000
vt 0.666667 1.000000
vt 0.666667 0.000000
vt 0.680556 1.000000
vt 0.680556 0.000000
vt 0.694444 1.000000
vt 0.694444 0.000000
vt 0.708333 1.000000
vt 0.708333 0.000000
vt 0.722222 1.000000
vt 0.722222 0.000000
vt 0.736111 1.000000
vt 0.736111 0.000000
vt 0.750000 1.000000
vt 0.750000 0.000000
vt 0.763889 1.000000
vt 0.763889 0.000000
vt 0.777778 1.000000
vt 0.777778 0.000000
vt 0.791667 1.000000
vt 0.791667 0.000000
vt 0.805556 1.000000
vt 0.805556 0.000000
vt 0.819444 1.000000
vt 0.819444 0.000000
vt 0.833333 1.000000
vt 0.833333 0.000000
vt 0.847222 1.000000
vt 0.847222 0.000000
vt 0.861111 1.000000
vt 0.861111 0.000000
vt 0.875000 1.000000
vt 0.875000 0.000000
vt 0.888889 1.000000
vt 0.888889 0.000000
vt 0.902778 1.000000
vt 0.902778 0.000000
vt 0.916667 1.000000
vt 0.916667 0.000000
vt 0.930556 1.000000
vt 0.930556 0.000000
vt 0.944444 1.000000
vt 0.944444 0.000000
vt 0.958333 1.000000
vt 0.958333 0.000000
vt 0.972222 1.000000
vt 0.972222 0.000000
vt 0.986111 1.000000
vt 0.986111 0.000000
vt 1.000000 1.000000
vt 1.000000 0.000000
s 1
usemtl SVGMat.012
f 1250/1261/567 1252/1262/568 1251/1263/568 1249/1264/567
f 1252/1262/568 1254/1265/569 1253/1266/569 1251/1263/568
f 1254/1265/569 1256/1267/570 1255/1268/570 1253/1266/569
f 1256/1267/570 1258/1269/571 1257/1270/571 1255/1268/570
f 1258/1269/571 1260/1271/572 1259/1272/572 1257/1270/571
f 1260/1271/572 1262/1273/573 1261/1274/573 1259/1272/572
f 1262/1273/573 1264/1275/574 1263/1276/574 1261/1274/573
f 1264/1275/574 1266/1277/575 1265/1278/575 1263/1276/574
f 1266/1277/575 1268/1279/576 1267/1280/576 1265/1278/575
f 1268/1279/576 1270/1281/577 1269/1282/577 1267/1280/576
f 1270/1281/577 1272/1283/578 1271/1284/578 1269/1282/577
f 1272/1283/578 1274/1285/579 1273/1286/579 1271/1284/578
f 1274/1285/579 1276/1287/580 1275/1288/580 1273/1286/579
f 1276/1287/580 1278/1289/581 1277/1290/581 1275/1288/580
f 1278/1289/581 1280/1291/582 1279/1292/582 1277/1290/581
f 1280/1291/582 1282/1293/583 1281/1294/583 1279/1292/582
f 1282/1293/583 1284/1295/584 1283/1296/584 1281/1294/583
f 1284/1295/584 1286/1297/585 1285/1298/585 1283/1296/584
f 1286/1297/585 1288/1299/586 1287/1300/586 1285/1298/585
f 1288/1299/586 1290/1301/587 1289/1302/587 1287/1300/586
f 1290/1301/587 1292/1303/588 1291/1304/588 1289/1302/587
f 1292/1303/588 1294/1305/589 1293/1306/589 1291/1304/588
f 1294/1305/589 1296/1307/590 1295/1308/590 1293/1306/589
f 1296/1307/590 1298/1309/591 1297/1310/591 1295/1308/590
f 1298/1309/591 1300/1311/592 1299/1312/592 1297/1310/591
f 1300/1311/592 1302/1313/593 1301/1314/593 1299/1312/592
f 1302/1313/593 1304/1315/594 1303/1316/594 1301/1314/593
f 1304/1315/594 1306/1317/595 1305/1318/595 1303/1316/594
f 1306/1317/595 1308/1319/596 1307/1320/596 1305/1318/595
f 1308/1319/596 1310/1321/597 1309/1322/597 1307/1320/596
f 1310/1321/597 1312/1323/598 1311/1324/598 1309/1322/597
f 1312/1323/598 1314/1325/599 1313/1326/599 1311/1324/598
f 1314/1325/599 1316/1327/600 1315/1328/600 1313/1326/599
f 1316/1327/600 1318/1329/601 1317/1330/601 1315/1328/600
f 1318/1329/601 1320/1331/602 1319/1332/602 1317/1330/601
f 1320/1331/602 1322/1333/603 1321/1334/603 1319/1332/602
f 1322/1333/603 1324/1335/604 1323/1336/604 1321/1334/603
f 1324/1335/604 1326/1337/605 1325/1338/605 1323/1336/604
f 1326/1337/605 1328/1339/606 1327/1340/606 1325/1338/605
f 1328/1339/606 1330/1341/607 1329/1342/607 1327/1340/606
f 1330/1341/607 1332/1343/608 1331/1344/608 1329/1342/607
f 1332/1343/608 1334/1345/609 1333/1346/609 1331/1344/608
f 1334/1345/609 1336/1347/610 1335/1348/610 1333/1346/609
f 1336/1347/610 1338/1349/611 1337/1350/611 1335/1348/610
f 1338/1349/611 1340/1351/612 1339/1352/612 1337/1350/611
f 1340/1351/612 1342/1353/613 1341/1354/613 1339/1352/612
f 1342/1353/613 1344/1355/614 1343/1356/614 1341/1354/613
f 1344/1355/614 1346/1357/615 1345/1358/615 1343/1356/614
f 1346/1357/615 1348/1359/616 1347/1360/616 1345/1358/615
f 1348/1359/616 1350/1361/617 1349/1362/617 1347/1360/616
f 1350/1361/617 1352/1363/618 1351/1364/618 1349/1362/617
f 1352/1363/618 1354/1365/619 1353/1366/619 1351/1364/618
f 1354/1365/619 1356/1367/620 1355/1368/620 1353/1366/619
f 1356/1367/620 1358/1369/621 1357/1370/621 1355/1368/620
f 1358/1369/621 1360/1371/622 1359/1372/622 1357/1370/621
f 1360/1371/622 1362/1373/623 1361/1374/623 1359/1372/622
f 1362/1373/623 1364/1375/624 1363/1376/624 1361/1374/623
f 1364/1375/624 1366/1377/625 1365/1378/625 1363/1376/624
f 1366/1377/625 1368/1379/626 1367/1380/626 1365/1378/625
f 1368/1379/626 1370/1381/627 1369/1382/627 1367/1380/626
f 1370/1381/627 1372/1383/628 1371/1384/628 1369/1382/627
f 1372/1383/628 1374/1385/629 1373/1386/629 1371/1384/628
f 1374/1385/629 1376/1387/630 1375/1388/630 1373/1386/629
f 1376/1387/630 1378/1389/631 1377/1390/631 1375/1388/630
f 1378/1389/631 1380/1391/632 1379/1392/632 1377/1390/631
f 1380/1391/632 1382/1393/633 1381/1394/633 1379/1392/632
f 1382/1393/633 1384/1395/634 1383/1396/634 1381/1394/633
f 1384/1395/634 1386/1397/635 1385/1398/635 1383/1396/634
f 1386/1397/635 1388/1399/636 1387/1400/636 1385/1398/635
f 1388/1399/636 1390/1401/637 1389/1402/637 1387/1400/636
f 1390/1401/637 1392/1403/638 1391/1404/638 1389/1402/637
f 1392/1403/638 1250/1405/567 1249/1406/567 1391/1404/638
o Curve.003
v -27.170837 -143.120987 114.097168
v -27.170837 143.120987 114.097168
v -64.896545 -143.120987 138.142700
v -64.896545 143.120987 138.142700
v -98.197998 -143.120987 160.003357
v -98.197998 143.120987 160.003357
v -127.151855 -143.120987 180.408752
v -127.151855 143.120987 180.408752
v -151.834778 -143.120987 200.088318
v -151.834778 143.120987 200.088318
v -172.323486 -143.120987 219.771667
v -172.323486 143.120987 219.771667
v -188.694580 -143.120987 240.188232
v -188.694580 143.120987 240.188232
v -201.024719 -143.120987 262.067566
v -201.024719 143.120987 262.067566
v -209.390686 -143.120987 286.139465
v -209.390686 143.120987 286.139465
v -213.869019 -143.120987 313.133240
v -213.869019 143.120987 313.133240
v -214.536377 -143.120987 343.778381
v -214.536377 143.120987 343.778381
v -211.469482 -143.120987 378.804504
v -211.469482 143.120987 378.804504
v -204.744934 -143.120987 418.941223
v -204.744934 143.120987 418.941223
v -315.812744 -143.120987 351.972351
v -315.812744 143.120987 351.972351
v -414.172363 -143.120987 282.312317
v -414.172363 143.120987 282.312317
v -498.864868 -143.120987 210.911865
v -498.864868 143.120987 210.911865
v -568.931763 -143.120987 138.721863
v -568.931763 143.120987 138.721863
v -623.414062 -143.120987 66.693237
v -623.414062 143.120987 66.693237
v -661.352905 -143.120987 -4.222961
v -661.352905 143.120987 -4.222961
v -681.789795 -143.120987 -73.075928
v -681.789795 143.120987 -73.075928
v -683.765625 -143.120987 -138.914673
v -683.765625 143.120987 -138.914673
v -666.321777 -143.120987 -200.788391
v -666.321777 143.120987 -200.788391
v -628.499390 -143.120987 -257.745972
v -628.499390 143.120987 -257.745972
v -569.339966 -143.120987 -308.836639
v -569.339966 143.120987 -308.836639
v -487.884521 -143.120987 -353.109344
v -487.884521 143.120987 -353.109344
v -510.874268 -143.120987 -326.496796
v -510.874268 143.120987 -326.496796
v -530.008667 -143.120987 -296.896210
v -530.008667 143.120987 -296.896210
v -544.244751 -143.120987 -263.812744
v -544.244751 143.120987 -263.812744
v -552.539429 -143.120987 -226.751465
v -552.539429 143.120987 -226.751465
v -553.849365 -143.120987 -185.217651
v -553.849365 143.120987 -185.217651
v -547.131714 -143.120987 -138.716309
v -547.131714 143.120987 -138.716309
v -531.343262 -143.120987 -86.752563
v -531.343262 143.120987 -86.752563
v -505.441040 -143.120987 -28.831665
v -505.441040 143.120987 -28.831665
v -468.381714 -143.120987 35.541321
v -468.381714 143.120987 35.541321
v -419.122314 -143.120987 106.861145
v -419.122314 143.120987 106.861145
v -356.619629 -143.120987 185.622803
v -356.619629 143.120987 185.622803
v -279.830566 -143.120987 272.321106
v -279.830566 143.120987 272.321106
v -283.585571 -143.120987 240.317688
v -283.585571 143.120987 240.317688
v -285.804688 -143.120987 209.682922
v -285.804688 143.120987 209.682922
v -286.458984 -143.120987 180.442810
v -286.458984 143.120987 180.442810
v -285.519165 -143.120987 152.623108
v -285.519165 143.120987 152.623108
v -282.956299 -143.120987 126.249756
v -282.956299 143.120987 126.249756
v -278.741089 -143.120987 101.348816
v -278.741089 143.120987 101.348816
v -272.844604 -143.120987 77.946228
v -272.844604 143.120987 77.946228
v -265.237671 -143.120987 56.067749
v -265.237671 143.120987 56.067749
v -255.891113 -143.120987 35.739380
v -255.891113 143.120987 35.739380
v -244.775879 -143.120987 16.987061
v -244.775879 143.120987 16.987061
v -231.862915 -143.120987 -0.163330
v -231.862915 143.120987 -0.163330
v -217.122986 -143.120987 -15.685669
v -217.122986 143.120987 -15.685669
v -203.667358 -143.120987 -26.233765
v -203.667358 143.120987 -26.233765
v -188.647766 -143.120987 -34.386780
v -188.647766 143.120987 -34.386780
v -172.388916 -143.120987 -40.287903
v -172.388916 143.120987 -40.287903
v -155.215576 -143.120987 -44.080261
v -155.215576 143.120987 -44.080261
v -137.452271 -143.120987 -45.907104
v -137.452271 143.120987 -45.907104
v -119.423706 -143.120987 -45.911499
v -119.423706 143.120987 -45.911499
v -101.454529 -143.120987 -44.236755
v -101.454529 143.120987 -44.236755
v -83.869507 -143.120987 -41.025940
v -83.869507 143.120987 -41.025940
v -66.993103 -143.120987 -36.422241
v -66.993103 143.120987 -36.422241
v -51.150146 -143.120987 -30.568848
v -51.150146 143.120987 -30.568848
v -36.665222 -143.120987 -23.608948
v -36.665222 143.120987 -23.608948
v -23.863159 -143.120987 -15.685669
v -23.863159 143.120987 -15.685669
v -13.685791 -143.120987 -7.311340
v -13.685791 143.120987 -7.311340
v -5.104553 -143.120987 2.231750
v -5.104553 143.120987 2.231750
v 1.789246 -143.120987 12.726074
v 1.789246 143.120987 12.726074
v 6.904297 -143.120987 23.954163
v 6.904297 143.120987 23.954163
v 10.149292 -143.120987 35.698547
v 10.149292 143.120987 35.698547
v 11.432861 -143.120987 47.741699
v 11.432861 143.120987 47.741699
v 10.663574 -143.120987 59.866272
v 10.663574 143.120987 59.866272
v 7.750305 -143.120987 71.854614
v 7.750305 143.120987 71.854614
v 2.601440 -143.120987 83.489380
v 2.601440 143.120987 83.489380
v -4.874084 -143.120987 94.553040
v -4.874084 143.120987 94.553040
v -14.767761 -143.120987 104.828064
v -14.767761 143.120987 104.828064
vn 0.5684 -0.0000 0.8227
vn 0.5431 -0.0000 0.8396
vn 0.5625 -0.0000 0.8268
vn 0.6000 -0.0000 0.8000
vn 0.6588 -0.0000 0.7523
vn 0.7380 -0.0000 0.6748
vn 0.8284 -0.0000 0.5601
vn 0.9115 -0.0000 0.4113
vn 0.9691 -0.0000 0.2469
vn 0.9957 -0.0000 0.0930
vn 0.9995 -0.0000 -0.0328
vn 0.9920 -0.0000 -0.1263
vn 0.5622 -0.0000 0.8270
vn -0.5475 -0.0000 0.8368
vn -0.6118 -0.0000 0.7910
vn -0.6819 -0.0000 0.7314
vn -0.7590 -0.0000 0.6511
vn -0.8422 -0.0000 0.5391
vn -0.9250 -0.0000 0.3801
vn -0.9873 -0.0000 0.1586
vn -0.9925 -0.0000 -0.1221
vn -0.9088 -0.0000 -0.4173
vn -0.7503 -0.0000 -0.6611
vn -0.5688 -0.0000 -0.8224
vn 0.7788 -0.0000 -0.6273
vn 0.8002 -0.0000 0.5997
vn 0.8823 -0.0000 0.4707
vn 0.9513 -0.0000 0.3082
vn 0.9921 -0.0000 0.1255
vn 0.9984 -0.0000 -0.0559
vn 0.9761 -0.0000 -0.2175
vn 0.9367 -0.0000 -0.3502
vn 0.8909 -0.0000 -0.4542
vn 0.8454 -0.0000 -0.5341
vn 0.8035 -0.0000 -0.5953
vn 0.7662 -0.0000 -0.6426
vn -0.4085 -0.0000 -0.9128
vn -0.9955 -0.0000 0.0944
vn -0.9989 -0.0000 0.0473
vn -1.0000 -0.0000 -0.0057
vn -0.9979 -0.0000 -0.0653
vn -0.9913 -0.0000 -0.1319
vn -0.9786 -0.0000 -0.2058
vn -0.9580 -0.0000 -0.2866
vn -0.9276 -0.0000 -0.3735
vn -0.8856 -0.0000 -0.4644
vn -0.8308 -0.0000 -0.5565
vn -0.7633 -0.0000 -0.6461
vn -0.6728 -0.0000 -0.7398
vn -0.5489 -0.0000 -0.8359
vn -0.4103 -0.0000 -0.9120
vn -0.2790 -0.0000 -0.9603
vn -0.1592 -0.0000 -0.9872
vn -0.0513 -0.0000 -0.9987
vn 0.0463 -0.0000 -0.9989
vn 0.1363 -0.0000 -0.9907
vn 0.2216 -0.0000 -0.9751
vn 0.3052 -0.0000 -0.9523
vn 0.3903 -0.0000 -0.9207
vn 0.4804 -0.0000 -0.8771
vn 0.5821 -0.0000 -0.8131
vn 0.6914 -0.0000 -0.7224
vn 0.7920 -0.0000 -0.6106
vn 0.8755 -0.0000 -0.4832
vn 0.9399 -0.0000 -0.3415
vn 0.9824 -0.0000 -0.1868
vn 0.9998 -0.0000 -0.0214
vn 0.9886 -0.0000 0.1503
vn 0.9468 -0.0000 0.3217
vn 0.8750 -0.0000 0.4842
vn 0.7773 -0.0000 0.6291
vn 0.6617 -0.0000 0.7498
vt 0.000000 1.000000
vt 0.013889 1.000000
vt 0.013889 0.000000
vt 0.000000 0.000000
vt 0.027778 1.000000
vt 0.027778 0.000000
vt 0.041667 1.000000
vt 0.041667 0.000000
vt 0.055556 1.000000
vt 0.055556 0.000000
vt 0.069444 1.000000
vt 0.069444 0.000000
vt 0.083333 1.000000
vt 0.083333 0.000000
vt 0.097222 1.000000
vt 0.097222 0.000000
vt 0.111111 1.000000
vt 0.111111 0.000000
vt 0.125000 1.000000
vt 0.125000 0.000000
vt 0.138889 1.000000
vt 0.138889 0.000000
vt 0.152778 1.000000
vt 0.152778 0.000000
vt 0.166667 1.000000
vt 0.166667 0.000000
vt 0.180556 1.000000
vt 0.180556 0.000000
vt 0.194444 1.000000
vt 0.194444 0.000000
vt 0.208333 1.000000
vt 0.208333 0.000000
vt 0.222222 1.000000
vt 0.222222 0.000000
vt 0.236111 1.000000
vt 0.236111 0.000000
vt 0.250000 1.000000
vt 0.250000 0.000000
vt 0.263889 1.000000
vt 0.263889 0.000000
vt 0.277778 1.000000
vt 0.277778 0.000000
vt 0.291667 1.000000
vt 0.291667 0.000000
vt 0.305556 1.000000
vt 0.305556 0.000000
vt 0.319444 1.000000
vt 0.319444 0.000000
vt 0.333333 1.000000
vt 0.333333 0.000000
vt 0.347222 1.000000
vt 0.347222 0.000000
vt 0.361111 1.000000
vt 0.361111 0.000000
vt 0.375000 1.000000
vt 0.375000 0.000000
vt 0.388889 1.000000
vt 0.388889 0.000000
vt 0.402778 1.000000
vt 0.402778 0.000000
vt 0.416667 1.000000
vt 0.416667 0.000000
vt 0.430556 1.000000
vt 0.430556 0.000000
vt 0.444444 1.000000
vt 0.444444 0.000000
vt 0.458333 1.000000
vt 0.458333 0.000000
vt 0.472222 1.000000
vt 0.472222 0.000000
vt 0.486111 1.000000
vt 0.486111 0.000000
vt 0.500000 1.000000
vt 0.500000 0.000000
vt 0.513889 1.000000
vt 0.513889 0.000000
vt 0.527778 1.000000
vt 0.527778 0.000000
vt 0.541667 1.000000
vt 0.541667 0.000000
vt 0.555556 1.000000
vt 0.555556 0.000000
vt 0.569444 1.000000
vt 0.569444 0.000000
vt 0.583333 1.000000
vt 0.583333 0.000000
vt 0.597222 1.000000
vt 0.597222 0.000000
vt 0.611111 1.000000
vt 0.611111 0.000000
vt 0.625000 1.000000
vt 0.625000 0.000000
vt 0.638889 1.000000
vt 0.638889 0.000000
vt 0.652778 1.000000
vt 0.652778 0.000000
vt 0.666667 1.000000
vt 0.666667 0.000000
vt 0.680556 1.000000
vt 0.680556 0.000000
vt 0.694444 1.000000
vt 0.694444 0.000000
vt 0.708333 1.000000
vt 0.708333 0.000000
vt 0.722222 1.000000
vt 0.722222 0.000000
vt 0.736111 1.000000
vt 0.736111 0.000000
vt 0.750000 1.000000
vt 0.750000 0.000000
vt 0.763889 1.000000
vt 0.763889 0.000000
vt 0.777778 1.000000
vt 0.777778 0.000000
vt 0.791667 1.000000
vt 0.791667 0.000000
vt 0.805556 1.000000
vt 0.805556 0.000000
vt 0.819444 1.000000
vt 0.819444 0.000000
vt 0.833333 1.000000
vt 0.833333 0.000000
vt 0.847222 1.000000
vt 0.847222 0.000000
vt 0.861111 1.000000
vt 0.861111 0.000000
vt 0.875000 1.000000
vt 0.875000 0.000000
vt 0.888889 1.000000
vt 0.888889 0.000000
vt 0.902778 1.000000
vt 0.902778 0.000000
vt 0.916667 1.000000
vt 0.916667 0.000000
vt 0.930556 1.000000
vt 0.930556 0.000000
vt 0.944444 1.000000
vt 0.944444 0.000000
vt 0.958333 1.000000
vt 0.958333 0.000000
vt 0.972222 1.000000
vt 0.972222 0.000000
vt 0.986111 1.000000
vt 0.986111 0.000000
vt 1.000000 1.000000
vt 1.000000 0.000000
s 1
usemtl SVGMat.012
f 1394/1407/639 1396/1408/640 1395/1409/640 1393/1410/639
f 1396/1408/640 1398/1411/641 1397/1412/641 1395/1409/640
f 1398/1411/641 1400/1413/642 1399/1414/642 1397/1412/641
f 1400/1413/642 1402/1415/643 1401/1416/643 1399/1414/642
f 1402/1415/643 1404/1417/644 1403/1418/644 1401/1416/643
f 1404/1417/644 1406/1419/645 1405/1420/645 1403/1418/644
f 1406/1419/645 1408/1421/646 1407/1422/646 1405/1420/645
f 1408/1421/646 1410/1423/647 1409/1424/647 1407/1422/646
f 1410/1423/647 1412/1425/648 1411/1426/648 1409/1424/647
f 1412/1425/648 1414/1427/649 1413/1428/649 1411/1426/648
f 1414/1427/649 1416/1429/650 1415/1430/650 1413/1428/649
f 1416/1429/650 1418/1431/651 1417/1432/651 1415/1430/650
f 1418/1431/651 1420/1433/652 1419/1434/652 1417/1432/651
f 1420/1433/652 1422/1435/653 1421/1436/653 1419/1434/652
f 1422/1435/653 1424/1437/654 1423/1438/654 1421/1436/653
f 1424/1437/654 1426/1439/655 1425/1440/655 1423/1438/654
f 1426/1439/655 1428/1441/656 1427/1442/656 1425/1440/655
f 1428/1441/656 1430/1443/657 1429/1444/657 1427/1442/656
f 1430/1443/657 1432/1445/658 1431/1446/658 1429/1444/657
f 1432/1445/658 1434/1447/659 1433/1448/659 1431/1446/658
f 1434/1447/659 1436/1449/660 1435/1450/660 1433/1448/659
f 1436/1449/660 1438/1451/661 1437/1452/661 1435/1450/660
f 1438/1451/661 1440/1453/662 1439/1454/662 1437/1452/661
f 1440/1453/662 1442/1455/663 1441/1456/663 1439/1454/662
f 1442/1455/663 1444/1457/664 1443/1458/664 1441/1456/663
f 1444/1457/664 1446/1459/665 1445/1460/665 1443/1458/664
f 1446/1459/665 1448/1461/666 1447/1462/666 1445/1460/665
f 1448/1461/666 1450/1463/667 1449/1464/667 1447/1462/666
f 1450/1463/667 1452/1465/668 1451/1466/668 1449/1464/667
f 1452/1465/668 1454/1467/669 1453/1468/669 1451/1466/668
f 1454/1467/669 1456/1469/670 1455/1470/670 1453/1468/669
f 1456/1469/670 1458/1471/671 1457/1472/671 1455/1470/670
f 1458/1471/671 1460/1473/672 1459/1474/672 1457/1472/671
f 1460/1473/672 1462/1475/673 1461/1476/673 1459/1474/672
f 1462/1475/673 1464/1477/674 1463/1478/674 1461/1476/673
f 1464/1477/674 1466/1479/675 1465/1480/675 1463/1478/674
f 1466/1479/675 1468/1481/676 1467/1482/676 1465/1480/675
f 1468/1481/676 1470/1483/677 1469/1484/677 1467/1482/676
f 1470/1483/677 1472/1485/678 1471/1486/678 1469/1484/677
f 1472/1485/678 1474/1487/679 1473/1488/679 1471/1486/678
f 1474/1487/679 1476/1489/680 1475/1490/680 1473/1488/679
f 1476/1489/680 1478/1491/681 1477/1492/681 1475/1490/680
f 1478/1491/681 1480/1493/682 1479/1494/682 1477/1492/681
f 1480/1493/682 1482/1495/683 1481/1496/683 1479/1494/682
f 1482/1495/683 1484/1497/684 1483/1498/684 1481/1496/683
f 1484/1497/684 1486/1499/685 1485/1500/685 1483/1498/684
f 1486/1499/685 1488/1501/686 1487/1502/686 1485/1500/685
f 1488/1501/686 1490/1503/687 1489/1504/687 1487/1502/686
f 1490/1503/687 1492/1505/688 1491/1506/688 1489/1504/687
f 1492/1505/688 1494/1507/689 1493/1508/689 1491/1506/688
f 1494/1507/689 1496/1509/690 1495/1510/690 1493/1508/689
f 1496/1509/690 1498/1511/691 1497/1512/691 1495/1510/690
f 1498/1511/691 1500/1513/692 1499/1514/692 1497/1512/691
f 1500/1513/692 1502/1515/693 1501/1516/693 1499/1514/692
f 1502/1515/693 1504/1517/694 1503/1518/694 1501/1516/693
f 1504/1517/694 1506/1519/695 1505/1520/695 1503/1518/694
f 1506/1519/695 1508/1521/696 1507/1522/696 1505/1520/695
f 1508/1521/696 1510/1523/697 1509/1524/697 1507/1522/696
f 1510/1523/697 1512/1525/698 1511/1526/698 1509/1524/697
f 1512/1525/698 1514/1527/699 1513/1528/699 1511/1526/698
f 1514/1527/699 1516/1529/700 1515/1530/700 1513/1528/699
f 1516/1529/700 1518/1531/701 1517/1532/701 1515/1530/700
f 1518/1531/701 1520/1533/702 1519/1534/702 1517/1532/701
f 1520/1533/702 1522/1535/703 1521/1536/703 1519/1534/702
f 1522/1535/703 1524/1537/704 1523/1538/704 1521/1536/703
f 1524/1537/704 1526/1539/705 1525/1540/705 1523/1538/704
f 1526/1539/705 1528/1541/706 1527/1542/706 1525/1540/705
f 1528/1541/706 1530/1543/707 1529/1544/707 1527/1542/706
f 1530/1543/707 1532/1545/708 1531/1546/708 1529/1544/707
f 1532/1545/708 1534/1547/709 1533/1548/709 1531/1546/708
f 1534/1547/709 1536/1549/710 1535/1550/710 1533/1548/709
f 1536/1549/710 1394/1551/639 1393/1552/639 1535/1550/710
o Curve.004
v 0.011096 0.000000 7.552101
v -0.397614 0.000000 6.998551
v -0.732263 0.000000 6.476391
v -0.994473 0.000000 5.984932
v -1.185871 0.000000 5.523486
v -1.308080 0.000000 5.091363
v -1.362725 0.000000 4.687875
v -1.351432 0.000000 4.312334
v -1.275825 0.000000 3.964049
v -1.137527 0.000000 3.642334
v -0.938167 0.000000 3.346498
v -0.679366 0.000000 3.075855
v -0.362751 0.000000 2.829713
v -0.443682 0.000000 2.999239
v -0.503612 0.000000 3.174014
v -0.542727 0.000000 3.353992
v -0.561215 0.000000 3.539125
v -0.559262 0.000000 3.729368
v -0.537054 0.000000 3.924673
v -0.494778 0.000000 4.124995
v -0.432621 0.000000 4.330287
v -0.350767 0.000000 4.540501
v -0.249406 0.000000 4.755593
v -0.128722 0.000000 4.975514
v 0.011096 0.000000 5.200217
v 0.068717 0.000000 5.079966
v 0.130697 0.000000 4.962004
v 0.197420 0.000000 4.846027
v 0.269268 0.000000 4.731731
v 0.346625 0.000000 4.618812
v 0.429877 0.000000 4.506966
v 0.519406 0.000000 4.395890
v 0.615596 0.000000 4.285280
v 0.718831 0.000000 4.174830
v 0.829494 0.000000 4.064238
v 0.947971 0.000000 3.953200
v 1.074644 0.000000 3.841409
v 1.293958 0.000000 3.653309
v 1.513273 0.000000 3.465209
v 1.732588 0.000000 3.277110
v 1.951904 0.000000 3.089010
v 2.171220 0.000000 2.900910
v 2.390537 0.000000 2.712811
v 2.609853 0.000000 2.524711
v 2.829170 0.000000 2.336611
v 3.048488 0.000000 2.148511
v 3.267805 0.000000 1.960412
v 3.487123 0.000000 1.772312
v 3.706440 0.000000 1.584209
v 3.877893 0.000000 1.424520
v 4.036245 0.000000 1.251256
v 4.179298 0.000000 1.066998
v 4.304857 0.000000 0.874329
v 4.410725 0.000000 0.675829
v 4.494706 0.000000 0.474080
v 4.554605 0.000000 0.271662
v 4.588225 0.000000 0.071158
v 4.593370 0.000000 -0.124851
v 4.567845 0.000000 -0.313783
v 4.509453 0.000000 -0.493058
v 4.415998 0.000000 -0.660095
v 4.533596 0.000000 -0.610253
v 4.648167 0.000000 -0.550726
v 4.759599 0.000000 -0.481160
v 4.867782 0.000000 -0.401196
v 4.972603 0.000000 -0.310479
v 5.073952 0.000000 -0.208652
v 5.171717 0.000000 -0.095361
v 5.265787 0.000000 0.029752
v 5.356050 0.000000 0.167043
v 5.442396 0.000000 0.316867
v 5.524713 0.000000 0.479581
v 5.602889 0.000000 0.655541
v 5.652994 0.000000 0.829290
v 5.666530 0.000000 1.012708
v 5.647922 0.000000 1.202446
v 5.601597 0.000000 1.395156
v 5.531981 0.000000 1.587488
v 5.443501 0.000000 1.776091
v 5.340581 0.000000 1.957617
v 5.227650 0.000000 2.128718
v 5.109132 0.000000 2.286043
v 4.989455 0.000000 2.426242
v 4.873043 0.000000 2.545969
v 4.764325 0.000000 2.641870
v 4.533952 0.000000 2.826359
v 4.302507 0.000000 3.011384
v 4.069920 0.000000 3.196983
v 3.836115 0.000000 3.383189
v 3.601023 0.000000 3.570038
v 3.364569 0.000000 3.757570
v 3.126682 0.000000 3.945817
v 2.887288 0.000000 4.134819
v 2.646317 0.000000 4.324608
v 2.403695 0.000000 4.515223
v 2.159349 0.000000 4.706698
v 1.913208 0.000000 4.899071
v 1.685642 0.000000 5.084619
v 1.469997 0.000000 5.276796
v 1.266463 0.000000 5.475551
v 1.075230 0.000000 5.680835
v 0.896489 0.000000 5.892598
v 0.730432 0.000000 6.110786
v 0.577247 0.000000 6.335352
v 0.437127 0.000000 6.566247
v 0.310261 0.000000 6.803421
v 0.196841 0.000000 7.046819
v 0.097056 0.000000 7.296397
vn -0.0000 1.0000 -0.0000
vt 1.000000 0.000000
vt 0.009346 0.000000
vt 0.000000 0.000000
vt 0.990654 0.000000
vt 0.981308 0.000000
vt 0.018692 0.000000
vt 0.971963 0.000000
vt 0.962617 0.000000
vt 0.028037 0.000000
vt 0.953271 0.000000
vt 0.943925 0.000000
vt 0.037383 0.000000
vt 0.934579 0.000000
vt 0.925234 0.000000
vt 0.046729 0.000000
vt 0.915888 0.000000
vt 0.224299 0.000000
vt 0.906542 0.000000
vt 0.233645 0.000000
vt 0.214953 0.000000
vt 0.056075 0.000000
vt 0.897196 0.000000
vt 0.242991 0.000000
vt 0.205607 0.000000
vt 0.252336 0.000000
vt 0.887850 0.000000
vt 0.261682 0.000000
vt 0.196262 0.000000
vt 0.271028 0.000000
vt 0.878505 0.000000
vt 0.065421 0.000000
vt 0.280374 0.000000
vt 0.186916 0.000000
vt 0.869159 0.000000
vt 0.289720 0.000000
vt 0.299065 0.000000
vt 0.177570 0.000000
vt 0.859813 0.000000
vt 0.074766 0.000000
vt 0.308411 0.000000
vt 0.317757 0.000000
vt 0.850467 0.000000
vt 0.168224 0.000000
vt 0.327103 0.000000
vt 0.084112 0.000000
vt 0.336449 0.000000
vt 0.841121 0.000000
vt 0.158879 0.000000
vt 0.345794 0.000000
vt 0.831776 0.000000
vt 0.149533 0.000000
vt 0.355140 0.000000
vt 0.093458 0.000000
vt 0.822430 0.000000
vt 0.140187 0.000000
vt 0.364486 0.000000
vt 0.813084 0.000000
vt 0.130841 0.000000
vt 0.102804 0.000000
vt 0.373832 0.000000
vt 0.803738 0.000000
vt 0.121495 0.000000
vt 0.383178 0.000000
vt 0.112150 0.000000
vt 0.794393 0.000000
vt 0.392523 0.000000
vt 0.785047 0.000000
vt 0.401869 0.000000
vt 0.775701 0.000000
vt 0.766355 0.000000
vt 0.411215 0.000000
vt 0.757009 0.000000
vt 0.420561 0.000000
vt 0.747664 0.000000
vt 0.429907 0.000000
vt 0.738318 0.000000
vt 0.439252 0.000000
vt 0.728972 0.000000
vt 0.719626 0.000000
vt 0.448598 0.000000
vt 0.710280 0.000000
vt 0.457944 0.000000
vt 0.467290 0.000000
vt 0.700935 0.000000
vt 0.476636 0.000000
vt 0.691589 0.000000
vt 0.485981 0.000000
vt 0.682243 0.000000
vt 0.495327 0.000000
vt 0.672897 0.000000
vt 0.504673 0.000000
vt 0.663551 0.000000
vt 0.654206 0.000000
vt 0.514019 0.000000
vt 0.644860 0.000000
vt 0.523364 0.000000
vt 0.635514 0.000000
vt 0.532710 0.000000
vt 0.626168 0.000000
vt 0.616822 0.000000
vt 0.542056 0.000000
vt 0.607477 0.000000
vt 0.598131 0.000000
vt 0.551402 0.000000
vt 0.588785 0.000000
vt 0.579439 0.000000
vt 0.560748 0.000000
vt 0.570093 0.000000
s 0
usemtl SVGMat.012
f 1644/1553/711 1538/1554/711 1537/1555/711
f 1643/1556/711 1538/1554/711 1644/1553/711
f 1642/1557/711 1538/1554/711 1643/1556/711
f 1642/1557/711 1539/1558/711 1538/1554/711
f 1641/1559/711 1539/1558/711 1642/1557/711
f 1640/1560/711 1539/1558/711 1641/1559/711
f 1640/1560/711 1540/1561/711 1539/1558/711
f 1639/1562/711 1540/1561/711 1640/1560/711
f 1638/1563/711 1540/1561/711 1639/1562/711
f 1638/1563/711 1541/1564/711 1540/1561/711
f 1637/1565/711 1541/1564/711 1638/1563/711
f 1636/1566/711 1541/1564/711 1637/1565/711
f 1636/1566/711 1542/1567/711 1541/1564/711
f 1635/1568/711 1561/1569/711 1636/1566/711
f 1561/1569/711 1542/1567/711 1636/1566/711
f 1634/1570/711 1561/1569/711 1635/1568/711
f 1634/1570/711 1562/1571/711 1561/1569/711
f 1560/1572/711 1542/1567/711 1561/1569/711
f 1560/1572/711 1543/1573/711 1542/1567/711
f 1633/1574/711 1562/1571/711 1634/1570/711
f 1633/1574/711 1563/1575/711 1562/1571/711
f 1559/1576/711 1543/1573/711 1560/1572/711
f 1633/1574/711 1564/1577/711 1563/1575/711
f 1632/1578/711 1564/1577/711 1633/1574/711
f 1632/1578/711 1565/1579/711 1564/1577/711
f 1558/1580/711 1543/1573/711 1559/1576/711
f 1632/1578/711 1566/1581/711 1565/1579/711
f 1631/1582/711 1566/1581/711 1632/1578/711
f 1558/1580/711 1544/1583/711 1543/1573/711
f 1631/1582/711 1567/1584/711 1566/1581/711
f 1557/1585/711 1544/1583/711 1558/1580/711
f 1630/1586/711 1567/1584/711 1631/1582/711
f 1630/1586/711 1568/1587/711 1567/1584/711
f 1630/1586/711 1569/1588/711 1568/1587/711
f 1556/1589/711 1544/1583/711 1557/1585/711
f 1629/1590/711 1569/1588/711 1630/1586/711
f 1556/1589/711 1545/1591/711 1544/1583/711
f 1629/1590/711 1570/1592/711 1569/1588/711
f 1629/1590/711 1571/1593/711 1570/1592/711
f 1628/1594/711 1571/1593/711 1629/1590/711
f 1555/1595/711 1545/1591/711 1556/1589/711
f 1628/1594/711 1572/1596/711 1571/1593/711
f 1555/1595/711 1546/1597/711 1545/1591/711
f 1628/1594/711 1573/1598/711 1572/1596/711
f 1627/1599/711 1573/1598/711 1628/1594/711
f 1554/1600/711 1546/1597/711 1555/1595/711
f 1627/1599/711 1574/1601/711 1573/1598/711
f 1626/1602/711 1574/1601/711 1627/1599/711
f 1553/1603/711 1546/1597/711 1554/1600/711
f 1626/1602/711 1575/1604/711 1574/1601/711
f 1553/1603/711 1547/1605/711 1546/1597/711
f 1625/1606/711 1575/1604/711 1626/1602/711
f 1552/1607/711 1547/1605/711 1553/1603/711
f 1625/1606/711 1576/1608/711 1575/1604/711
f 1624/1609/711 1576/1608/711 1625/1606/711
f 1551/1610/711 1547/1605/711 1552/1607/711
f 1551/1610/711 1548/1611/711 1547/1605/711
f 1624/1609/711 1577/1612/711 1576/1608/711
f 1623/1613/711 1577/1612/711 1624/1609/711
f 1550/1614/711 1548/1611/711 1551/1610/711
f 1623/1613/711 1578/1615/711 1577/1612/711
f 1550/1614/711 1549/1616/711 1548/1611/711
f 1622/1617/711 1578/1615/711 1623/1613/711
f 1622/1617/711 1579/1618/711 1578/1615/711
f 1621/1619/711 1579/1618/711 1622/1617/711
f 1621/1619/711 1580/1620/711 1579/1618/711
f 1620/1621/711 1580/1620/711 1621/1619/711
f 1619/1622/711 1580/1620/711 1620/1621/711
f 1619/1622/711 1581/1623/711 1580/1620/711
f 1618/1624/711 1581/1623/711 1619/1622/711
f 1618/1624/711 1582/1625/711 1581/1623/711
f 1617/1626/711 1582/1625/711 1618/1624/711
f 1617/1626/711 1583/1627/711 1582/1625/711
f 1616/1628/711 1583/1627/711 1617/1626/711
f 1616/1628/711 1584/1629/711 1583/1627/711
f 1615/1630/711 1584/1629/711 1616/1628/711
f 1614/1631/711 1584/1629/711 1615/1630/711
f 1614/1631/711 1585/1632/711 1584/1629/711
f 1613/1633/711 1585/1632/711 1614/1631/711
f 1613/1633/711 1586/1634/711 1585/1632/711
f 1613/1633/711 1587/1635/711 1586/1634/711
f 1612/1636/711 1587/1635/711 1613/1633/711
f 1612/1636/711 1588/1637/711 1587/1635/711
f 1611/1638/711 1588/1637/711 1612/1636/711
f 1611/1638/711 1589/1639/711 1588/1637/711
f 1610/1640/711 1589/1639/711 1611/1638/711
f 1610/1640/711 1590/1641/711 1589/1639/711
f 1609/1642/711 1590/1641/711 1610/1640/711
f 1609/1642/711 1591/1643/711 1590/1641/711
f 1608/1644/711 1591/1643/711 1609/1642/711
f 1607/1645/711 1591/1643/711 1608/1644/711
f 1607/1645/711 1592/1646/711 1591/1643/711
f 1606/1647/711 1592/1646/711 1607/1645/711
f 1606/1647/711 1593/1648/711 1592/1646/711
f 1605/1649/711 1593/1648/711 1606/1647/711
f 1605/1649/711 1594/1650/711 1593/1648/711
f 1604/1651/711 1594/1650/711 1605/1649/711
f 1603/1652/711 1594/1650/711 1604/1651/711
f 1603/1652/711 1595/1653/711 1594/1650/711
f 1602/1654/711 1595/1653/711 1603/1652/711
f 1601/1655/711 1595/1653/711 1602/1654/711
f 1601/1655/711 1596/1656/711 1595/1653/711
f 1600/1657/711 1596/1656/711 1601/1655/711
f 1599/1658/711 1596/1656/711 1600/1657/711
f 1599/1658/711 1597/1659/711 1596/1656/711
f 1598/1660/711 1597/1659/711 1599/1658/711
o Curve.004
v 0.011096 0.000000 7.552101
v -0.397614 0.000000 6.998551
v -0.732263 0.000000 6.476391
v -0.994473 0.000000 5.984932
v -1.185871 0.000000 5.523486
v -1.308080 0.000000 5.091363
v -1.362725 0.000000 4.687875
v -1.351432 0.000000 4.312334
v -1.275825 0.000000 3.964049
v -1.137527 0.000000 3.642334
v -0.938167 0.000000 3.346498
v -0.679366 0.000000 3.075855
v -0.362751 0.000000 2.829713
v -0.443682 0.000000 2.999239
v -0.503612 0.000000 3.174014
v -0.542727 0.000000 3.353992
v -0.561215 0.000000 3.539125
v -0.559262 0.000000 3.729368
v -0.537054 0.000000 3.924673
v -0.494778 0.000000 4.124995
v -0.432621 0.000000 4.330287
v -0.350767 0.000000 4.540501
v -0.249406 0.000000 4.755593
v -0.128722 0.000000 4.975514
v 0.011096 0.000000 5.200217
v 0.068717 0.000000 5.079966
v 0.130697 0.000000 4.962004
v 0.197420 0.000000 4.846027
v 0.269268 0.000000 4.731731
v 0.346625 0.000000 4.618812
v 0.429877 0.000000 4.506966
v 0.519406 0.000000 4.395890
v 0.615596 0.000000 4.285280
v 0.718831 0.000000 4.174830
v 0.829494 0.000000 4.064238
v 0.947971 0.000000 3.953200
v 1.074644 0.000000 3.841409
v 1.293958 0.000000 3.653309
v 1.513273 0.000000 3.465209
v 1.732588 0.000000 3.277110
v 1.951904 0.000000 3.089010
v 2.171220 0.000000 2.900910
v 2.390537 0.000000 2.712811
v 2.609853 0.000000 2.524711
v 2.829170 0.000000 2.336611
v 3.048488 0.000000 2.148511
v 3.267805 0.000000 1.960412
v 3.487123 0.000000 1.772312
v 3.706440 0.000000 1.584209
v 3.877893 0.000000 1.424520
v 4.036245 0.000000 1.251256
v 4.179298 0.000000 1.066998
v 4.304857 0.000000 0.874329
v 4.410725 0.000000 0.675829
v 4.494706 0.000000 0.474080
v 4.554605 0.000000 0.271662
v 4.588225 0.000000 0.071158
v 4.593370 0.000000 -0.124851
v 4.567845 0.000000 -0.313783
v 4.509453 0.000000 -0.493058
v 4.415998 0.000000 -0.660095
v 4.533596 0.000000 -0.610253
v 4.648167 0.000000 -0.550726
v 4.759599 0.000000 -0.481160
v 4.867782 0.000000 -0.401196
v 4.972603 0.000000 -0.310479
v 5.073952 0.000000 -0.208652
v 5.171717 0.000000 -0.095361
v 5.265787 0.000000 0.029752
v 5.356050 0.000000 0.167043
v 5.442396 0.000000 0.316867
v 5.524713 0.000000 0.479581
v 5.602889 0.000000 0.655541
v 5.652994 0.000000 0.829290
v 5.666530 0.000000 1.012708
v 5.647922 0.000000 1.202446
v 5.601597 0.000000 1.395156
v 5.531981 0.000000 1.587488
v 5.443501 0.000000 1.776091
v 5.340581 0.000000 1.957617
v 5.227650 0.000000 2.128718
v 5.109132 0.000000 2.286043
v 4.989455 0.000000 2.426242
v 4.873043 0.000000 2.545969
v 4.764325 0.000000 2.641870
v 4.533952 0.000000 2.826359
v 4.302507 0.000000 3.011384
v 4.069920 0.000000 3.196983
v 3.836115 0.000000 3.383189
v 3.601023 0.000000 3.570038
v 3.364569 0.000000 3.757570
v 3.126682 0.000000 3.945817
v 2.887288 0.000000 4.134819
v 2.646317 0.000000 4.324608
v 2.403695 0.000000 4.515223
v 2.159349 0.000000 4.706698
v 1.913208 0.000000 4.899071
v 1.685642 0.000000 5.084619
v 1.469997 0.000000 5.276796
v 1.266463 0.000000 5.475551
v 1.075230 0.000000 5.680835
v 0.896489 0.000000 5.892598
v 0.730432 0.000000 6.110786
v 0.577247 0.000000 6.335352
v 0.437127 0.000000 6.566247
v 0.310261 0.000000 6.803421
v 0.196841 0.000000 7.046819
v 0.097056 0.000000 7.296397
vn -0.0000 1.0000 -0.0000
vt 1.000000 0.000000
vt 0.009346 0.000000
vt 0.000000 0.000000
vt 0.990654 0.000000
vt 0.981308 0.000000
vt 0.018692 0.000000
vt 0.971963 0.000000
vt 0.962617 0.000000
vt 0.028037 0.000000
vt 0.953271 0.000000
vt 0.943925 0.000000
vt 0.037383 0.000000
vt 0.934579 0.000000
vt 0.925234 0.000000
vt 0.046729 0.000000
vt 0.915888 0.000000
vt 0.224299 0.000000
vt 0.906542 0.000000
vt 0.233645 0.000000
vt 0.214953 0.000000
vt 0.056075 0.000000
vt 0.897196 0.000000
vt 0.242991 0.000000
vt 0.205607 0.000000
vt 0.252336 0.000000
vt 0.887850 0.000000
vt 0.261682 0.000000
vt 0.196262 0.000000
vt 0.271028 0.000000
vt 0.878505 0.000000
vt 0.065421 0.000000
vt 0.280374 0.000000
vt 0.186916 0.000000
vt 0.869159 0.000000
vt 0.289720 0.000000
vt 0.299065 0.000000
vt 0.177570 0.000000
vt 0.859813 0.000000
vt 0.074766 0.000000
vt 0.308411 0.000000
vt 0.317757 0.000000
vt 0.850467 0.000000
vt 0.168224 0.000000
vt 0.327103 0.000000
vt 0.084112 0.000000
vt 0.336449 0.000000
vt 0.841121 0.000000
vt 0.158879 0.000000
vt 0.345794 0.000000
vt 0.831776 0.000000
vt 0.149533 0.000000
vt 0.355140 0.000000
vt 0.093458 0.000000
vt 0.822430 0.000000
vt 0.140187 0.000000
vt 0.364486 0.000000
vt 0.813084 0.000000
vt 0.130841 0.000000
vt 0.102804 0.000000
vt 0.373832 0.000000
vt 0.803738 0.000000
vt 0.121495 0.000000
vt 0.383178 0.000000
vt 0.112150 0.000000
vt 0.794393 0.000000
vt 0.392523 0.000000
vt 0.785047 0.000000
vt 0.401869 0.000000
vt 0.775701 0.000000
vt 0.766355 0.000000
vt 0.411215 0.000000
vt 0.757009 0.000000
vt 0.420561 0.000000
vt 0.747664 0.000000
vt 0.429907 0.000000
vt 0.738318 0.000000
vt 0.439252 0.000000
vt 0.728972 0.000000
vt 0.719626 0.000000
vt 0.448598 0.000000
vt 0.710280 0.000000
vt 0.457944 0.000000
vt 0.467290 0.000000
vt 0.700935 0.000000
vt 0.476636 0.000000
vt 0.691589 0.000000
vt 0.485981 0.000000
vt 0.682243 0.000000
vt 0.495327 0.000000
vt 0.672897 0.000000
vt 0.504673 0.000000
vt 0.663551 0.000000
vt 0.654206 0.000000
vt 0.514019 0.000000
vt 0.644860 0.000000
vt 0.523364 0.000000
vt 0.635514 0.000000
vt 0.532710 0.000000
vt 0.626168 0.000000
vt 0.616822 0.000000
vt 0.542056 0.000000
vt 0.607477 0.000000
vt 0.598131 0.000000
vt 0.551402 0.000000
vt 0.588785 0.000000
vt 0.579439 0.000000
vt 0.560748 0.000000
vt 0.570093 0.000000
s 0
usemtl SVGMat.012
f 1752/1661/712 1646/1662/712 1645/1663/712
f 1751/1664/712 1646/1662/712 1752/1661/712
f 1750/1665/712 1646/1662/712 1751/1664/712
f 1750/1665/712 1647/1666/712 1646/1662/712
f 1749/1667/712 1647/1666/712 1750/1665/712
f 1748/1668/712 1647/1666/712 1749/1667/712
f 1748/1668/712 1648/1669/712 1647/1666/712
f 1747/1670/712 1648/1669/712 1748/1668/712
f 1746/1671/712 1648/1669/712 1747/1670/712
f 1746/1671/712 1649/1672/712 1648/1669/712
f 1745/1673/712 1649/1672/712 1746/1671/712
f 1744/1674/712 1649/1672/712 1745/1673/712
f 1744/1674/712 1650/1675/712 1649/1672/712
f 1743/1676/712 1669/1677/712 1744/1674/712
f 1669/1677/712 1650/1675/712 1744/1674/712
f 1742/1678/712 1669/1677/712 1743/1676/712
f 1742/1678/712 1670/1679/712 1669/1677/712
f 1668/1680/712 1650/1675/712 1669/1677/712
f 1668/1680/712 1651/1681/712 1650/1675/712
f 1741/1682/712 1670/1679/712 1742/1678/712
f 1741/1682/712 1671/1683/712 1670/1679/712
f 1667/1684/712 1651/1681/712 1668/1680/712
f 1741/1682/712 1672/1685/712 1671/1683/712
f 1740/1686/712 1672/1685/712 1741/1682/712
f 1740/1686/712 1673/1687/712 1672/1685/712
f 1666/1688/712 1651/1681/712 1667/1684/712
f 1740/1686/712 1674/1689/712 1673/1687/712
f 1739/1690/712 1674/1689/712 1740/1686/712
f 1666/1688/712 1652/1691/712 1651/1681/712
f 1739/1690/712 1675/1692/712 1674/1689/712
f 1665/1693/712 1652/1691/712 1666/1688/712
f 1738/1694/712 1675/1692/712 1739/1690/712
f 1738/1694/712 1676/1695/712 1675/1692/712
f 1738/1694/712 1677/1696/712 1676/1695/712
f 1664/1697/712 1652/1691/712 1665/1693/712
f 1737/1698/712 1677/1696/712 1738/1694/712
f 1664/1697/712 1653/1699/712 1652/1691/712
f 1737/1698/712 1678/1700/712 1677/1696/712
f 1737/1698/712 1679/1701/712 1678/1700/712
f 1736/1702/712 1679/1701/712 1737/1698/712
f 1663/1703/712 1653/1699/712 1664/1697/712
f 1736/1702/712 1680/1704/712 1679/1701/712
f 1663/1703/712 1654/1705/712 1653/1699/712
f 1736/1702/712 1681/1706/712 1680/1704/712
f 1735/1707/712 1681/1706/712 1736/1702/712
f 1662/1708/712 1654/1705/712 1663/1703/712
f 1735/1707/712 1682/1709/712 1681/1706/712
f 1734/1710/712 1682/1709/712 1735/1707/712
f 1661/1711/712 1654/1705/712 1662/1708/712
f 1734/1710/712 1683/1712/712 1682/1709/712
f 1661/1711/712 1655/1713/712 1654/1705/712
f 1733/1714/712 1683/1712/712 1734/1710/712
f 1660/1715/712 1655/1713/712 1661/1711/712
f 1733/1714/712 1684/1716/712 1683/1712/712
f 1732/1717/712 1684/1716/712 1733/1714/712
f 1659/1718/712 1655/1713/712 1660/1715/712
f 1659/1718/712 1656/1719/712 1655/1713/712
f 1732/1717/712 1685/1720/712 1684/1716/712
f 1731/1721/712 1685/1720/712 1732/1717/712
f 1658/1722/712 1656/1719/712 1659/1718/712
f 1731/1721/712 1686/1723/712 1685/1720/712
f 1658/1722/712 1657/1724/712 1656/1719/712
f 1730/1725/712 1686/1723/712 1731/1721/712
f 1730/1725/712 1687/1726/712 1686/1723/712
f 1729/1727/712 1687/1726/712 1730/1725/712
f 1729/1727/712 1688/1728/712 1687/1726/712
f 1728/1729/712 1688/1728/712 1729/1727/712
f 1727/1730/712 1688/1728/712 1728/1729/712
f 1727/1730/712 1689/1731/712 1688/1728/712
f 1726/1732/712 1689/1731/712 1727/1730/712
f 1726/1732/712 1690/1733/712 1689/1731/712
f 1725/1734/712 1690/1733/712 1726/1732/712
f 1725/1734/712 1691/1735/712 1690/1733/712
f 1724/1736/712 1691/1735/712 1725/1734/712
f 1724/1736/712 1692/1737/712 1691/1735/712
f 1723/1738/712 1692/1737/712 1724/1736/712
f 1722/1739/712 1692/1737/712 1723/1738/712
f 1722/1739/712 1693/1740/712 1692/1737/712
f 1721/1741/712 1693/1740/712 1722/1739/712
f 1721/1741/712 1694/1742/712 1693/1740/712
f 1721/1741/712 1695/1743/712 1694/1742/712
f 1720/1744/712 1695/1743/712 1721/1741/712
f 1720/1744/712 1696/1745/712 1695/1743/712
f 1719/1746/712 1696/1745/712 1720/1744/712
f 1719/1746/712 1697/1747/712 1696/1745/712
f 1718/1748/712 1697/1747/712 1719/1746/712
f 1718/1748/712 1698/1749/712 1697/1747/712
f 1717/1750/712 1698/1749/712 1718/1748/712
f 1717/1750/712 1699/1751/712 1698/1749/712
f 1716/1752/712 1699/1751/712 1717/1750/712
f 1715/1753/712 1699/1751/712 1716/1752/712
f 1715/1753/712 1700/1754/712 1699/1751/712
f 1714/1755/712 1700/1754/712 1715/1753/712
f 1714/1755/712 1701/1756/712 1700/1754/712
f 1713/1757/712 1701/1756/712 1714/1755/712
f 1713/1757/712 1702/1758/712 1701/1756/712
f 1712/1759/712 1702/1758/712 1713/1757/712
f 1711/1760/712 1702/1758/712 1712/1759/712
f 1711/1760/712 1703/1761/712 1702/1758/712
f 1710/1762/712 1703/1761/712 1711/1760/712
f 1709/1763/712 1703/1761/712 1710/1762/712
f 1709/1763/712 1704/1764/712 1703/1761/712
f 1708/1765/712 1704/1764/712 1709/1763/712
f 1707/1766/712 1704/1764/712 1708/1765/712
f 1707/1766/712 1705/1767/712 1704/1764/712
f 1706/1768/712 1705/1767/712 1707/1766/712
o Curve.005
v 6.056612 0.000000 1.305061
v 5.947009 0.000000 0.666893
v 5.719853 0.000000 0.100446
v 5.393938 0.000000 -0.389668
v 4.988060 0.000000 -0.798834
v 4.521014 0.000000 -1.122436
v 4.011597 0.000000 -1.355858
v 3.478602 0.000000 -1.494486
v 2.940825 0.000000 -1.533706
v 2.417063 0.000000 -1.468903
v 1.926109 0.000000 -1.295461
v 1.486761 0.000000 -1.008765
v 1.117812 0.000000 -0.604203
v 0.959500 0.000000 -0.915844
v 0.845334 0.000000 -1.216251
v 0.775396 0.000000 -1.505254
v 0.749773 0.000000 -1.782685
v 0.768548 0.000000 -2.048377
v 0.831806 0.000000 -2.302161
v 0.939632 0.000000 -2.543870
v 1.092111 0.000000 -2.773336
v 1.289326 0.000000 -2.990390
v 1.531362 0.000000 -3.194866
v 1.818304 0.000000 -3.386593
v 2.150238 0.000000 -3.565406
v 2.529877 0.000000 -3.710439
v 2.947994 0.000000 -3.799799
v 3.393258 0.000000 -3.834920
v 3.854337 0.000000 -3.817234
v 4.319901 0.000000 -3.748172
v 4.778615 0.000000 -3.629168
v 5.219151 0.000000 -3.461652
v 5.630175 0.000000 -3.247059
v 6.000357 0.000000 -2.986820
v 6.318365 0.000000 -2.682368
v 6.572867 0.000000 -2.335135
v 6.752531 0.000000 -1.946552
v 6.829057 0.000000 -1.681791
v 6.879913 0.000000 -1.415845
v 6.905463 0.000000 -1.148732
v 6.906071 0.000000 -0.880468
v 6.882100 0.000000 -0.611071
v 6.833913 0.000000 -0.340556
v 6.761874 0.000000 -0.068941
v 6.666346 0.000000 0.203759
v 6.547692 0.000000 0.477525
v 6.406276 0.000000 0.752342
v 6.242461 0.000000 1.028193
vn -0.0000 1.0000 -0.0000
vt 1.000000 0.000000
vt 0.021277 0.000000
vt 0.000000 0.000000
vt 0.978723 0.000000
vt 0.957447 0.000000
vt 0.042553 0.000000
vt 0.936170 0.000000
vt 0.914894 0.000000
vt 0.063830 0.000000
vt 0.893617 0.000000
vt 0.872340 0.000000
vt 0.085106 0.000000
vt 0.234043 0.000000
vt 0.276596 0.000000
vt 0.255319 0.000000
vt 0.851064 0.000000
vt 0.106383 0.000000
vt 0.829787 0.000000
vt 0.297872 0.000000
vt 0.212766 0.000000
vt 0.127660 0.000000
vt 0.808511 0.000000
vt 0.319149 0.000000
vt 0.191489 0.000000
vt 0.148936 0.000000
vt 0.787234 0.000000
vt 0.170213 0.000000
vt 0.340426 0.000000
vt 0.765957 0.000000
vt 0.361702 0.000000
vt 0.744681 0.000000
vt 0.382979 0.000000
vt 0.404255 0.000000
vt 0.723404 0.000000
vt 0.425532 0.000000
vt 0.702128 0.000000
vt 0.446809 0.000000
vt 0.680851 0.000000
vt 0.468085 0.000000
vt 0.489362 0.000000
vt 0.659574 0.000000
vt 0.510638 0.000000
vt 0.638298 0.000000
vt 0.531915 0.000000
vt 0.617021 0.000000
vt 0.553191 0.000000
vt 0.595745 0.000000
vt 0.574468 0.000000
s 0
usemtl SVGMat.012
f 1800/1769/713 1754/1770/713 1753/1771/713
f 1799/1772/713 1754/1770/713 1800/1769/713
f 1798/1773/713 1754/1770/713 1799/1772/713
f 1798/1773/713 1755/1774/713 1754/1770/713
f 1797/1775/713 1755/1774/713 1798/1773/713
f 1796/1776/713 1755/1774/713 1797/1775/713
f 1796/1776/713 1756/1777/713 1755/1774/713
f 1795/1778/713 1756/1777/713 1796/1776/713
f 1794/1779/713 1756/1777/713 1795/1778/713
f 1794/1779/713 1757/1780/713 1756/1777/713
f 1764/1781/713 1766/1782/713 1765/1783/713
f 1793/1784/713 1757/1780/713 1794/1779/713
f 1793/1784/713 1758/1785/713 1757/1780/713
f 1792/1786/713 1758/1785/713 1793/1784/713
f 1764/1781/713 1767/1787/713 1766/1782/713
f 1763/1788/713 1767/1787/713 1764/1781/713
f 1792/1786/713 1759/1789/713 1758/1785/713
f 1791/1790/713 1759/1789/713 1792/1786/713
f 1763/1788/713 1768/1791/713 1767/1787/713
f 1762/1792/713 1768/1791/713 1763/1788/713
f 1791/1790/713 1760/1793/713 1759/1789/713
f 1790/1794/713 1760/1793/713 1791/1790/713
f 1761/1795/713 1768/1791/713 1762/1792/713
f 1790/1794/713 1761/1795/713 1760/1793/713
f 1761/1795/713 1769/1796/713 1768/1791/713
f 1790/1794/713 1769/1796/713 1761/1795/713
f 1789/1797/713 1769/1796/713 1790/1794/713
f 1789/1797/713 1770/1798/713 1769/1796/713
f 1788/1799/713 1770/1798/713 1789/1797/713
f 1788/1799/713 1771/1800/713 1770/1798/713
f 1788/1799/713 1772/1801/713 1771/1800/713
f 1787/1802/713 1772/1801/713 1788/1799/713
f 1787/1802/713 1773/1803/713 1772/1801/713
f 1786/1804/713 1773/1803/713 1787/1802/713
f 1786/1804/713 1774/1805/713 1773/1803/713
f 1785/1806/713 1774/1805/713 1786/1804/713
f 1785/1806/713 1775/1807/713 1774/1805/713
f 1785/1806/713 1776/1808/713 1775/1807/713
f 1784/1809/713 1776/1808/713 1785/1806/713
f 1784/1809/713 1777/1810/713 1776/1808/713
f 1783/1811/713 1777/1810/713 1784/1809/713
f 1783/1811/713 1778/1812/713 1777/1810/713
f 1782/1813/713 1778/1812/713 1783/1811/713
f 1782/1813/713 1779/1814/713 1778/1812/713
f 1781/1815/713 1779/1814/713 1782/1813/713
f 1781/1815/713 1780/1816/713 1779/1814/713
o Curve.005
v 6.056612 0.000000 1.305061
v 5.947009 0.000000 0.666893
v 5.719853 0.000000 0.100446
v 5.393938 0.000000 -0.389668
v 4.988060 0.000000 -0.798834
v 4.521014 0.000000 -1.122436
v 4.011597 0.000000 -1.355858
v 3.478602 0.000000 -1.494486
v 2.940825 0.000000 -1.533706
v 2.417063 0.000000 -1.468903
v 1.926109 0.000000 -1.295461
v 1.486761 0.000000 -1.008765
v 1.117812 0.000000 -0.604203
v 0.959500 0.000000 -0.915844
v 0.845334 0.000000 -1.216251
v 0.775396 0.000000 -1.505254
v 0.749773 0.000000 -1.782685
v 0.768548 0.000000 -2.048377
v 0.831806 0.000000 -2.302161
v 0.939632 0.000000 -2.543870
v 1.092111 0.000000 -2.773336
v 1.289326 0.000000 -2.990390
v 1.531362 0.000000 -3.194866
v 1.818304 0.000000 -3.386593
v 2.150238 0.000000 -3.565406
v 2.529877 0.000000 -3.710439
v 2.947994 0.000000 -3.799799
v 3.393258 0.000000 -3.834920
v 3.854337 0.000000 -3.817234
v 4.319901 0.000000 -3.748172
v 4.778615 0.000000 -3.629168
v 5.219151 0.000000 -3.461652
v 5.630175 0.000000 -3.247059
v 6.000357 0.000000 -2.986820
v 6.318365 0.000000 -2.682368
v 6.572867 0.000000 -2.335135
v 6.752531 0.000000 -1.946552
v 6.829057 0.000000 -1.681791
v 6.879913 0.000000 -1.415845
v 6.905463 0.000000 -1.148732
v 6.906071 0.000000 -0.880468
v 6.882100 0.000000 -0.611071
v 6.833913 0.000000 -0.340556
v 6.761874 0.000000 -0.068941
v 6.666346 0.000000 0.203759
v 6.547692 0.000000 0.477525
v 6.406276 0.000000 0.752342
v 6.242461 0.000000 1.028193
vn -0.0000 1.0000 -0.0000
vt 1.000000 0.000000
vt 0.021277 0.000000
vt 0.000000 0.000000
vt 0.978723 0.000000
vt 0.957447 0.000000
vt 0.042553 0.000000
vt 0.936170 0.000000
vt 0.914894 0.000000
vt 0.063830 0.000000
vt 0.893617 0.000000
vt 0.872340 0.000000
vt 0.085106 0.000000
vt 0.234043 0.000000
vt 0.276596 0.000000
vt 0.255319 0.000000
vt 0.851064 0.000000
vt 0.106383 0.000000
vt 0.829787 0.000000
vt 0.297872 0.000000
vt 0.212766 0.000000
vt 0.127660 0.000000
vt 0.808511 0.000000
vt 0.319149 0.000000
vt 0.191489 0.000000
vt 0.148936 0.000000
vt 0.787234 0.000000
vt 0.170213 0.000000
vt 0.340426 0.000000
vt 0.765957 0.000000
vt 0.361702 0.000000
vt 0.744681 0.000000
vt 0.382979 0.000000
vt 0.404255 0.000000
vt 0.723404 0.000000
vt 0.425532 0.000000
vt 0.702128 0.000000
vt 0.446809 0.000000
vt 0.680851 0.000000
vt 0.468085 0.000000
vt 0.489362 0.000000
vt 0.659574 0.000000
vt 0.510638 0.000000
vt 0.638298 0.000000
vt 0.531915 0.000000
vt 0.617021 0.000000
vt 0.553191 0.000000
vt 0.595745 0.000000
vt 0.574468 0.000000
s 0
usemtl SVGMat.012
f 1848/1817/714 1802/1818/714 1801/1819/714
f 1847/1820/714 1802/1818/714 1848/1817/714
f 1846/1821/714 1802/1818/714 1847/1820/714
f 1846/1821/714 1803/1822/714 1802/1818/714
f 1845/1823/714 1803/1822/714 1846/1821/714
f 1844/1824/714 1803/1822/714 1845/1823/714
f 1844/1824/714 1804/1825/714 1803/1822/714
f 1843/1826/714 1804/1825/714 1844/1824/714
f 1842/1827/714 1804/1825/714 1843/1826/714
f 1842/1827/714 1805/1828/714 1804/1825/714
f 1812/1829/714 1814/1830/714 1813/1831/714
f 1841/1832/714 1805/1828/714 1842/1827/714
f 1841/1832/714 1806/1833/714 1805/1828/714
f 1840/1834/714 1806/1833/714 1841/1832/714
f 1812/1829/714 1815/1835/714 1814/1830/714
f 1811/1836/714 1815/1835/714 1812/1829/714
f 1840/1834/714 1807/1837/714 1806/1833/714
f 1839/1838/714 1807/1837/714 1840/1834/714
f 1811/1836/714 1816/1839/714 1815/1835/714
f 1810/1840/714 1816/1839/714 1811/1836/714
f 1839/1838/714 1808/1841/714 1807/1837/714
f 1838/1842/714 1808/1841/714 1839/1838/714
f 1809/1843/714 1816/1839/714 1810/1840/714
f 1838/1842/714 1809/1843/714 1808/1841/714
f 1809/1843/714 1817/1844/714 1816/1839/714
f 1838/1842/714 1817/1844/714 1809/1843/714
f 1837/1845/714 1817/1844/714 1838/1842/714
f 1837/1845/714 1818/1846/714 1817/1844/714
f 1836/1847/714 1818/1846/714 1837/1845/714
f 1836/1847/714 1819/1848/714 1818/1846/714
f 1836/1847/714 1820/1849/714 1819/1848/714
f 1835/1850/714 1820/1849/714 1836/1847/714
f 1835/1850/714 1821/1851/714 1820/1849/714
f 1834/1852/714 1821/1851/714 1835/1850/714
f 1834/1852/714 1822/1853/714 1821/1851/714
f 1833/1854/714 1822/1853/714 1834/1852/714
f 1833/1854/714 1823/1855/714 1822/1853/714
f 1833/1854/714 1824/1856/714 1823/1855/714
f 1832/1857/714 1824/1856/714 1833/1854/714
f 1832/1857/714 1825/1858/714 1824/1856/714
f 1831/1859/714 1825/1858/714 1832/1857/714
f 1831/1859/714 1826/1860/714 1825/1858/714
f 1830/1861/714 1826/1860/714 1831/1859/714
f 1830/1861/714 1827/1862/714 1826/1860/714
f 1829/1863/714 1827/1862/714 1830/1861/714
f 1829/1863/714 1828/1864/714 1827/1862/714
o Curve.006
v 0.162138 0.000000 -0.891744
v 0.099230 0.000000 -0.932029
v 0.037618 0.000000 -0.974417
v -0.022719 0.000000 -1.018877
v -0.081798 0.000000 -1.065381
v -0.139638 0.000000 -1.113898
v -0.196257 0.000000 -1.164398
v -0.251674 0.000000 -1.216852
v -0.305908 0.000000 -1.271230
v -0.358976 0.000000 -1.327502
v -0.410897 0.000000 -1.385639
v -0.461690 0.000000 -1.445611
v -0.511373 0.000000 -1.507388
v -0.592508 0.000000 -1.604763
v -0.678523 0.000000 -1.696572
v -0.768909 0.000000 -1.782848
v -0.863163 0.000000 -1.863624
v -0.960774 0.000000 -1.938930
v -1.061240 0.000000 -2.008801
v -1.164053 0.000000 -2.073270
v -1.268707 0.000000 -2.132368
v -1.374695 0.000000 -2.186129
v -1.481512 0.000000 -2.234584
v -1.588651 0.000000 -2.277767
v -1.695606 0.000000 -2.315711
v -2.007996 0.000000 -2.406593
v -2.309507 0.000000 -2.468310
v -2.599033 0.000000 -2.499881
v -2.875463 0.000000 -2.500322
v -3.137685 0.000000 -2.468651
v -3.384590 0.000000 -2.403886
v -3.615070 0.000000 -2.305043
v -3.828012 0.000000 -2.171140
v -4.022307 0.000000 -2.001194
v -4.196846 0.000000 -1.794222
v -4.350517 0.000000 -1.549243
v -4.482213 0.000000 -1.265272
v -4.650950 0.000000 -1.440850
v -4.789261 0.000000 -1.614527
v -4.897727 0.000000 -1.786338
v -4.976928 0.000000 -1.956321
v -5.027444 0.000000 -2.124512
v -5.049858 0.000000 -2.290946
v -5.044748 0.000000 -2.455661
v -5.012699 0.000000 -2.618692
v -4.954289 0.000000 -2.780076
v -4.870100 0.000000 -2.939849
v -4.760713 0.000000 -3.098049
v -4.626703 0.000000 -3.254709
v -4.416721 0.000000 -3.447968
v -4.185589 0.000000 -3.604128
v -3.934404 0.000000 -3.724857
v -3.664265 0.000000 -3.811822
v -3.376267 0.000000 -3.866688
v -3.071511 0.000000 -3.891124
v -2.751094 0.000000 -3.886796
v -2.416113 0.000000 -3.855371
v -2.067666 0.000000 -3.798515
v -1.706851 0.000000 -3.717896
v -1.334766 0.000000 -3.615180
v -0.952508 0.000000 -3.492035
v -0.976124 0.000000 -3.790001
v -1.044716 0.000000 -4.066461
v -1.157202 0.000000 -4.321933
v -1.312499 0.000000 -4.556934
v -1.509525 0.000000 -4.771983
v -1.747198 0.000000 -4.967596
v -2.024433 0.000000 -5.144292
v -2.340150 0.000000 -5.302588
v -2.693264 0.000000 -5.443001
v -3.082695 0.000000 -5.566049
v -3.507359 0.000000 -5.672249
v -3.966171 0.000000 -5.762120
v -3.971857 0.000000 -5.774506
v -3.987577 0.000000 -5.808746
v -4.011325 0.000000 -5.860471
v -4.041092 0.000000 -5.925310
v -4.074874 0.000000 -5.998890
v -4.110662 0.000000 -6.076842
v -4.146451 0.000000 -6.154794
v -4.180232 0.000000 -6.228375
v -4.210000 0.000000 -6.293214
v -4.233747 0.000000 -6.344939
v -4.249468 0.000000 -6.379179
v -4.255156 0.000000 -6.391564
v -3.711462 0.000000 -6.406162
v -3.200457 0.000000 -6.438975
v -2.722595 0.000000 -6.490260
v -2.278337 0.000000 -6.560270
v -1.868138 0.000000 -6.649261
v -1.492458 0.000000 -6.757487
v -1.151755 0.000000 -6.885205
v -0.846485 0.000000 -7.032668
v -0.577107 0.000000 -7.200132
v -0.344079 0.000000 -7.387853
v -0.147858 0.000000 -7.596084
v 0.011097 0.000000 -7.825081
v 0.224740 0.000000 -7.576496
v 0.463615 0.000000 -7.350398
v 0.727953 0.000000 -7.146989
v 1.017982 0.000000 -6.966474
v 1.333929 0.000000 -6.809056
v 1.676022 0.000000 -6.674938
v 2.044491 0.000000 -6.564324
v 2.439564 0.000000 -6.477417
v 2.861469 0.000000 -6.414421
v 3.310435 0.000000 -6.375538
v 3.786689 0.000000 -6.360974
v 4.290462 0.000000 -6.370931
v 4.285588 0.000000 -6.358952
v 4.272114 0.000000 -6.325833
v 4.251759 0.000000 -6.275804
v 4.226244 0.000000 -6.213091
v 4.197289 0.000000 -6.141922
v 4.166614 0.000000 -6.066525
v 4.135939 0.000000 -5.991128
v 4.106984 0.000000 -5.919960
v 4.081469 0.000000 -5.857246
v 4.061114 0.000000 -5.807217
v 4.047641 0.000000 -5.774098
v 4.042768 0.000000 -5.762120
v 3.623344 0.000000 -5.696684
v 3.235141 0.000000 -5.611440
v 2.877880 0.000000 -5.506564
v 2.551277 0.000000 -5.382236
v 2.255052 0.000000 -5.238634
v 1.988923 0.000000 -5.075936
v 1.752611 0.000000 -4.894321
v 1.545834 0.000000 -4.693967
v 1.368310 0.000000 -4.475052
v 1.219759 0.000000 -4.237755
v 1.099899 0.000000 -3.982253
v 1.008451 0.000000 -3.708726
v 1.204950 0.000000 -3.810543
v 1.397319 0.000000 -3.899974
v 1.585697 0.000000 -3.977433
v 1.770221 0.000000 -4.043334
v 1.951029 0.000000 -4.098088
v 2.128259 0.000000 -4.142110
v 2.302048 0.000000 -4.175814
v 2.472535 0.000000 -4.199611
v 2.639856 0.000000 -4.213916
v 2.804150 0.000000 -4.219142
v 2.965555 0.000000 -4.215702
v 3.124207 0.000000 -4.204009
v 2.600260 0.000000 -4.047556
v 2.118515 0.000000 -3.872894
v 1.681425 0.000000 -3.678963
v 1.291445 0.000000 -3.464704
v 0.951031 0.000000 -3.229059
v 0.662636 0.000000 -2.970967
v 0.428715 0.000000 -2.689371
v 0.251723 0.000000 -2.383210
v 0.134115 0.000000 -2.051426
v 0.078345 0.000000 -1.692960
v 0.086868 0.000000 -1.306752
vn -0.0000 1.0000 -0.0000
vt 1.000000 0.000000
vt 0.006452 0.000000
vt 0.000000 0.000000
vt 0.012903 0.000000
vt 0.019355 0.000000
vt 0.025806 0.000000
vt 0.032258 0.000000
vt 0.038710 0.000000
vt 0.045161 0.000000
vt 0.051613 0.000000
vt 0.225806 0.000000
vt 0.238710 0.000000
vt 0.232258 0.000000
vt 0.058065 0.000000
vt 0.993548 0.000000
vt 0.064516 0.000000
vt 0.070968 0.000000
vt 0.245161 0.000000
vt 0.077419 0.000000
vt 0.083871 0.000000
vt 0.219355 0.000000
vt 0.090323 0.000000
vt 0.251613 0.000000
vt 0.987097 0.000000
vt 0.096774 0.000000
vt 0.103226 0.000000
vt 0.258065 0.000000
vt 0.212903 0.000000
vt 0.109677 0.000000
vt 0.116129 0.000000
vt 0.264516 0.000000
vt 0.206452 0.000000
vt 0.122581 0.000000
vt 0.980645 0.000000
vt 0.129032 0.000000
vt 0.270968 0.000000
vt 0.135484 0.000000
vt 0.200000 0.000000
vt 0.141935 0.000000
vt 0.148387 0.000000
vt 0.154839 0.000000
vt 0.277419 0.000000
vt 0.193548 0.000000
vt 0.161290 0.000000
vt 0.974194 0.000000
vt 0.187097 0.000000
vt 0.167742 0.000000
vt 0.283871 0.000000
vt 0.174194 0.000000
vt 0.180645 0.000000
vt 0.290323 0.000000
vt 0.967742 0.000000
vt 0.296774 0.000000
vt 0.303226 0.000000
vt 0.961290 0.000000
vt 0.309677 0.000000
vt 0.954839 0.000000
vt 0.316129 0.000000
vt 0.387097 0.000000
vt 0.322581 0.000000
vt 0.948387 0.000000
vt 0.393548 0.000000
vt 0.380645 0.000000
vt 0.329032 0.000000
vt 0.374194 0.000000
vt 0.941935 0.000000
vt 0.851613 0.000000
vt 0.858065 0.000000
vt 0.845161 0.000000
vt 0.367742 0.000000
vt 0.335484 0.000000
vt 0.400000 0.000000
vt 0.361290 0.000000
vt 0.864516 0.000000
vt 0.341935 0.000000
vt 0.354839 0.000000
vt 0.348387 0.000000
vt 0.935484 0.000000
vt 0.870968 0.000000
vt 0.877419 0.000000
vt 0.838710 0.000000
vt 0.883871 0.000000
vt 0.929032 0.000000
vt 0.406452 0.000000
vt 0.890323 0.000000
vt 0.896774 0.000000
vt 0.903226 0.000000
vt 0.909677 0.000000
vt 0.922581 0.000000
vt 0.916129 0.000000
vt 0.832258 0.000000
vt 0.412903 0.000000
vt 0.825806 0.000000
vt 0.419355 0.000000
vt 0.819355 0.000000
vt 0.425806 0.000000
vt 0.812903 0.000000
vt 0.432258 0.000000
vt 0.806452 0.000000
vt 0.438710 0.000000
vt 0.800000 0.000000
vt 0.445161 0.000000
vt 0.793548 0.000000
vt 0.451613 0.000000
vt 0.787097 0.000000
vt 0.458065 0.000000
vt 0.780645 0.000000
vt 0.464516 0.000000
vt 0.774194 0.000000
vt 0.767742 0.000000
vt 0.470968 0.000000
vt 0.761290 0.000000
vt 0.477419 0.000000
vt 0.754839 0.000000
vt 0.483871 0.000000
vt 0.748387 0.000000
vt 0.490323 0.000000
vt 0.741935 0.000000
vt 0.496774 0.000000
vt 0.735484 0.000000
vt 0.503226 0.000000
vt 0.729032 0.000000
vt 0.509677 0.000000
vt 0.722581 0.000000
vt 0.516129 0.000000
vt 0.716129 0.000000
vt 0.522581 0.000000
vt 0.709677 0.000000
vt 0.529032 0.000000
vt 0.703226 0.000000
vt 0.535484 0.000000
vt 0.696774 0.000000
vt 0.690323 0.000000
vt 0.683871 0.000000
vt 0.677419 0.000000
vt 0.541936 0.000000
vt 0.548387 0.000000
vt 0.554839 0.000000
vt 0.670968 0.000000
vt 0.561290 0.000000
vt 0.664516 0.000000
vt 0.567742 0.000000
vt 0.574194 0.000000
vt 0.658065 0.000000
vt 0.580645 0.000000
vt 0.651613 0.000000
vt 0.587097 0.000000
vt 0.645161 0.000000
vt 0.593548 0.000000
vt 0.638710 0.000000
vt 0.600000 0.000000
vt 0.632258 0.000000
vt 0.606452 0.000000
vt 0.625806 0.000000
vt 0.612903 0.000000
vt 0.619355 0.000000
s 0
usemtl SVGMat.012
f 2004/1865/715 1850/1866/715 1849/1867/715
f 2004/1865/715 1851/1868/715 1850/1866/715
f 2004/1865/715 1852/1869/715 1851/1868/715
f 2004/1865/715 1853/1870/715 1852/1869/715
f 2004/1865/715 1854/1871/715 1853/1870/715
f 2004/1865/715 1855/1872/715 1854/1871/715
f 2004/1865/715 1856/1873/715 1855/1872/715
f 2004/1865/715 1857/1874/715 1856/1873/715
f 1884/1875/715 1886/1876/715 1885/1877/715
f 2004/1865/715 1858/1878/715 1857/1874/715
f 2003/1879/715 1858/1878/715 2004/1865/715
f 2003/1879/715 1859/1880/715 1858/1878/715
f 2003/1879/715 1860/1881/715 1859/1880/715
f 1884/1875/715 1887/1882/715 1886/1876/715
f 2003/1879/715 1861/1883/715 1860/1881/715
f 2003/1879/715 1862/1884/715 1861/1883/715
f 1883/1885/715 1887/1882/715 1884/1875/715
f 2003/1879/715 1863/1886/715 1862/1884/715
f 1883/1885/715 1888/1887/715 1887/1882/715
f 2002/1888/715 1863/1886/715 2003/1879/715
f 2002/1888/715 1864/1889/715 1863/1886/715
f 2002/1888/715 1865/1890/715 1864/1889/715
f 1883/1885/715 1889/1891/715 1888/1887/715
f 1882/1892/715 1889/1891/715 1883/1885/715
f 2002/1888/715 1866/1893/715 1865/1890/715
f 2002/1888/715 1867/1894/715 1866/1893/715
f 1882/1892/715 1890/1895/715 1889/1891/715
f 1881/1896/715 1890/1895/715 1882/1892/715
f 2002/1888/715 1868/1897/715 1867/1894/715
f 2001/1898/715 1868/1897/715 2002/1888/715
f 2001/1898/715 1869/1899/715 1868/1897/715
f 1881/1896/715 1891/1900/715 1890/1895/715
f 2001/1898/715 1870/1901/715 1869/1899/715
f 1880/1902/715 1891/1900/715 1881/1896/715
f 2001/1898/715 1871/1903/715 1870/1901/715
f 2001/1898/715 1872/1904/715 1871/1903/715
f 2001/1898/715 1873/1905/715 1872/1904/715
f 1880/1902/715 1892/1906/715 1891/1900/715
f 1879/1907/715 1892/1906/715 1880/1902/715
f 2001/1898/715 1874/1908/715 1873/1905/715
f 2000/1909/715 1874/1908/715 2001/1898/715
f 1878/1910/715 1892/1906/715 1879/1907/715
f 2000/1909/715 1875/1911/715 1874/1908/715
f 1878/1910/715 1893/1912/715 1892/1906/715
f 2000/1909/715 1876/1913/715 1875/1911/715
f 1877/1914/715 1893/1912/715 1878/1910/715
f 2000/1909/715 1877/1914/715 1876/1913/715
f 2000/1909/715 1893/1912/715 1877/1914/715
f 2000/1909/715 1894/1915/715 1893/1912/715
f 1999/1916/715 1894/1915/715 2000/1909/715
f 1999/1916/715 1895/1917/715 1894/1915/715
f 1999/1916/715 1896/1918/715 1895/1917/715
f 1998/1919/715 1896/1918/715 1999/1916/715
f 1998/1919/715 1897/1920/715 1896/1918/715
f 1997/1921/715 1897/1920/715 1998/1919/715
f 1997/1921/715 1898/1922/715 1897/1920/715
f 1997/1921/715 1909/1923/715 1898/1922/715
f 1909/1923/715 1899/1924/715 1898/1922/715
f 1996/1925/715 1909/1923/715 1997/1921/715
f 1996/1925/715 1910/1926/715 1909/1923/715
f 1908/1927/715 1899/1924/715 1909/1923/715
f 1908/1927/715 1900/1928/715 1899/1924/715
f 1907/1929/715 1900/1928/715 1908/1927/715
f 1995/1930/715 1981/1931/715 1996/1925/715
f 1981/1931/715 1910/1926/715 1996/1925/715
f 1995/1930/715 1982/1932/715 1981/1931/715
f 1980/1933/715 1910/1926/715 1981/1931/715
f 1906/1934/715 1900/1928/715 1907/1929/715
f 1906/1934/715 1901/1935/715 1900/1928/715
f 1980/1933/715 1911/1936/715 1910/1926/715
f 1905/1937/715 1901/1935/715 1906/1934/715
f 1995/1930/715 1983/1938/715 1982/1932/715
f 1905/1937/715 1902/1939/715 1901/1935/715
f 1904/1940/715 1902/1939/715 1905/1937/715
f 1904/1940/715 1903/1941/715 1902/1939/715
f 1994/1942/715 1983/1938/715 1995/1930/715
f 1994/1942/715 1984/1943/715 1983/1938/715
f 1994/1942/715 1985/1944/715 1984/1943/715
f 1979/1945/715 1911/1936/715 1980/1933/715
f 1994/1942/715 1986/1946/715 1985/1944/715
f 1993/1947/715 1986/1946/715 1994/1942/715
f 1979/1945/715 1912/1948/715 1911/1936/715
f 1993/1947/715 1987/1949/715 1986/1946/715
f 1993/1947/715 1988/1950/715 1987/1949/715
f 1993/1947/715 1989/1951/715 1988/1950/715
f 1993/1947/715 1990/1952/715 1989/1951/715
f 1992/1953/715 1990/1952/715 1993/1947/715
f 1992/1953/715 1991/1954/715 1990/1952/715
f 1978/1955/715 1912/1948/715 1979/1945/715
f 1978/1955/715 1913/1956/715 1912/1948/715
f 1977/1957/715 1913/1956/715 1978/1955/715
f 1977/1957/715 1914/1958/715 1913/1956/715
f 1976/1959/715 1914/1958/715 1977/1957/715
f 1976/1959/715 1915/1960/715 1914/1958/715
f 1975/1961/715 1915/1960/715 1976/1959/715
f 1975/1961/715 1916/1962/715 1915/1960/715
f 1974/1963/715 1916/1962/715 1975/1961/715
f 1974/1963/715 1917/1964/715 1916/1962/715
f 1973/1965/715 1917/1964/715 1974/1963/715
f 1973/1965/715 1918/1966/715 1917/1964/715
f 1972/1967/715 1918/1966/715 1973/1965/715
f 1972/1967/715 1919/1968/715 1918/1966/715
f 1971/1969/715 1919/1968/715 1972/1967/715
f 1971/1969/715 1920/1970/715 1919/1968/715
f 1970/1971/715 1920/1970/715 1971/1969/715
f 1970/1971/715 1921/1972/715 1920/1970/715
f 1969/1973/715 1921/1972/715 1970/1971/715
f 1968/1974/715 1921/1972/715 1969/1973/715
f 1968/1974/715 1922/1975/715 1921/1972/715
f 1967/1976/715 1922/1975/715 1968/1974/715
f 1967/1976/715 1923/1977/715 1922/1975/715
f 1966/1978/715 1923/1977/715 1967/1976/715
f 1966/1978/715 1924/1979/715 1923/1977/715
f 1965/1980/715 1924/1979/715 1966/1978/715
f 1965/1980/715 1925/1981/715 1924/1979/715
f 1964/1982/715 1925/1981/715 1965/1980/715
f 1964/1982/715 1926/1983/715 1925/1981/715
f 1963/1984/715 1926/1983/715 1964/1982/715
f 1963/1984/715 1927/1985/715 1926/1983/715
f 1962/1986/715 1927/1985/715 1963/1984/715
f 1962/1986/715 1928/1987/715 1927/1985/715
f 1961/1988/715 1928/1987/715 1962/1986/715
f 1961/1988/715 1929/1989/715 1928/1987/715
f 1960/1990/715 1929/1989/715 1961/1988/715
f 1960/1990/715 1930/1991/715 1929/1989/715
f 1959/1992/715 1930/1991/715 1960/1990/715
f 1959/1992/715 1931/1993/715 1930/1991/715
f 1958/1994/715 1931/1993/715 1959/1992/715
f 1958/1994/715 1932/1995/715 1931/1993/715
f 1957/1996/715 1956/1997/715 1958/1994/715
f 1956/1997/715 1932/1995/715 1958/1994/715
f 1955/1998/715 1932/1995/715 1956/1997/715
f 1954/1999/715 1932/1995/715 1955/1998/715
f 1954/1999/715 1933/2000/715 1932/1995/715
f 1954/1999/715 1934/2001/715 1933/2000/715
f 1954/1999/715 1935/2002/715 1934/2001/715
f 1953/2003/715 1935/2002/715 1954/1999/715
f 1953/2003/715 1936/2004/715 1935/2002/715
f 1952/2005/715 1936/2004/715 1953/2003/715
f 1952/2005/715 1937/2006/715 1936/2004/715
f 1952/2005/715 1938/2007/715 1937/2006/715
f 1951/2008/715 1938/2007/715 1952/2005/715
f 1951/2008/715 1939/2009/715 1938/2007/715
f 1950/2010/715 1939/2009/715 1951/2008/715
f 1950/2010/715 1940/2011/715 1939/2009/715
f 1949/2012/715 1940/2011/715 1950/2010/715
f 1949/2012/715 1941/2013/715 1940/2011/715
f 1948/2014/715 1941/2013/715 1949/2012/715
f 1948/2014/715 1942/2015/715 1941/2013/715
f 1947/2016/715 1942/2015/715 1948/2014/715
f 1947/2016/715 1943/2017/715 1942/2015/715
f 1946/2018/715 1943/2017/715 1947/2016/715
f 1946/2018/715 1944/2019/715 1943/2017/715
f 1945/2020/715 1944/2019/715 1946/2018/715
o Curve.006
v 0.162138 0.000000 -0.891744
v 0.099230 0.000000 -0.932029
v 0.037618 0.000000 -0.974417
v -0.022719 0.000000 -1.018877
v -0.081798 0.000000 -1.065381
v -0.139638 0.000000 -1.113898
v -0.196257 0.000000 -1.164398
v -0.251674 0.000000 -1.216852
v -0.305908 0.000000 -1.271230
v -0.358976 0.000000 -1.327502
v -0.410897 0.000000 -1.385639
v -0.461690 0.000000 -1.445611
v -0.511373 0.000000 -1.507388
v -0.592508 0.000000 -1.604763
v -0.678523 0.000000 -1.696572
v -0.768909 0.000000 -1.782848
v -0.863163 0.000000 -1.863624
v -0.960774 0.000000 -1.938930
v -1.061240 0.000000 -2.008801
v -1.164053 0.000000 -2.073270
v -1.268707 0.000000 -2.132368
v -1.374695 0.000000 -2.186129
v -1.481512 0.000000 -2.234584
v -1.588651 0.000000 -2.277767
v -1.695606 0.000000 -2.315711
v -2.007996 0.000000 -2.406593
v -2.309507 0.000000 -2.468310
v -2.599033 0.000000 -2.499881
v -2.875463 0.000000 -2.500322
v -3.137685 0.000000 -2.468651
v -3.384590 0.000000 -2.403886
v -3.615070 0.000000 -2.305043
v -3.828012 0.000000 -2.171140
v -4.022307 0.000000 -2.001194
v -4.196846 0.000000 -1.794222
v -4.350517 0.000000 -1.549243
v -4.482213 0.000000 -1.265272
v -4.650950 0.000000 -1.440850
v -4.789261 0.000000 -1.614527
v -4.897727 0.000000 -1.786338
v -4.976928 0.000000 -1.956321
v -5.027444 0.000000 -2.124512
v -5.049858 0.000000 -2.290946
v -5.044748 0.000000 -2.455661
v -5.012699 0.000000 -2.618692
v -4.954289 0.000000 -2.780076
v -4.870100 0.000000 -2.939849
v -4.760713 0.000000 -3.098049
v -4.626703 0.000000 -3.254709
v -4.416721 0.000000 -3.447968
v -4.185589 0.000000 -3.604128
v -3.934404 0.000000 -3.724857
v -3.664265 0.000000 -3.811822
v -3.376267 0.000000 -3.866688
v -3.071511 0.000000 -3.891124
v -2.751094 0.000000 -3.886796
v -2.416113 0.000000 -3.855371
v -2.067666 0.000000 -3.798515
v -1.706851 0.000000 -3.717896
v -1.334766 0.000000 -3.615180
v -0.952508 0.000000 -3.492035
v -0.976124 0.000000 -3.790001
v -1.044716 0.000000 -4.066461
v -1.157202 0.000000 -4.321933
v -1.312499 0.000000 -4.556934
v -1.509525 0.000000 -4.771983
v -1.747198 0.000000 -4.967596
v -2.024433 0.000000 -5.144292
v -2.340150 0.000000 -5.302588
v -2.693264 0.000000 -5.443001
v -3.082695 0.000000 -5.566049
v -3.507359 0.000000 -5.672249
v -3.966171 0.000000 -5.762120
v -3.971857 0.000000 -5.774506
v -3.987577 0.000000 -5.808746
v -4.011325 0.000000 -5.860471
v -4.041092 0.000000 -5.925310
v -4.074874 0.000000 -5.998890
v -4.110662 0.000000 -6.076842
v -4.146451 0.000000 -6.154794
v -4.180232 0.000000 -6.228375
v -4.210000 0.000000 -6.293214
v -4.233747 0.000000 -6.344939
v -4.249468 0.000000 -6.379179
v -4.255156 0.000000 -6.391564
v -3.711462 0.000000 -6.406162
v -3.200457 0.000000 -6.438975
v -2.722595 0.000000 -6.490260
v -2.278337 0.000000 -6.560270
v -1.868138 0.000000 -6.649261
v -1.492458 0.000000 -6.757487
v -1.151755 0.000000 -6.885205
v -0.846485 0.000000 -7.032668
v -0.577107 0.000000 -7.200132
v -0.344079 0.000000 -7.387853
v -0.147858 0.000000 -7.596084
v 0.011097 0.000000 -7.825081
v 0.224740 0.000000 -7.576496
v 0.463615 0.000000 -7.350398
v 0.727953 0.000000 -7.146989
v 1.017982 0.000000 -6.966474
v 1.333929 0.000000 -6.809056
v 1.676022 0.000000 -6.674938
v 2.044491 0.000000 -6.564324
v 2.439564 0.000000 -6.477417
v 2.861469 0.000000 -6.414421
v 3.310435 0.000000 -6.375538
v 3.786689 0.000000 -6.360974
v 4.290462 0.000000 -6.370931
v 4.285588 0.000000 -6.358952
v 4.272114 0.000000 -6.325833
v 4.251759 0.000000 -6.275804
v 4.226244 0.000000 -6.213091
v 4.197289 0.000000 -6.141922
v 4.166614 0.000000 -6.066525
v 4.135939 0.000000 -5.991128
v 4.106984 0.000000 -5.919960
v 4.081469 0.000000 -5.857246
v 4.061114 0.000000 -5.807217
v 4.047641 0.000000 -5.774098
v 4.042768 0.000000 -5.762120
v 3.623344 0.000000 -5.696684
v 3.235141 0.000000 -5.611440
v 2.877880 0.000000 -5.506564
v 2.551277 0.000000 -5.382236
v 2.255052 0.000000 -5.238634
v 1.988923 0.000000 -5.075936
v 1.752611 0.000000 -4.894321
v 1.545834 0.000000 -4.693967
v 1.368310 0.000000 -4.475052
v 1.219759 0.000000 -4.237755
v 1.099899 0.000000 -3.982253
v 1.008451 0.000000 -3.708726
v 1.204950 0.000000 -3.810543
v 1.397319 0.000000 -3.899974
v 1.585697 0.000000 -3.977433
v 1.770221 0.000000 -4.043334
v 1.951029 0.000000 -4.098088
v 2.128259 0.000000 -4.142110
v 2.302048 0.000000 -4.175814
v 2.472535 0.000000 -4.199611
v 2.639856 0.000000 -4.213916
v 2.804150 0.000000 -4.219142
v 2.965555 0.000000 -4.215702
v 3.124207 0.000000 -4.204009
v 2.600260 0.000000 -4.047556
v 2.118515 0.000000 -3.872894
v 1.681425 0.000000 -3.678963
v 1.291445 0.000000 -3.464704
v 0.951031 0.000000 -3.229059
v 0.662636 0.000000 -2.970967
v 0.428715 0.000000 -2.689371
v 0.251723 0.000000 -2.383210
v 0.134115 0.000000 -2.051426
v 0.078345 0.000000 -1.692960
v 0.086868 0.000000 -1.306752
vn -0.0000 1.0000 -0.0000
vt 1.000000 0.000000
vt 0.006452 0.000000
vt 0.000000 0.000000
vt 0.012903 0.000000
vt 0.019355 0.000000
vt 0.025806 0.000000
vt 0.032258 0.000000
vt 0.038710 0.000000
vt 0.045161 0.000000
vt 0.051613 0.000000
vt 0.225806 0.000000
vt 0.238710 0.000000
vt 0.232258 0.000000
vt 0.058065 0.000000
vt 0.993548 0.000000
vt 0.064516 0.000000
vt 0.070968 0.000000
vt 0.245161 0.000000
vt 0.077419 0.000000
vt 0.083871 0.000000
vt 0.219355 0.000000
vt 0.090323 0.000000
vt 0.251613 0.000000
vt 0.987097 0.000000
vt 0.096774 0.000000
vt 0.103226 0.000000
vt 0.258065 0.000000
vt 0.212903 0.000000
vt 0.109677 0.000000
vt 0.116129 0.000000
vt 0.264516 0.000000
vt 0.206452 0.000000
vt 0.122581 0.000000
vt 0.980645 0.000000
vt 0.129032 0.000000
vt 0.270968 0.000000
vt 0.135484 0.000000
vt 0.200000 0.000000
vt 0.141935 0.000000
vt 0.148387 0.000000
vt 0.154839 0.000000
vt 0.277419 0.000000
vt 0.193548 0.000000
vt 0.161290 0.000000
vt 0.974194 0.000000
vt 0.187097 0.000000
vt 0.167742 0.000000
vt 0.283871 0.000000
vt 0.174194 0.000000
vt 0.180645 0.000000
vt 0.290323 0.000000
vt 0.967742 0.000000
vt 0.296774 0.000000
vt 0.303226 0.000000
vt 0.961290 0.000000
vt 0.309677 0.000000
vt 0.954839 0.000000
vt 0.316129 0.000000
vt 0.387097 0.000000
vt 0.322581 0.000000
vt 0.948387 0.000000
vt 0.393548 0.000000
vt 0.380645 0.000000
vt 0.329032 0.000000
vt 0.374194 0.000000
vt 0.941935 0.000000
vt 0.851613 0.000000
vt 0.858065 0.000000
vt 0.845161 0.000000
vt 0.367742 0.000000
vt 0.335484 0.000000
vt 0.400000 0.000000
vt 0.361290 0.000000
vt 0.864516 0.000000
vt 0.341935 0.000000
vt 0.354839 0.000000
vt 0.348387 0.000000
vt 0.935484 0.000000
vt 0.870968 0.000000
vt 0.877419 0.000000
vt 0.838710 0.000000
vt 0.883871 0.000000
vt 0.929032 0.000000
vt 0.406452 0.000000
vt 0.890323 0.000000
vt 0.896774 0.000000
vt 0.903226 0.000000
vt 0.909677 0.000000
vt 0.922581 0.000000
vt 0.916129 0.000000
vt 0.832258 0.000000
vt 0.412903 0.000000
vt 0.825806 0.000000
vt 0.419355 0.000000
vt 0.819355 0.000000
vt 0.425806 0.000000
vt 0.812903 0.000000
vt 0.432258 0.000000
vt 0.806452 0.000000
vt 0.438710 0.000000
vt 0.800000 0.000000
vt 0.445161 0.000000
vt 0.793548 0.000000
vt 0.451613 0.000000
vt 0.787097 0.000000
vt 0.458065 0.000000
vt 0.780645 0.000000
vt 0.464516 0.000000
vt 0.774194 0.000000
vt 0.767742 0.000000
vt 0.470968 0.000000
vt 0.761290 0.000000
vt 0.477419 0.000000
vt 0.754839 0.000000
vt 0.483871 0.000000
vt 0.748387 0.000000
vt 0.490323 0.000000
vt 0.741935 0.000000
vt 0.496774 0.000000
vt 0.735484 0.000000
vt 0.503226 0.000000
vt 0.729032 0.000000
vt 0.509677 0.000000
vt 0.722581 0.000000
vt 0.516129 0.000000
vt 0.716129 0.000000
vt 0.522581 0.000000
vt 0.709677 0.000000
vt 0.529032 0.000000
vt 0.703226 0.000000
vt 0.535484 0.000000
vt 0.696774 0.000000
vt 0.690323 0.000000
vt 0.683871 0.000000
vt 0.677419 0.000000
vt 0.541936 0.000000
vt 0.548387 0.000000
vt 0.554839 0.000000
vt 0.670968 0.000000
vt 0.561290 0.000000
vt 0.664516 0.000000
vt 0.567742 0.000000
vt 0.574194 0.000000
vt 0.658065 0.000000
vt 0.580645 0.000000
vt 0.651613 0.000000
vt 0.587097 0.000000
vt 0.645161 0.000000
vt 0.593548 0.000000
vt 0.638710 0.000000
vt 0.600000 0.000000
vt 0.632258 0.000000
vt 0.606452 0.000000
vt 0.625806 0.000000
vt 0.612903 0.000000
vt 0.619355 0.000000
s 0
usemtl SVGMat.012
f 2160/2021/716 2006/2022/716 2005/2023/716
f 2160/2021/716 2007/2024/716 2006/2022/716
f 2160/2021/716 2008/2025/716 2007/2024/716
f 2160/2021/716 2009/2026/716 2008/2025/716
f 2160/2021/716 2010/2027/716 2009/2026/716
f 2160/2021/716 2011/2028/716 2010/2027/716
f 2160/2021/716 2012/2029/716 2011/2028/716
f 2160/2021/716 2013/2030/716 2012/2029/716
f 2040/2031/716 2042/2032/716 2041/2033/716
f 2160/2021/716 2014/2034/716 2013/2030/716
f 2159/2035/716 2014/2034/716 2160/2021/716
f 2159/2035/716 2015/2036/716 2014/2034/716
f 2159/2035/716 2016/2037/716 2015/2036/716
f 2040/2031/716 2043/2038/716 2042/2032/716
f 2159/2035/716 2017/2039/716 2016/2037/716
f 2159/2035/716 2018/2040/716 2017/2039/716
f 2039/2041/716 2043/2038/716 2040/2031/716
f 2159/2035/716 2019/2042/716 2018/2040/716
f 2039/2041/716 2044/2043/716 2043/2038/716
f 2158/2044/716 2019/2042/716 2159/2035/716
f 2158/2044/716 2020/2045/716 2019/2042/716
f 2158/2044/716 2021/2046/716 2020/2045/716
f 2039/2041/716 2045/2047/716 2044/2043/716
f 2038/2048/716 2045/2047/716 2039/2041/716
f 2158/2044/716 2022/2049/716 2021/2046/716
f 2158/2044/716 2023/2050/716 2022/2049/716
f 2038/2048/716 2046/2051/716 2045/2047/716
f 2037/2052/716 2046/2051/716 2038/2048/716
f 2158/2044/716 2024/2053/716 2023/2050/716
f 2157/2054/716 2024/2053/716 2158/2044/716
f 2157/2054/716 2025/2055/716 2024/2053/716
f 2037/2052/716 2047/2056/716 2046/2051/716
f 2157/2054/716 2026/2057/716 2025/2055/716
f 2036/2058/716 2047/2056/716 2037/2052/716
f 2157/2054/716 2027/2059/716 2026/2057/716
f 2157/2054/716 2028/2060/716 2027/2059/716
f 2157/2054/716 2029/2061/716 2028/2060/716
f 2036/2058/716 2048/2062/716 2047/2056/716
f 2035/2063/716 2048/2062/716 2036/2058/716
f 2157/2054/716 2030/2064/716 2029/2061/716
f 2156/2065/716 2030/2064/716 2157/2054/716
f 2034/2066/716 2048/2062/716 2035/2063/716
f 2156/2065/716 2031/2067/716 2030/2064/716
f 2034/2066/716 2049/2068/716 2048/2062/716
f 2156/2065/716 2032/2069/716 2031/2067/716
f 2033/2070/716 2049/2068/716 2034/2066/716
f 2156/2065/716 2033/2070/716 2032/2069/716
f 2156/2065/716 2049/2068/716 2033/2070/716
f 2156/2065/716 2050/2071/716 2049/2068/716
f 2155/2072/716 2050/2071/716 2156/2065/716
f 2155/2072/716 2051/2073/716 2050/2071/716
f 2155/2072/716 2052/2074/716 2051/2073/716
f 2154/2075/716 2052/2074/716 2155/2072/716
f 2154/2075/716 2053/2076/716 2052/2074/716
f 2153/2077/716 2053/2076/716 2154/2075/716
f 2153/2077/716 2054/2078/716 2053/2076/716
f 2153/2077/716 2065/2079/716 2054/2078/716
f 2065/2079/716 2055/2080/716 2054/2078/716
f 2152/2081/716 2065/2079/716 2153/2077/716
f 2152/2081/716 2066/2082/716 2065/2079/716
f 2064/2083/716 2055/2080/716 2065/2079/716
f 2064/2083/716 2056/2084/716 2055/2080/716
f 2063/2085/716 2056/2084/716 2064/2083/716
f 2151/2086/716 2137/2087/716 2152/2081/716
f 2137/2087/716 2066/2082/716 2152/2081/716
f 2151/2086/716 2138/2088/716 2137/2087/716
f 2136/2089/716 2066/2082/716 2137/2087/716
f 2062/2090/716 2056/2084/716 2063/2085/716
f 2062/2090/716 2057/2091/716 2056/2084/716
f 2136/2089/716 2067/2092/716 2066/2082/716
f 2061/2093/716 2057/2091/716 2062/2090/716
f 2151/2086/716 2139/2094/716 2138/2088/716
f 2061/2093/716 2058/2095/716 2057/2091/716
f 2060/2096/716 2058/2095/716 2061/2093/716
f 2060/2096/716 2059/2097/716 2058/2095/716
f 2150/2098/716 2139/2094/716 2151/2086/716
f 2150/2098/716 2140/2099/716 2139/2094/716
f 2150/2098/716 2141/2100/716 2140/2099/716
f 2135/2101/716 2067/2092/716 2136/2089/716
f 2150/2098/716 2142/2102/716 2141/2100/716
f 2149/2103/716 2142/2102/716 2150/2098/716
f 2135/2101/716 2068/2104/716 2067/2092/716
f 2149/2103/716 2143/2105/716 2142/2102/716
f 2149/2103/716 2144/2106/716 2143/2105/716
f 2149/2103/716 2145/2107/716 2144/2106/716
f 2149/2103/716 2146/2108/716 2145/2107/716
f 2148/2109/716 2146/2108/716 2149/2103/716
f 2148/2109/716 2147/2110/716 2146/2108/716
f 2134/2111/716 2068/2104/716 2135/2101/716
f 2134/2111/716 2069/2112/716 2068/2104/716
f 2133/2113/716 2069/2112/716 2134/2111/716
f 2133/2113/716 2070/2114/716 2069/2112/716
f 2132/2115/716 2070/2114/716 2133/2113/716
f 2132/2115/716 2071/2116/716 2070/2114/716
f 2131/2117/716 2071/2116/716 2132/2115/716
f 2131/2117/716 2072/2118/716 2071/2116/716
f 2130/2119/716 2072/2118/716 2131/2117/716
f 2130/2119/716 2073/2120/716 2072/2118/716
f 2129/2121/716 2073/2120/716 2130/2119/716
f 2129/2121/716 2074/2122/716 2073/2120/716
f 2128/2123/716 2074/2122/716 2129/2121/716
f 2128/2123/716 2075/2124/716 2074/2122/716
f 2127/2125/716 2075/2124/716 2128/2123/716
f 2127/2125/716 2076/2126/716 2075/2124/716
f 2126/2127/716 2076/2126/716 2127/2125/716
f 2126/2127/716 2077/2128/716 2076/2126/716
f 2125/2129/716 2077/2128/716 2126/2127/716
f 2124/2130/716 2077/2128/716 2125/2129/716
f 2124/2130/716 2078/2131/716 2077/2128/716
f 2123/2132/716 2078/2131/716 2124/2130/716
f 2123/2132/716 2079/2133/716 2078/2131/716
f 2122/2134/716 2079/2133/716 2123/2132/716
f 2122/2134/716 2080/2135/716 2079/2133/716
f 2121/2136/716 2080/2135/716 2122/2134/716
f 2121/2136/716 2081/2137/716 2080/2135/716
f 2120/2138/716 2081/2137/716 2121/2136/716
f 2120/2138/716 2082/2139/716 2081/2137/716
f 2119/2140/716 2082/2139/716 2120/2138/716
f 2119/2140/716 2083/2141/716 2082/2139/716
f 2118/2142/716 2083/2141/716 2119/2140/716
f 2118/2142/716 2084/2143/716 2083/2141/716
f 2117/2144/716 2084/2143/716 2118/2142/716
f 2117/2144/716 2085/2145/716 2084/2143/716
f 2116/2146/716 2085/2145/716 2117/2144/716
f 2116/2146/716 2086/2147/716 2085/2145/716
f 2115/2148/716 2086/2147/716 2116/2146/716
f 2115/2148/716 2087/2149/716 2086/2147/716
f 2114/2150/716 2087/2149/716 2115/2148/716
f 2114/2150/716 2088/2151/716 2087/2149/716
f 2113/2152/716 2112/2153/716 2114/2150/716
f 2112/2153/716 2088/2151/716 2114/2150/716
f 2111/2154/716 2088/2151/716 2112/2153/716
f 2110/2155/716 2088/2151/716 2111/2154/716
f 2110/2155/716 2089/2156/716 2088/2151/716
f 2110/2155/716 2090/2157/716 2089/2156/716
f 2110/2155/716 2091/2158/716 2090/2157/716
f 2109/2159/716 2091/2158/716 2110/2155/716
f 2109/2159/716 2092/2160/716 2091/2158/716
f 2108/2161/716 2092/2160/716 2109/2159/716
f 2108/2161/716 2093/2162/716 2092/2160/716
f 2108/2161/716 2094/2163/716 2093/2162/716
f 2107/2164/716 2094/2163/716 2108/2161/716
f 2107/2164/716 2095/2165/716 2094/2163/716
f 2106/2166/716 2095/2165/716 2107/2164/716
f 2106/2166/716 2096/2167/716 2095/2165/716
f 2105/2168/716 2096/2167/716 2106/2166/716
f 2105/2168/716 2097/2169/716 2096/2167/716
f 2104/2170/716 2097/2169/716 2105/2168/716
f 2104/2170/716 2098/2171/716 2097/2169/716
f 2103/2172/716 2098/2171/716 2104/2170/716
f 2103/2172/716 2099/2173/716 2098/2171/716
f 2102/2174/716 2099/2173/716 2103/2172/716
f 2102/2174/716 2100/2175/716 2099/2173/716
f 2101/2176/716 2100/2175/716 2102/2174/716
o Curve.007
v -2.084998 0.000000 4.227115
v -3.200107 0.000000 3.554757
v -4.187626 0.000000 2.855377
v -5.037930 0.000000 2.138524
v -5.741393 0.000000 1.413744
v -6.288389 0.000000 0.690586
v -6.669291 0.000000 -0.021406
v -6.874475 0.000000 -0.712682
v -6.894313 0.000000 -1.373696
v -6.719179 0.000000 -1.994901
v -6.339446 0.000000 -2.566749
v -5.745492 0.000000 -3.079693
v -4.927689 0.000000 -3.524186
v -5.158503 0.000000 -3.256999
v -5.350610 0.000000 -2.959812
v -5.493539 0.000000 -2.627657
v -5.576817 0.000000 -2.255567
v -5.589969 0.000000 -1.838572
v -5.522525 0.000000 -1.371703
v -5.364010 0.000000 -0.849994
v -5.103953 0.000000 -0.268474
v -4.731882 0.000000 0.377823
v -4.237323 0.000000 1.093867
v -3.609802 0.000000 1.884625
v -2.838850 0.000000 2.755065
v -2.876549 0.000000 2.433755
v -2.898829 0.000000 2.126186
v -2.905397 0.000000 1.832618
v -2.895963 0.000000 1.553311
v -2.870231 0.000000 1.288526
v -2.827911 0.000000 1.038523
v -2.768711 0.000000 0.803564
v -2.692338 0.000000 0.583906
v -2.598500 0.000000 0.379812
v -2.486905 0.000000 0.191540
v -2.357260 0.000000 0.019352
v -2.209273 0.000000 -0.136490
v -2.074180 0.000000 -0.242392
v -1.923385 0.000000 -0.324248
v -1.760148 0.000000 -0.383494
v -1.587729 0.000000 -0.421569
v -1.409388 0.000000 -0.439910
v -1.228383 0.000000 -0.439954
v -1.047975 0.000000 -0.423140
v -0.871423 0.000000 -0.390904
v -0.701986 0.000000 -0.344683
v -0.542925 0.000000 -0.285916
v -0.397497 0.000000 -0.216039
v -0.268965 0.000000 -0.136490
v -0.166786 0.000000 -0.052413
v -0.080631 0.000000 0.043399
v -0.011418 0.000000 0.148761
v 0.039937 0.000000 0.261489
v 0.072515 0.000000 0.379402
v 0.085402 0.000000 0.500313
v 0.077679 0.000000 0.622042
v 0.048429 0.000000 0.742404
v -0.003264 0.000000 0.859216
v -0.078318 0.000000 0.970294
v -0.177649 0.000000 1.073453
v -0.302175 0.000000 1.166515
v -0.680937 0.000000 1.407929
v -1.015280 0.000000 1.627408
v -1.305973 0.000000 1.832276
v -1.553787 0.000000 2.029856
v -1.759491 0.000000 2.227475
v -1.923855 0.000000 2.432455
v -2.047648 0.000000 2.652122
v -2.131641 0.000000 2.893800
v -2.176602 0.000000 3.164814
v -2.183303 0.000000 3.472489
v -2.152512 0.000000 3.824148
vn -0.0000 1.0000 -0.0000
vt 1.000000 0.000000
vt 0.014085 0.000000
vt 0.000000 0.000000
vt 0.985915 0.000000
vt 0.028169 0.000000
vt 0.971831 0.000000
vt 0.957747 0.000000
vt 0.943662 0.000000
vt 0.338028 0.000000
vt 0.042254 0.000000
vt 0.352113 0.000000
vt 0.323944 0.000000
vt 0.929577 0.000000
vt 0.366197 0.000000
vt 0.915493 0.000000
vt 0.901408 0.000000
vt 0.056338 0.000000
vt 0.380282 0.000000
vt 0.887324 0.000000
vt 0.309859 0.000000
vt 0.394366 0.000000
vt 0.873239 0.000000
vt 0.859155 0.000000
vt 0.408451 0.000000
vt 0.070423 0.000000
vt 0.845070 0.000000
vt 0.422535 0.000000
vt 0.830986 0.000000
vt 0.295775 0.000000
vt 0.816901 0.000000
vt 0.436620 0.000000
vt 0.802817 0.000000
vt 0.788732 0.000000
vt 0.450704 0.000000
vt 0.774648 0.000000
vt 0.084507 0.000000
vt 0.760563 0.000000
vt 0.464789 0.000000
vt 0.746479 0.000000
vt 0.478873 0.000000
vt 0.732394 0.000000
vt 0.281690 0.000000
vt 0.718310 0.000000
vt 0.492958 0.000000
vt 0.704225 0.000000
vt 0.690141 0.000000
vt 0.507042 0.000000
vt 0.098592 0.000000
vt 0.676056 0.000000
vt 0.661972 0.000000
vt 0.521127 0.000000
vt 0.647887 0.000000
vt 0.535211 0.000000
vt 0.267606 0.000000
vt 0.633803 0.000000
vt 0.549296 0.000000
vt 0.619718 0.000000
vt 0.563380 0.000000
vt 0.605634 0.000000
vt 0.577465 0.000000
vt 0.591549 0.000000
vt 0.112676 0.000000
vt 0.253521 0.000000
vt 0.239437 0.000000
vt 0.126761 0.000000
vt 0.225352 0.000000
vt 0.140845 0.000000
vt 0.211268 0.000000
vt 0.154930 0.000000
vt 0.197183 0.000000
vt 0.183099 0.000000
vt 0.169014 0.000000
s 0
usemtl SVGMat.012
f 2232/2177/717 2162/2178/717 2161/2179/717
f 2231/2180/717 2162/2178/717 2232/2177/717
f 2231/2180/717 2163/2181/717 2162/2178/717
f 2230/2182/717 2163/2181/717 2231/2180/717
f 2229/2183/717 2163/2181/717 2230/2182/717
f 2228/2184/717 2185/2185/717 2229/2183/717
f 2185/2185/717 2163/2181/717 2229/2183/717
f 2185/2185/717 2164/2186/717 2163/2181/717
f 2228/2184/717 2186/2187/717 2185/2185/717
f 2184/2188/717 2164/2186/717 2185/2185/717
f 2227/2189/717 2186/2187/717 2228/2184/717
f 2227/2189/717 2187/2190/717 2186/2187/717
f 2226/2191/717 2187/2190/717 2227/2189/717
f 2225/2192/717 2187/2190/717 2226/2191/717
f 2184/2188/717 2165/2193/717 2164/2186/717
f 2225/2192/717 2188/2194/717 2187/2190/717
f 2224/2195/717 2188/2194/717 2225/2192/717
f 2183/2196/717 2165/2193/717 2184/2188/717
f 2224/2195/717 2189/2197/717 2188/2194/717
f 2223/2198/717 2189/2197/717 2224/2195/717
f 2222/2199/717 2189/2197/717 2223/2198/717
f 2222/2199/717 2190/2200/717 2189/2197/717
f 2183/2196/717 2166/2201/717 2165/2193/717
f 2221/2202/717 2190/2200/717 2222/2199/717
f 2221/2202/717 2191/2203/717 2190/2200/717
f 2220/2204/717 2191/2203/717 2221/2202/717
f 2182/2205/717 2166/2201/717 2183/2196/717
f 2219/2206/717 2191/2203/717 2220/2204/717
f 2219/2206/717 2192/2207/717 2191/2203/717
f 2218/2208/717 2192/2207/717 2219/2206/717
f 2217/2209/717 2192/2207/717 2218/2208/717
f 2217/2209/717 2193/2210/717 2192/2207/717
f 2216/2211/717 2193/2210/717 2217/2209/717
f 2182/2205/717 2167/2212/717 2166/2201/717
f 2215/2213/717 2193/2210/717 2216/2211/717
f 2215/2213/717 2194/2214/717 2193/2210/717
f 2214/2215/717 2194/2214/717 2215/2213/717
f 2214/2215/717 2195/2216/717 2194/2214/717
f 2213/2217/717 2195/2216/717 2214/2215/717
f 2181/2218/717 2167/2212/717 2182/2205/717
f 2212/2219/717 2195/2216/717 2213/2217/717
f 2212/2219/717 2196/2220/717 2195/2216/717
f 2211/2221/717 2196/2220/717 2212/2219/717
f 2210/2222/717 2196/2220/717 2211/2221/717
f 2210/2222/717 2197/2223/717 2196/2220/717
f 2181/2218/717 2168/2224/717 2167/2212/717
f 2209/2225/717 2197/2223/717 2210/2222/717
f 2208/2226/717 2197/2223/717 2209/2225/717
f 2208/2226/717 2198/2227/717 2197/2223/717
f 2207/2228/717 2198/2227/717 2208/2226/717
f 2207/2228/717 2199/2229/717 2198/2227/717
f 2180/2230/717 2168/2224/717 2181/2218/717
f 2206/2231/717 2199/2229/717 2207/2228/717
f 2206/2231/717 2200/2232/717 2199/2229/717
f 2205/2233/717 2200/2232/717 2206/2231/717
f 2205/2233/717 2201/2234/717 2200/2232/717
f 2204/2235/717 2201/2234/717 2205/2233/717
f 2204/2235/717 2202/2236/717 2201/2234/717
f 2203/2237/717 2202/2236/717 2204/2235/717
f 2180/2230/717 2169/2238/717 2168/2224/717
f 2179/2239/717 2169/2238/717 2180/2230/717
f 2178/2240/717 2169/2238/717 2179/2239/717
f 2178/2240/717 2170/2241/717 2169/2238/717
f 2177/2242/717 2170/2241/717 2178/2240/717
f 2177/2242/717 2171/2243/717 2170/2241/717
f 2176/2244/717 2171/2243/717 2177/2242/717
f 2176/2244/717 2172/2245/717 2171/2243/717
f 2175/2246/717 2172/2245/717 2176/2244/717
f 2174/2247/717 2172/2245/717 2175/2246/717
f 2174/2247/717 2173/2248/717 2172/2245/717
o Curve.007
v -2.084998 0.000000 4.227115
v -3.200107 0.000000 3.554757
v -4.187626 0.000000 2.855377
v -5.037930 0.000000 2.138524
v -5.741393 0.000000 1.413744
v -6.288389 0.000000 0.690586
v -6.669291 0.000000 -0.021406
v -6.874475 0.000000 -0.712682
v -6.894313 0.000000 -1.373696
v -6.719179 0.000000 -1.994901
v -6.339446 0.000000 -2.566749
v -5.745492 0.000000 -3.079693
v -4.927689 0.000000 -3.524186
v -5.158503 0.000000 -3.256999
v -5.350610 0.000000 -2.959812
v -5.493539 0.000000 -2.627657
v -5.576817 0.000000 -2.255567
v -5.589969 0.000000 -1.838572
v -5.522525 0.000000 -1.371703
v -5.364010 0.000000 -0.849994
v -5.103953 0.000000 -0.268474
v -4.731882 0.000000 0.377823
v -4.237323 0.000000 1.093867
v -3.609802 0.000000 1.884625
v -2.838850 0.000000 2.755065
v -2.876549 0.000000 2.433755
v -2.898829 0.000000 2.126186
v -2.905397 0.000000 1.832618
v -2.895963 0.000000 1.553311
v -2.870231 0.000000 1.288526
v -2.827911 0.000000 1.038523
v -2.768711 0.000000 0.803564
v -2.692338 0.000000 0.583906
v -2.598500 0.000000 0.379812
v -2.486905 0.000000 0.191540
v -2.357260 0.000000 0.019352
v -2.209273 0.000000 -0.136490
v -2.074180 0.000000 -0.242392
v -1.923385 0.000000 -0.324248
v -1.760148 0.000000 -0.383494
v -1.587729 0.000000 -0.421569
v -1.409388 0.000000 -0.439910
v -1.228383 0.000000 -0.439954
v -1.047975 0.000000 -0.423140
v -0.871423 0.000000 -0.390904
v -0.701986 0.000000 -0.344683
v -0.542925 0.000000 -0.285916
v -0.397497 0.000000 -0.216039
v -0.268965 0.000000 -0.136490
v -0.166786 0.000000 -0.052413
v -0.080631 0.000000 0.043399
v -0.011418 0.000000 0.148761
v 0.039937 0.000000 0.261489
v 0.072515 0.000000 0.379402
v 0.085402 0.000000 0.500313
v 0.077679 0.000000 0.622042
v 0.048429 0.000000 0.742404
v -0.003264 0.000000 0.859216
v -0.078318 0.000000 0.970294
v -0.177649 0.000000 1.073453
v -0.302175 0.000000 1.166515
v -0.680937 0.000000 1.407929
v -1.015280 0.000000 1.627408
v -1.305973 0.000000 1.832276
v -1.553787 0.000000 2.029856
v -1.759491 0.000000 2.227475
v -1.923855 0.000000 2.432455
v -2.047648 0.000000 2.652122
v -2.131641 0.000000 2.893800
v -2.176602 0.000000 3.164814
v -2.183303 0.000000 3.472489
v -2.152512 0.000000 3.824148
vn -0.0000 1.0000 -0.0000
vt 1.000000 0.000000
vt 0.014085 0.000000
vt 0.000000 0.000000
vt 0.985915 0.000000
vt 0.028169 0.000000
vt 0.971831 0.000000
vt 0.957747 0.000000
vt 0.943662 0.000000
vt 0.338028 0.000000
vt 0.042254 0.000000
vt 0.352113 0.000000
vt 0.323944 0.000000
vt 0.929577 0.000000
vt 0.366197 0.000000
vt 0.915493 0.000000
vt 0.901408 0.000000
vt 0.056338 0.000000
vt 0.380282 0.000000
vt 0.887324 0.000000
vt 0.309859 0.000000
vt 0.394366 0.000000
vt 0.873239 0.000000
vt 0.859155 0.000000
vt 0.408451 0.000000
vt 0.070423 0.000000
vt 0.845070 0.000000
vt 0.422535 0.000000
vt 0.830986 0.000000
vt 0.295775 0.000000
vt 0.816901 0.000000
vt 0.436620 0.000000
vt 0.802817 0.000000
vt 0.788732 0.000000
vt 0.450704 0.000000
vt 0.774648 0.000000
vt 0.084507 0.000000
vt 0.760563 0.000000
vt 0.464789 0.000000
vt 0.746479 0.000000
vt 0.478873 0.000000
vt 0.732394 0.000000
vt 0.281690 0.000000
vt 0.718310 0.000000
vt 0.492958 0.000000
vt 0.704225 0.000000
vt 0.690141 0.000000
vt 0.507042 0.000000
vt 0.098592 0.000000
vt 0.676056 0.000000
vt 0.661972 0.000000
vt 0.521127 0.000000
vt 0.647887 0.000000
vt 0.535211 0.000000
vt 0.267606 0.000000
vt 0.633803 0.000000
vt 0.549296 0.000000
vt 0.619718 0.000000
vt 0.563380 0.000000
vt 0.605634 0.000000
vt 0.577465 0.000000
vt 0.591549 0.000000
vt 0.112676 0.000000
vt 0.253521 0.000000
vt 0.239437 0.000000
vt 0.126761 0.000000
vt 0.225352 0.000000
vt 0.140845 0.000000
vt 0.211268 0.000000
vt 0.154930 0.000000
vt 0.197183 0.000000
vt 0.183099 0.000000
vt 0.169014 0.000000
s 0
usemtl SVGMat.012
f 2304/2249/718 2234/2250/718 2233/2251/718
f 2303/2252/718 2234/2250/718 2304/2249/718
f 2303/2252/718 2235/2253/718 2234/2250/718
f 2302/2254/718 2235/2253/718 2303/2252/718
f 2301/2255/718 2235/2253/718 2302/2254/718
f 2300/2256/718 2257/2257/718 2301/2255/718
f 2257/2257/718 2235/2253/718 2301/2255/718
f 2257/2257/718 2236/2258/718 2235/2253/718
f 2300/2256/718 2258/2259/718 2257/2257/718
f 2256/2260/718 2236/2258/718 2257/2257/718
f 2299/2261/718 2258/2259/718 2300/2256/718
f 2299/2261/718 2259/2262/718 2258/2259/718
f 2298/2263/718 2259/2262/718 2299/2261/718
f 2297/2264/718 2259/2262/718 2298/2263/718
f 2256/2260/718 2237/2265/718 2236/2258/718
f 2297/2264/718 2260/2266/718 2259/2262/718
f 2296/2267/718 2260/2266/718 2297/2264/718
f 2255/2268/718 2237/2265/718 2256/2260/718
f 2296/2267/718 2261/2269/718 2260/2266/718
f 2295/2270/718 2261/2269/718 2296/2267/718
f 2294/2271/718 2261/2269/718 2295/2270/718
f 2294/2271/718 2262/2272/718 2261/2269/718
f 2255/2268/718 2238/2273/718 2237/2265/718
f 2293/2274/718 2262/2272/718 2294/2271/718
f 2293/2274/718 2263/2275/718 2262/2272/718
f 2292/2276/718 2263/2275/718 2293/2274/718
f 2254/2277/718 2238/2273/718 2255/2268/718
f 2291/2278/718 2263/2275/718 2292/2276/718
f 2291/2278/718 2264/2279/718 2263/2275/718
f 2290/2280/718 2264/2279/718 2291/2278/718
f 2289/2281/718 2264/2279/718 2290/2280/718
f 2289/2281/718 2265/2282/718 2264/2279/718
f 2288/2283/718 2265/2282/718 2289/2281/718
f 2254/2277/718 2239/2284/718 2238/2273/718
f 2287/2285/718 2265/2282/718 2288/2283/718
f 2287/2285/718 2266/2286/718 2265/2282/718
f 2286/2287/718 2266/2286/718 2287/2285/718
f 2286/2287/718 2267/2288/718 2266/2286/718
f 2285/2289/718 2267/2288/718 2286/2287/718
f 2253/2290/718 2239/2284/718 2254/2277/718
f 2284/2291/718 2267/2288/718 2285/2289/718
f 2284/2291/718 2268/2292/718 2267/2288/718
f 2283/2293/718 2268/2292/718 2284/2291/718
f 2282/2294/718 2268/2292/718 2283/2293/718
f 2282/2294/718 2269/2295/718 2268/2292/718
f 2253/2290/718 2240/2296/718 2239/2284/718
f 2281/2297/718 2269/2295/718 2282/2294/718
f 2280/2298/718 2269/2295/718 2281/2297/718
f 2280/2298/718 2270/2299/718 2269/2295/718
f 2279/2300/718 2270/2299/718 2280/2298/718
f 2279/2300/718 2271/2301/718 2270/2299/718
f 2252/2302/718 2240/2296/718 2253/2290/718
f 2278/2303/718 2271/2301/718 2279/2300/718
f 2278/2303/718 2272/2304/718 2271/2301/718
f 2277/2305/718 2272/2304/718 2278/2303/718
f 2277/2305/718 2273/2306/718 2272/2304/718
f 2276/2307/718 2273/2306/718 2277/2305/718
f 2276/2307/718 2274/2308/718 2273/2306/718
f 2275/2309/718 2274/2308/718 2276/2307/718
f 2252/2302/718 2241/2310/718 2240/2296/718
f 2251/2311/718 2241/2310/718 2252/2302/718
f 2250/2312/718 2241/2310/718 2251/2311/718
f 2250/2312/718 2242/2313/718 2241/2310/718
f 2249/2314/718 2242/2313/718 2250/2312/718
f 2249/2314/718 2243/2315/718 2242/2313/718
f 2248/2316/718 2243/2315/718 2249/2314/718
f 2248/2316/718 2244/2317/718 2243/2315/718
f 2247/2318/718 2244/2317/718 2248/2316/718
f 2246/2319/718 2244/2317/718 2247/2318/718
f 2246/2319/718 2245/2320/718 2244/2317/718
