# Blender 5.2.1 LTS
# www.blender.org
mtllib Visclogocenter.mtl
o Curve
v 5.632759 0.259874 1.274229
v 5.771347 0.259874 1.125147
v 5.896380 0.259874 0.977272
v 6.006044 0.259874 0.830789
v 6.098526 0.259874 0.685887
v 6.172010 0.259874 0.542754
v 6.224683 0.259874 0.401578
v 6.254731 0.259874 0.262548
v 6.260341 0.259874 0.125852
v 6.239697 0.259874 -0.008324
v 6.190986 0.259874 -0.139789
v 6.112394 0.259874 -0.268356
v 5.968750 0.259874 -0.418884
v 5.788778 0.259874 -0.536055
v 5.575999 0.259874 -0.621576
v 5.333935 0.259874 -0.677155
v 5.066107 0.259874 -0.704497
v 4.776035 0.259874 -0.705311
v 4.467242 0.259874 -0.681303
v 4.143248 0.259874 -0.634179
v 3.807574 0.259874 -0.565648
v 3.463741 0.259874 -0.477416
v 3.115272 0.259874 -0.371189
v 2.765686 0.259874 -0.248675
v 3.166609 0.259874 -0.469143
v 3.570918 0.259874 -0.673770
v 3.975414 0.259874 -0.857787
v 4.376900 0.259874 -1.016426
v 4.772179 0.259874 -1.144919
v 5.158051 0.259874 -1.238497
v 5.531322 0.259874 -1.292394
v 5.888791 0.259874 -1.301842
v 6.227263 0.259874 -1.262073
v 6.543539 0.259874 -1.168318
v 6.834421 0.259874 -1.015810
v 7.096713 0.259874 -0.799781
v 7.211374 0.259874 -0.660338
v 7.299873 0.259874 -0.501210
v 7.361925 0.259874 -0.324456
v 7.397246 0.259874 -0.132134
v 7.405550 0.259874 0.073692
v 7.386553 0.259874 0.290964
v 7.339970 0.259874 0.517621
v 7.265516 0.259874 0.751601
v 7.162908 0.259874 0.990846
v 7.031859 0.259874 1.233295
v 6.872086 0.259874 1.476886
v 6.683303 0.259874 1.719560
v 6.164286 0.259874 2.286461
v 5.590426 0.259874 2.814659
v 4.957814 0.259874 3.301393
v 4.262543 0.259874 3.743907
v 3.500706 0.259874 4.139444
v 2.668396 0.259874 4.485246
v 1.761707 0.259874 4.778554
v 0.776730 0.259874 5.016613
v -0.290442 0.259874 5.196666
v -1.443714 0.259874 5.315955
v -2.686996 0.259874 5.371720
v -4.024193 0.259874 5.361206
v -3.394972 0.259874 5.102403
v -2.847330 0.259874 4.780030
v -2.379825 0.259874 4.395211
v -1.991015 0.259874 3.949068
v -1.679461 0.259874 3.442724
v -1.443719 0.259874 2.877304
v -1.282348 0.259874 2.253930
v -1.193907 0.259874 1.573724
v -1.176953 0.259874 0.837812
v -1.230048 0.259874 0.047316
v -1.351747 0.259874 -0.796641
v -1.540609 0.259874 -1.692936
v -2.097440 0.259874 -0.994455
v -2.607929 0.259874 -0.315981
v -3.071721 0.259874 0.342332
v -3.488460 0.259874 0.980330
v -3.857788 0.259874 1.597861
v -4.179350 0.259874 2.194768
v -4.452789 0.259874 2.770901
v -4.677751 0.259874 3.326104
v -4.853877 0.259874 3.860223
v -4.980813 0.259874 4.373106
v -5.058200 0.259874 4.864597
v -5.085684 0.259874 5.334544
v -5.130585 0.259874 5.334544
v -5.254721 0.259874 5.334544
v -5.442245 0.259874 5.334544
v -5.677311 0.259874 5.334544
v -5.944072 0.259874 5.334544
v -6.226679 0.259874 5.334544
v -6.509286 0.259874 5.334544
v -6.776047 0.259874 5.334544
v -7.011112 0.259874 5.334544
v -7.198637 0.259874 5.334544
v -7.322773 0.259874 5.334544
v -7.367673 0.259874 5.334544
v -6.899167 0.259874 3.893996
v -6.381156 0.259874 2.583357
v -5.816541 0.259874 1.395030
v -5.208215 0.259874 0.321416
v -4.559074 0.259874 -0.645083
v -3.872015 0.259874 -1.512065
v -3.149930 0.259874 -2.287127
v -2.395716 0.259874 -2.977868
v -1.612267 0.259874 -3.591884
v -0.802480 0.259874 -4.136775
v 0.030753 0.259874 -4.620138
v 0.884535 0.259874 -5.049570
v 0.667162 0.259874 -4.816252
v 0.465076 0.259874 -4.592104
v 0.278501 0.259874 -4.377261
v 0.107661 0.259874 -4.171857
v -0.047221 0.259874 -3.976025
v -0.185921 0.259874 -3.789901
v -0.308215 0.259874 -3.613617
v -0.413881 0.259874 -3.447309
v -0.502693 0.259874 -3.291109
v -0.574429 0.259874 -3.145153
v -0.628865 0.259874 -3.009574
v -0.665777 0.259874 -2.884507
v -0.337000 0.259874 -3.190563
v -0.010924 0.259874 -3.477722
v 0.312554 0.259874 -3.746701
v 0.633536 0.259874 -3.998217
v 0.952126 0.259874 -4.232988
v 1.268426 0.259874 -4.451733
v 1.582538 0.259874 -4.655168
v 1.894565 0.259874 -4.844011
v 2.204608 0.259874 -5.018981
v 2.512772 0.259874 -5.180794
v 2.819158 0.259874 -5.330167
v 3.123868 0.259874 -5.467820
v 2.668432 0.259874 -5.141733
v 2.257405 0.259874 -4.806792
v 1.892663 0.259874 -4.464117
v 1.576086 0.259874 -4.114823
v 1.309549 0.259874 -3.760031
v 1.094931 0.259874 -3.400858
v 0.934108 0.259874 -3.038422
v 0.828959 0.259874 -2.673841
v 0.781361 0.259874 -2.308234
v 0.793191 0.259874 -1.942718
v 0.866328 0.259874 -1.578412
v 1.002647 0.259874 -1.216434
v 1.179764 0.259874 -0.812400
v 1.328238 0.259874 -0.417468
v 1.448032 0.259874 -0.029227
v 1.539105 0.259874 0.354731
v 1.601418 0.259874 0.736818
v 1.634933 0.259874 1.119443
v 1.639610 0.259874 1.505018
v 1.615409 0.259874 1.895949
v 1.562291 0.259874 2.294650
v 1.480217 0.259874 2.703529
v 1.369148 0.259874 3.124998
v 1.229044 0.259874 3.561465
v 1.642735 0.259874 3.472217
v 2.045986 0.259874 3.367311
v 2.438696 0.259874 3.246599
v 2.820769 0.259874 3.109931
v 3.192102 0.259874 2.957158
v 3.552599 0.259874 2.788132
v 3.902159 0.259874 2.602704
v 4.240683 0.259874 2.400725
v 4.568071 0.259874 2.182046
v 4.884224 0.259874 1.946519
v 5.189044 0.259874 1.693995
v 5.482430 0.259874 1.424325
v 5.632759 -0.259874 1.274229
v 5.771347 -0.259874 1.125147
v 5.896380 -0.259874 0.977272
v 6.006044 -0.259874 0.830789
v 6.098526 -0.259874 0.685887
v 6.172010 -0.259874 0.542754
v 6.224683 -0.259874 0.401578
v 6.254731 -0.259874 0.262548
v 6.260341 -0.259874 0.125852
v 6.239697 -0.259874 -0.008324
v 6.190986 -0.259874 -0.139789
v 6.112394 -0.259874 -0.268356
v 5.968750 -0.259874 -0.418884
v 5.788778 -0.259874 -0.536055
v 5.575999 -0.259874 -0.621576
v 5.333935 -0.259874 -0.677155
v 5.066107 -0.259874 -0.704497
v 4.776035 -0.259874 -0.705311
v 4.467242 -0.259874 -0.681303
v 4.143248 -0.259874 -0.634179
v 3.807574 -0.259874 -0.565648
v 3.463741 -0.259874 -0.477416
v 3.115272 -0.259874 -0.371189
v 2.765686 -0.259874 -0.248675
v 3.166609 -0.259874 -0.469143
v 3.570918 -0.259874 -0.673770
v 3.975414 -0.259874 -0.857787
v 4.376900 -0.259874 -1.016426
v 4.772179 -0.259874 -1.144919
v 5.158051 -0.259874 -1.238497
v 5.531322 -0.259874 -1.292394
v 5.888791 -0.259874 -1.301842
v 6.227263 -0.259874 -1.262073
v 6.543539 -0.259874 -1.168318
v 6.834421 -0.259874 -1.015810
v 7.096713 -0.259874 -0.799781
v 7.211374 -0.259874 -0.660338
v 7.299873 -0.259874 -0.501210
v 7.361925 -0.259874 -0.324456
v 7.397246 -0.259874 -0.132134
v 7.405550 -0.259874 0.073692
v 7.386553 -0.259874 0.290964
v 7.339970 -0.259874 0.517621
v 7.265516 -0.259874 0.751601
v 7.162908 -0.259874 0.990846
v 7.031859 -0.259874 1.233295
v 6.872086 -0.259874 1.476886
v 6.683303 -0.259874 1.719560
v 6.164286 -0.259874 2.286461
v 5.590426 -0.259874 2.814659
v 4.957814 -0.259874 3.301393
v 4.262543 -0.259874 3.743907
v 3.500706 -0.259874 4.139444
v 2.668396 -0.259874 4.485246
v 1.761707 -0.259874 4.778554
v 0.776730 -0.259874 5.016613
v -0.290442 -0.259874 5.196666
v -1.443714 -0.259874 5.315955
v -2.686996 -0.259874 5.371720
v -4.024193 -0.259874 5.361206
v -3.394972 -0.259874 5.102403
v -2.847330 -0.259874 4.780030
v -2.379825 -0.259874 4.395211
v -1.991015 -0.259874 3.949068
v -1.679461 -0.259874 3.442724
v -1.443719 -0.259874 2.877304
v -1.282348 -0.259874 2.253930
v -1.193907 -0.259874 1.573724
v -1.176953 -0.259874 0.837812
v -1.230048 -0.259874 0.047316
v -1.351747 -0.259874 -0.796641
v -1.540609 -0.259874 -1.692936
v -2.097440 -0.259874 -0.994455
v -2.607929 -0.259874 -0.315981
v -3.071721 -0.259874 0.342332
v -3.488460 -0.259874 0.980330
v -3.857788 -0.259874 1.597861
v -4.179350 -0.259874 2.194768
v -4.452789 -0.259874 2.770901
v -4.677751 -0.259874 3.326104
v -4.853877 -0.259874 3.860223
v -4.980813 -0.259874 4.373106
v -5.058200 -0.259874 4.864597
v -5.085684 -0.259874 5.334544
v -5.130585 -0.259874 5.334544
v -5.254721 -0.259874 5.334544
v -5.442245 -0.259874 5.334544
v -5.677311 -0.259874 5.334544
v -5.944072 -0.259874 5.334544
v -6.226679 -0.259874 5.334544
v -6.509286 -0.259874 5.334544
v -6.776047 -0.259874 5.334544
v -7.011112 -0.259874 5.334544
v -7.198637 -0.259874 5.334544
v -7.322773 -0.259874 5.334544
v -7.367673 -0.259874 5.334544
v -6.899167 -0.259874 3.893996
v -6.381156 -0.259874 2.583357
v -5.816541 -0.259874 1.395030
v -5.208215 -0.259874 0.321416
v -4.559074 -0.259874 -0.645083
v -3.872015 -0.259874 -1.512065
v -3.149930 -0.259874 -2.287127
v -2.395716 -0.259874 -2.977868
v -1.612267 -0.259874 -3.591884
v -0.802480 -0.259874 -4.136775
v 0.030753 -0.259874 -4.620138
v 0.884535 -0.259874 -5.049570
v 0.667162 -0.259874 -4.816252
v 0.465076 -0.259874 -4.592104
v 0.278501 -0.259874 -4.377261
v 0.107661 -0.259874 -4.171857
v -0.047221 -0.259874 -3.976025
v -0.185921 -0.259874 -3.789901
v -0.308215 -0.259874 -3.613617
v -0.413881 -0.259874 -3.447309
v -0.502693 -0.259874 -3.291109
v -0.574429 -0.259874 -3.145153
v -0.628865 -0.259874 -3.009574
v -0.665777 -0.259874 -2.884507
v -0.337000 -0.259874 -3.190563
v -0.010924 -0.259874 -3.477722
v 0.312554 -0.259874 -3.746701
v 0.633536 -0.259874 -3.998217
v 0.952126 -0.259874 -4.232988
v 1.268426 -0.259874 -4.451733
v 1.582538 -0.259874 -4.655168
v 1.894565 -0.259874 -4.844011
v 2.204608 -0.259874 -5.018981
v 2.512772 -0.259874 -5.180794
v 2.819158 -0.259874 -5.330167
v 3.123868 -0.259874 -5.467820
v 2.668432 -0.259874 -5.141733
v 2.257405 -0.259874 -4.806792
v 1.892663 -0.259874 -4.464117
v 1.576086 -0.259874 -4.114823
v 1.309549 -0.259874 -3.760031
v 1.094931 -0.259874 -3.400858
v 0.934108 -0.259874 -3.038422
v 0.828959 -0.259874 -2.673841
v 0.781361 -0.259874 -2.308234
v 0.793191 -0.259874 -1.942718
v 0.866328 -0.259874 -1.578412
v 1.002647 -0.259874 -1.216434
v 1.179764 -0.259874 -0.812400
v 1.328238 -0.259874 -0.417468
v 1.448032 -0.259874 -0.029227
v 1.539105 -0.259874 0.354731
v 1.601418 -0.259874 0.736818
v 1.634933 -0.259874 1.119443
v 1.639610 -0.259874 1.505018
v 1.615409 -0.259874 1.895949
v 1.562291 -0.259874 2.294650
v 1.480217 -0.259874 2.703529
v 1.369148 -0.259874 3.124998
v 1.229044 -0.259874 3.561465
v 1.642735 -0.259874 3.472217
v 2.045986 -0.259874 3.367311
v 2.438696 -0.259874 3.246599
v 2.820769 -0.259874 3.109931
v 3.192102 -0.259874 2.957158
v 3.552599 -0.259874 2.788132
v 3.902159 -0.259874 2.602704
v 4.240683 -0.259874 2.400725
v 4.568071 -0.259874 2.182046
v 4.884224 -0.259874 1.946519
v 5.189044 -0.259874 1.693995
v 5.482430 -0.259874 1.424325
v 5.632759 -0.259874 1.274229
v 5.632759 0.259874 1.274229
v 5.771347 -0.259874 1.125147
v 5.771347 0.259874 1.125147
v 5.896380 -0.259874 0.977272
v 5.896380 0.259874 0.977272
v 6.006044 -0.259874 0.830789
v 6.006044 0.259874 0.830789
v 6.098526 -0.259874 0.685887
v 6.098526 0.259874 0.685887
v 6.172010 -0.259874 0.542754
v 6.172010 0.259874 0.542754
v 6.224683 -0.259874 0.401578
v 6.224683 0.259874 0.401578
v 6.254731 -0.259874 0.262548
v 6.254731 0.259874 0.262548
v 6.260341 -0.259874 0.125852
v 6.260341 0.259874 0.125852
v 6.239697 -0.259874 -0.008324
v 6.239697 0.259874 -0.008324
v 6.190986 -0.259874 -0.139789
v 6.190986 0.259874 -0.139789
v 6.112394 -0.259874 -0.268356
v 6.112394 0.259874 -0.268356
v 5.968750 -0.259874 -0.418884
v 5.968750 0.259874 -0.418884
v 5.788778 -0.259874 -0.536055
v 5.788778 0.259874 -0.536055
v 5.575999 -0.259874 -0.621576
v 5.575999 0.259874 -0.621576
v 5.333935 -0.259874 -0.677155
v 5.333935 0.259874 -0.677155
v 5.066107 -0.259874 -0.704497
v 5.066107 0.259874 -0.704497
v 4.776035 -0.259874 -0.705311
v 4.776035 0.259874 -0.705311
v 4.467242 -0.259874 -0.681303
v 4.467242 0.259874 -0.681303
v 4.143248 -0.259874 -0.634179
v 4.143248 0.259874 -0.634179
v 3.807574 -0.259874 -0.565648
v 3.807574 0.259874 -0.565648
v 3.463741 -0.259874 -0.477416
v 3.463741 0.259874 -0.477416
v 3.115272 -0.259874 -0.371189
v 3.115272 0.259874 -0.371189
v 2.765686 -0.259874 -0.248675
v 2.765686 0.259874 -0.248675
v 3.166609 -0.259874 -0.469143
v 3.166609 0.259874 -0.469143
v 3.570918 -0.259874 -0.673770
v 3.570918 0.259874 -0.673770
v 3.975414 -0.259874 -0.857787
v 3.975414 0.259874 -0.857787
v 4.376900 -0.259874 -1.016426
v 4.376900 0.259874 -1.016426
v 4.772179 -0.259874 -1.144919
v 4.772179 0.259874 -1.144919
v 5.158051 -0.259874 -1.238497
v 5.158051 0.259874 -1.238497
v 5.531322 -0.259874 -1.292394
v 5.531322 0.259874 -1.292394
v 5.888791 -0.259874 -1.301842
v 5.888791 0.259874 -1.301842
v 6.227263 -0.259874 -1.262073
v 6.227263 0.259874 -1.262073
v 6.543539 -0.259874 -1.168318
v 6.543539 0.259874 -1.168318
v 6.834421 -0.259874 -1.015810
v 6.834421 0.259874 -1.015810
v 7.096713 -0.259874 -0.799781
v 7.096713 0.259874 -0.799781
v 7.211374 -0.259874 -0.660338
v 7.211374 0.259874 -0.660338
v 7.299873 -0.259874 -0.501210
v 7.299873 0.259874 -0.501210
v 7.361925 -0.259874 -0.324456
v 7.361925 0.259874 -0.324456
v 7.397246 -0.259874 -0.132134
v 7.397246 0.259874 -0.132134
v 7.405550 -0.259874 0.073692
v 7.405550 0.259874 0.073692
v 7.386553 -0.259874 0.290964
v 7.386553 0.259874 0.290964
v 7.339970 -0.259874 0.517621
v 7.339970 0.259874 0.517621
v 7.265516 -0.259874 0.751601
v 7.265516 0.259874 0.751601
v 7.162908 -0.259874 0.990846
v 7.162908 0.259874 0.990846
v 7.031859 -0.259874 1.233295
v 7.031859 0.259874 1.233295
v 6.872086 -0.259874 1.476886
v 6.872086 0.259874 1.476886
v 6.683303 -0.259874 1.719560
v 6.683303 0.259874 1.719560
v 6.164286 -0.259874 2.286461
v 6.164286 0.259874 2.286461
v 5.590426 -0.259874 2.814659
v 5.590426 0.259874 2.814659
v 4.957814 -0.259874 3.301393
v 4.957814 0.259874 3.301393
v 4.262543 -0.259874 3.743907
v 4.262543 0.259874 3.743907
v 3.500706 -0.259874 4.139444
v 3.500706 0.259874 4.139444
v 2.668396 -0.259874 4.485246
v 2.668396 0.259874 4.485246
v 1.761707 -0.259874 4.778554
v 1.761707 0.259874 4.778554
v 0.776730 -0.259874 5.016613
v 0.776730 0.259874 5.016613
v -0.290442 -0.259874 5.196666
v -0.290442 0.259874 5.196666
v -1.443714 -0.259874 5.315955
v -1.443714 0.259874 5.315955
v -2.686996 -0.259874 5.371720
v -2.686996 0.259874 5.371720
v -4.024193 -0.259874 5.361206
v -4.024193 0.259874 5.361206
v -3.394972 -0.259874 5.102403
v -3.394972 0.259874 5.102403
v -2.847330 -0.259874 4.780030
v -2.847330 0.259874 4.780030
v -2.379825 -0.259874 4.395211
v -2.379825 0.259874 4.395211
v -1.991015 -0.259874 3.949068
v -1.991015 0.259874 3.949068
v -1.679461 -0.259874 3.442724
v -1.679461 0.259874 3.442724
v -1.443719 -0.259874 2.877304
v -1.443719 0.259874 2.877304
v -1.282348 -0.259874 2.253930
v -1.282348 0.259874 2.253930
v -1.193907 -0.259874 1.573724
v -1.193907 0.259874 1.573724
v -1.176953 -0.259874 0.837812
v -1.176953 0.259874 0.837812
v -1.230048 -0.259874 0.047316
v -1.230048 0.259874 0.047316
v -1.351747 -0.259874 -0.796641
v -1.351747 0.259874 -0.796641
v -1.540609 -0.259874 -1.692936
v -1.540609 0.259874 -1.692936
v -2.097440 -0.259874 -0.994455
v -2.097440 0.259874 -0.994455
v -2.607929 -0.259874 -0.315981
v -2.607929 0.259874 -0.315981
v -3.071721 -0.259874 0.342332
v -3.071721 0.259874 0.342332
v -3.488460 -0.259874 0.980330
v -3.488460 0.259874 0.980330
v -3.857788 -0.259874 1.597861
v -3.857788 0.259874 1.597861
v -4.179350 -0.259874 2.194768
v -4.179350 0.259874 2.194768
v -4.452789 -0.259874 2.770901
v -4.452789 0.259874 2.770901
v -4.677751 -0.259874 3.326104
v -4.677751 0.259874 3.326104
v -4.853877 -0.259874 3.860223
v -4.853877 0.259874 3.860223
v -4.980813 -0.259874 4.373106
v -4.980813 0.259874 4.373106
v -5.058200 -0.259874 4.864597
v -5.058200 0.259874 4.864597
v -5.085684 -0.259874 5.334544
v -5.085684 0.259874 5.334544
v -5.130585 -0.259874 5.334544
v -5.130585 0.259874 5.334544
v -5.254721 -0.259874 5.334544
v -5.254721 0.259874 5.334544
v -5.442245 -0.259874 5.334544
v -5.442245 0.259874 5.334544
v -5.677311 -0.259874 5.334544
v -5.677311 0.259874 5.334544
v -5.944072 -0.259874 5.334544
v -5.944072 0.259874 5.334544
v -6.226679 -0.259874 5.334544
v -6.226679 0.259874 5.334544
v -6.509286 -0.259874 5.334544
v -6.509286 0.259874 5.334544
v -6.776047 -0.259874 5.334544
v -6.776047 0.259874 5.334544
v -7.011112 -0.259874 5.334544
v -7.011112 0.259874 5.334544
v -7.198637 -0.259874 5.334544
v -7.198637 0.259874 5.334544
v -7.322773 -0.259874 5.334544
v -7.322773 0.259874 5.334544
v -7.367673 -0.259874 5.334544
v -7.367673 0.259874 5.334544
v -6.899167 -0.259874 3.893996
v -6.899167 0.259874 3.893996
v -6.381156 -0.259874 2.583357
v -6.381156 0.259874 2.583357
v -5.816541 -0.259874 1.395030
v -5.816541 0.259874 1.395030
v -5.208215 -0.259874 0.321416
v -5.208215 0.259874 0.321416
v -4.559074 -0.259874 -0.645083
v -4.559074 0.259874 -0.645083
v -3.872015 -0.259874 -1.512065
v -3.872015 0.259874 -1.512065
v -3.149930 -0.259874 -2.287127
v -3.149930 0.259874 -2.287127
v -2.395716 -0.259874 -2.977868
v -2.395716 0.259874 -2.977868
v -1.612267 -0.259874 -3.591884
v -1.612267 0.259874 -3.591884
v -0.802480 -0.259874 -4.136775
v -0.802480 0.259874 -4.136775
v 0.030753 -0.259874 -4.620138
v 0.030753 0.259874 -4.620138
v 0.884535 -0.259874 -5.049570
v 0.884535 0.259874 -5.049570
v 0.667162 -0.259874 -4.816252
v 0.667162 0.259874 -4.816252
v 0.465076 -0.259874 -4.592104
v 0.465076 0.259874 -4.592104
v 0.278501 -0.259874 -4.377261
v 0.278501 0.259874 -4.377261
v 0.107661 -0.259874 -4.171857
v 0.107661 0.259874 -4.171857
v -0.047221 -0.259874 -3.976025
v -0.047221 0.259874 -3.976025
v -0.185921 -0.259874 -3.789901
v -0.185921 0.259874 -3.789901
v -0.308215 -0.259874 -3.613617
v -0.308215 0.259874 -3.613617
v -0.413881 -0.259874 -3.447309
v -0.413881 0.259874 -3.447309
v -0.502693 -0.259874 -3.291109
v -0.502693 0.259874 -3.291109
v -0.574429 -0.259874 -3.145153
v -0.574429 0.259874 -3.145153
v -0.628865 -0.259874 -3.009574
v -0.628865 0.259874 -3.009574
v -0.665777 -0.259874 -2.884507
v -0.665777 0.259874 -2.884507
v -0.337000 -0.259874 -3.190563
v -0.337000 0.259874 -3.190563
v -0.010924 -0.259874 -3.477722
v -0.010924 0.259874 -3.477722
v 0.312554 -0.259874 -3.746701
v 0.312554 0.259874 -3.746701
v 0.633536 -0.259874 -3.998217
v 0.633536 0.259874 -3.998217
v 0.952126 -0.259874 -4.232988
v 0.952126 0.259874 -4.232988
v 1.268426 -0.259874 -4.451733
v 1.268426 0.259874 -4.451733
v 1.582538 -0.259874 -4.655168
v 1.582538 0.259874 -4.655168
v 1.894565 -0.259874 -4.844011
v 1.894565 0.259874 -4.844011
v 2.204608 -0.259874 -5.018981
v 2.204608 0.259874 -5.018981
v 2.512772 -0.259874 -5.180794
v 2.512772 0.259874 -5.180794
v 2.819158 -0.259874 -5.330167
v 2.819158 0.259874 -5.330167
v 3.123868 -0.259874 -5.467820
v 3.123868 0.259874 -5.467820
v 2.668432 -0.259874 -5.141733
v 2.668432 0.259874 -5.141733
v 2.257405 -0.259874 -4.806792
v 2.257405 0.259874 -4.806792
v 1.892663 -0.259874 -4.464117
v 1.892663 0.259874 -4.464117
v 1.576086 -0.259874 -4.114823
v 1.576086 0.259874 -4.114823
v 1.309549 -0.259874 -3.760031
v 1.309549 0.259874 -3.760031
v 1.094931 -0.259874 -3.400858
v 1.094931 0.259874 -3.400858
v 0.934108 -0.259874 -3.038422
v 0.934108 0.259874 -3.038422
v 0.828959 -0.259874 -2.673841
v 0.828959 0.259874 -2.673841
v 0.781361 -0.259874 -2.308234
v 0.781361 0.259874 -2.308234
v 0.793191 -0.259874 -1.942718
v 0.793191 0.259874 -1.942718
v 0.866328 -0.259874 -1.578412
v 0.866328 0.259874 -1.578412
v 1.002647 -0.259874 -1.216434
v 1.002647 0.259874 -1.216434
v 1.179764 -0.259874 -0.812400
v 1.179764 0.259874 -0.812400
v 1.328238 -0.259874 -0.417468
v 1.328238 0.259874 -0.417468
v 1.448032 -0.259874 -0.029227
v 1.448032 0.259874 -0.029227
v 1.539105 -0.259874 0.354731
v 1.539105 0.259874 0.354731
v 1.601418 -0.259874 0.736818
v 1.601418 0.259874 0.736818
v 1.634933 -0.259874 1.119443
v 1.634933 0.259874 1.119443
v 1.639610 -0.259874 1.505018
v 1.639610 0.259874 1.505018
v 1.615409 -0.259874 1.895949
v 1.615409 0.259874 1.895949
v 1.562291 -0.259874 2.294650
v 1.562291 0.259874 2.294650
v 1.480217 -0.259874 2.703529
v 1.480217 0.259874 2.703529
v 1.369148 -0.259874 3.124998
v 1.369148 0.259874 3.124998
v 1.229044 -0.259874 3.561465
v 1.229044 0.259874 3.561465
v 1.642735 -0.259874 3.472217
v 1.642735 0.259874 3.472217
v 2.045986 -0.259874 3.367311
v 2.045986 0.259874 3.367311
v 2.438696 -0.259874 3.246599
v 2.438696 0.259874 3.246599
v 2.820769 -0.259874 3.109931
v 2.820769 0.259874 3.109931
v 3.192102 -0.259874 2.957158
v 3.192102 0.259874 2.957158
v 3.552599 -0.259874 2.788132
v 3.552599 0.259874 2.788132
v 3.902159 -0.259874 2.602704
v 3.902159 0.259874 2.602704
v 4.240683 -0.259874 2.400725
v 4.240683 0.259874 2.400725
v 4.568071 -0.259874 2.182046
v 4.568071 0.259874 2.182046
v 4.884224 -0.259874 1.946519
v 4.884224 0.259874 1.946519
v 5.189044 -0.259874 1.693995
v 5.189044 0.259874 1.693995
v 5.482430 -0.259874 1.424325
v 5.482430 0.259874 1.424325
vn -0.0000 1.0000 -0.0000
vn -0.0000 -1.0000 -0.0000
vn -0.7196 -0.0000 -0.6944
vn -0.7482 -0.0000 -0.6634
vn -0.7824 -0.0000 -0.6228
vn -0.8223 -0.0000 -0.5690
vn -0.8672 -0.0000 -0.4979
vn -0.9148 -0.0000 -0.4038
vn -0.9597 -0.0000 -0.2811
vn -0.9920 -0.0000 -0.1266
vn -0.9984 -0.0000 0.0558
vn -0.9680 -0.0000 0.2510
vn -0.8997 -0.0000 0.4365
vn -0.7928 -0.0000 0.6094
vn -0.6388 -0.0000 0.7694
vn -0.4615 -0.0000 0.8872
vn -0.2993 -0.0000 0.9542
vn -0.1630 -0.0000 0.9866
vn -0.0522 -0.0000 0.9986
vn 0.0374 -0.0000 0.9993
vn 0.1108 -0.0000 0.9938
vn 0.1721 -0.0000 0.9851
vn 0.2244 -0.0000 0.9745
vn 0.2701 -0.0000 0.9628
vn 0.3112 -0.0000 0.9503
vn -0.9131 -0.0000 0.4077
vn -0.4668 -0.0000 -0.8844
vn -0.4329 -0.0000 -0.9014
vn -0.3909 -0.0000 -0.9204
vn -0.3385 -0.0000 -0.9410
vn -0.2726 -0.0000 -0.9621
vn -0.1895 -0.0000 -0.9819
vn -0.0848 -0.0000 -0.9964
vn 0.0453 -0.0000 -0.9990
vn 0.2012 -0.0000 -0.9796
vn 0.3761 -0.0000 -0.9266
vn 0.5530 -0.0000 -0.8332
vn 0.7074 -0.0000 -0.7068
vn 0.8265 -0.0000 -0.5629
vn 0.9120 -0.0000 -0.4101
vn 0.9665 -0.0000 -0.2567
vn 0.9938 -0.0000 -0.1107
vn 0.9997 -0.0000 0.0234
vn 0.9895 -0.0000 0.1444
vn 0.9676 -0.0000 0.2526
vn 0.9371 -0.0000 0.3491
vn 0.9003 -0.0000 0.4353
vn 0.8587 -0.0000 0.5124
vn 0.8134 -0.0000 0.5817
vn 0.7640 -0.0000 0.6452
vn 0.7080 -0.0000 0.7062
vn 0.6441 -0.0000 0.7649
vn 0.5739 -0.0000 0.8189
vn 0.4993 -0.0000 0.8664
vn 0.4226 -0.0000 0.9063
vn 0.3460 -0.0000 0.9382
vn 0.2716 -0.0000 0.9624
vn 0.2008 -0.0000 0.9796
vn 0.1347 -0.0000 0.9909
vn 0.0739 -0.0000 0.9973
vn 0.0185 -0.0000 0.9998
vn -0.9818 -0.0000 0.1900
vn -0.4450 -0.0000 -0.8956
vn -0.5732 -0.0000 -0.8194
vn -0.6971 -0.0000 -0.7170
vn -0.8055 -0.0000 -0.5925
vn -0.8901 -0.0000 -0.4558
vn -0.9479 -0.0000 -0.3185
vn -0.9818 -0.0000 -0.1901
vn -0.9971 -0.0000 -0.0761
vn -0.9998 -0.0000 0.0220
vn -0.9945 -0.0000 0.1049
vn -0.9846 -0.0000 0.1745
vn -0.2306 -0.0000 0.9731
vn 0.7906 -0.0000 0.6124
vn 0.8084 -0.0000 0.5887
vn 0.8275 -0.0000 0.5615
vn 0.8479 -0.0000 0.5302
vn 0.8695 -0.0000 0.4939
vn 0.8922 -0.0000 0.4517
vn 0.9155 -0.0000 0.4023
vn 0.9388 -0.0000 0.3445
vn 0.9609 -0.0000 0.2769
vn 0.9802 -0.0000 0.1981
vn 0.9942 -0.0000 0.1071
vn 0.6862 -0.0000 0.7275
vn -0.0000 -0.0000 1.0000
vn -0.8091 -0.0000 0.5877
vn -0.9409 -0.0000 -0.3386
vn -0.9171 -0.0000 -0.3986
vn -0.8872 -0.0000 -0.4614
vn -0.8507 -0.0000 -0.5256
vn -0.8076 -0.0000 -0.5898
vn -0.7583 -0.0000 -0.6519
vn -0.7041 -0.0000 -0.7101
vn -0.6466 -0.0000 -0.7628
vn -0.5879 -0.0000 -0.8089
vn -0.5303 -0.0000 -0.8478
vn -0.4758 -0.0000 -0.8796
vn 0.8001 -0.0000 -0.5999
vn 0.7372 -0.0000 0.6757
vn 0.7489 -0.0000 0.6627
vn 0.7620 -0.0000 0.6476
vn 0.7766 -0.0000 0.6299
vn 0.7932 -0.0000 0.6090
vn 0.8119 -0.0000 0.5839
vn 0.8330 -0.0000 0.5533
vn 0.8569 -0.0000 0.5154
vn 0.8838 -0.0000 0.4679
vn 0.9134 -0.0000 0.4071
vn 0.9446 -0.0000 0.3282
vn 0.5262 -0.0000 -0.8504
vn -0.6712 -0.0000 -0.7413
vn -0.6502 -0.0000 -0.7598
vn -0.6281 -0.0000 -0.7781
vn -0.6051 -0.0000 -0.7962
vn -0.5811 -0.0000 -0.8138
vn -0.5563 -0.0000 -0.8310
vn -0.5307 -0.0000 -0.8475
vn -0.5047 -0.0000 -0.8633
vn -0.4782 -0.0000 -0.8782
vn -0.4516 -0.0000 -0.8922
vn -0.4250 -0.0000 -0.9052
vn 0.8664 -0.0000 -0.4993
vn 0.6072 -0.0000 0.7945
vn 0.6586 -0.0000 0.7525
vn 0.7134 -0.0000 0.7007
vn 0.7711 -0.0000 0.6368
vn 0.8301 -0.0000 0.5576
vn 0.8879 -0.0000 0.4601
vn 0.9396 -0.0000 0.3422
vn 0.9790 -0.0000 0.2037
vn 0.9988 -0.0000 0.0485
vn 0.9934 -0.0000 -0.1150
vn 0.9613 -0.0000 -0.2755
vn 0.9262 -0.0000 -0.3771
vn 0.9263 -0.0000 -0.3768
vn 0.9462 -0.0000 -0.3235
vn 0.9648 -0.0000 -0.2630
vn 0.9806 -0.0000 -0.1960
vn 0.9923 -0.0000 -0.1242
vn 0.9988 -0.0000 -0.0497
vn 0.9997 -0.0000 0.0248
vn 0.9953 -0.0000 0.0970
vn 0.9864 -0.0000 0.1645
vn 0.9741 -0.0000 0.2259
vn 0.9599 -0.0000 0.2803
vn 0.7409 -0.0000 -0.6716
vn -0.2314 -0.0000 -0.9729
vn -0.2729 -0.0000 -0.9621
vn -0.3154 -0.0000 -0.9490
vn -0.3587 -0.0000 -0.9334
vn -0.4026 -0.0000 -0.9154
vn -0.4467 -0.0000 -0.8947
vn -0.4906 -0.0000 -0.8714
vn -0.5341 -0.0000 -0.8454
vn -0.5766 -0.0000 -0.8170
vn -0.6179 -0.0000 -0.7863
vn -0.6576 -0.0000 -0.7534
vn -0.6918 -0.0000 -0.7221
vt 0.341317 0.000000
vt 0.353293 0.000000
vt 0.347305 0.000000
vt 0.359281 0.000000
vt 0.491018 0.000000
vt 0.502994 0.000000
vt 0.497006 0.000000
vt 0.508982 0.000000
vt 0.514970 0.000000
vt 0.520958 0.000000
vt 0.526946 0.000000
vt 0.532934 0.000000
vt 0.538922 0.000000
vt 0.544910 0.000000
vt 0.550898 0.000000
vt 0.556886 0.000000
vt 0.562874 0.000000
vt 0.568862 0.000000
vt 0.574850 0.000000
vt 0.335329 0.000000
vt 0.329341 0.000000
vt 0.365269 0.000000
vt 0.323353 0.000000
vt 0.485030 0.000000
vt 0.371257 0.000000
vt 0.317365 0.000000
vt 0.311377 0.000000
vt 0.377246 0.000000
vt 0.479042 0.000000
vt 0.305389 0.000000
vt 0.383234 0.000000
vt 0.580838 0.000000
vt 0.473054 0.000000
vt 0.299401 0.000000
vt 0.928144 0.000000
vt 0.934132 0.000000
vt 0.922156 0.000000
vt 0.940120 0.000000
vt 0.389222 0.000000
vt 0.946108 0.000000
vt 0.467066 0.000000
vt 0.293413 0.000000
vt 0.952096 0.000000
vt 0.916168 0.000000
vt 0.958084 0.000000
vt 0.964072 0.000000
vt 0.395210 0.000000
vt 0.287425 0.000000
vt 0.970060 0.000000
vt 0.461078 0.000000
vt 0.910180 0.000000
vt 0.976048 0.000000
vt 0.586826 0.000000
vt 0.982036 0.000000
vt 0.904192 0.000000
vt 0.281437 0.000000
vt 0.401198 0.000000
vt 0.455090 0.000000
vt 0.988024 0.000000
vt 0.994012 0.000000
vt 0.898204 0.000000
vt 0.275449 0.000000
vt 1.000000 0.000000
vt 0.449102 0.000000
vt 0.407186 0.000000
vt 0.892216 0.000000
vt 0.269461 0.000000
vt 0.000000 0.000000
vt 0.592814 0.000000
vt 0.005988 0.000000
vt 0.263473 0.000000
vt 0.011976 0.000000
vt 0.886228 0.000000
vt 0.257485 0.000000
vt 0.443114 0.000000
vt 0.017964 0.000000
vt 0.413174 0.000000
vt 0.023952 0.000000
vt 0.251497 0.000000
vt 0.880240 0.000000
vt 0.029940 0.000000
vt 0.035928 0.000000
vt 0.245509 0.000000
vt 0.041916 0.000000
vt 0.874251 0.000000
vt 0.437126 0.000000
vt 0.598802 0.000000
vt 0.239521 0.000000
vt 0.047904 0.000000
vt 0.053892 0.000000
vt 0.233533 0.000000
vt 0.419162 0.000000
vt 0.059880 0.000000
vt 0.868263 0.000000
vt 0.227545 0.000000
vt 0.065868 0.000000
vt 0.131737 0.000000
vt 0.143713 0.000000
vt 0.137725 0.000000
vt 0.071856 0.000000
vt 0.431138 0.000000
vt 0.221557 0.000000
vt 0.125749 0.000000
vt 0.862275 0.000000
vt 0.077844 0.000000
vt 0.149701 0.000000
vt 0.119760 0.000000
vt 0.215569 0.000000
vt 0.083832 0.000000
vt 0.113772 0.000000
vt 0.089820 0.000000
vt 0.107784 0.000000
vt 0.604790 0.000000
vt 0.209581 0.000000
vt 0.155689 0.000000
vt 0.095808 0.000000
vt 0.101796 0.000000
vt 0.425150 0.000000
vt 0.203593 0.000000
vt 0.856287 0.000000
vt 0.161677 0.000000
vt 0.197605 0.000000
vt 0.167665 0.000000
vt 0.173653 0.000000
vt 0.191617 0.000000
vt 0.850299 0.000000
vt 0.179641 0.000000
vt 0.185629 0.000000
vt 0.610778 0.000000
vt 0.844311 0.000000
vt 0.838323 0.000000
vt 0.616766 0.000000
vt 0.832335 0.000000
vt 0.826347 0.000000
vt 0.712575 0.000000
vt 0.718563 0.000000
vt 0.706587 0.000000
vt 0.622755 0.000000
vt 0.700599 0.000000
vt 0.820359 0.000000
vt 0.694611 0.000000
vt 0.724551 0.000000
vt 0.688623 0.000000
vt 0.814371 0.000000
vt 0.682635 0.000000
vt 0.730539 0.000000
vt 0.628743 0.000000
vt 0.676647 0.000000
vt 0.736527 0.000000
vt 0.808383 0.000000
vt 0.670659 0.000000
vt 0.664671 0.000000
vt 0.742515 0.000000
vt 0.802395 0.000000
vt 0.634731 0.000000
vt 0.658683 0.000000
vt 0.748503 0.000000
vt 0.652695 0.000000
vt 0.754491 0.000000
vt 0.796407 0.000000
vt 0.646707 0.000000
vt 0.640719 0.000000
vt 0.760479 0.000000
vt 0.790419 0.000000
vt 0.766467 0.000000
vt 0.772455 0.000000
vt 0.784431 0.000000
vt 0.778443 0.000000
vt 0.000000 1.000000
vt 0.005952 1.000000
vt 0.005952 0.000000
vt 0.011905 1.000000
vt 0.011905 0.000000
vt 0.017857 1.000000
vt 0.017857 0.000000
vt 0.023810 1.000000
vt 0.023810 0.000000
vt 0.029762 1.000000
vt 0.029762 0.000000
vt 0.035714 1.000000
vt 0.035714 0.000000
vt 0.041667 1.000000
vt 0.041667 0.000000
vt 0.047619 1.000000
vt 0.047619 0.000000
vt 0.053571 1.000000
vt 0.053571 0.000000
vt 0.059524 1.000000
vt 0.059524 0.000000
vt 0.065476 1.000000
vt 0.065476 0.000000
vt 0.071429 1.000000
vt 0.071429 0.000000
vt 0.077381 1.000000
vt 0.077381 0.000000
vt 0.083333 1.000000
vt 0.083333 0.000000
vt 0.089286 1.000000
vt 0.089286 0.000000
vt 0.095238 1.000000
vt 0.095238 0.000000
vt 0.101190 1.000000
vt 0.101190 0.000000
vt 0.107143 1.000000
vt 0.107143 0.000000
vt 0.113095 1.000000
vt 0.113095 0.000000
vt 0.119048 1.000000
vt 0.119048 0.000000
vt 0.125000 1.000000
vt 0.125000 0.000000
vt 0.130952 1.000000
vt 0.130952 0.000000
vt 0.136905 1.000000
vt 0.136905 0.000000
vt 0.142857 1.000000
vt 0.142857 0.000000
vt 0.148810 1.000000
vt 0.148810 0.000000
vt 0.154762 1.000000
vt 0.154762 0.000000
vt 0.160714 1.000000
vt 0.160714 0.000000
vt 0.166667 1.000000
vt 0.166667 0.000000
vt 0.172619 1.000000
vt 0.172619 0.000000
vt 0.178571 1.000000
vt 0.178571 0.000000
vt 0.184524 1.000000
vt 0.184524 0.000000
vt 0.190476 1.000000
vt 0.190476 0.000000
vt 0.196429 1.000000
vt 0.196429 0.000000
vt 0.202381 1.000000
vt 0.202381 0.000000
vt 0.208333 1.000000
vt 0.208333 0.000000
vt 0.214286 1.000000
vt 0.214286 0.000000
vt 0.220238 1.000000
vt 0.220238 0.000000
vt 0.226190 1.000000
vt 0.226190 0.000000
vt 0.232143 1.000000
vt 0.232143 0.000000
vt 0.238095 1.000000
vt 0.238095 0.000000
vt 0.244048 1.000000
vt 0.244048 0.000000
vt 0.250000 1.000000
vt 0.250000 0.000000
vt 0.255952 1.000000
vt 0.255952 0.000000
vt 0.261905 1.000000
vt 0.261905 0.000000
vt 0.267857 1.000000
vt 0.267857 0.000000
vt 0.273810 1.000000
vt 0.273810 0.000000
vt 0.279762 1.000000
vt 0.279762 0.000000
vt 0.285714 1.000000
vt 0.285714 0.000000
vt 0.291667 1.000000
vt 0.291667 0.000000
vt 0.297619 1.000000
vt 0.297619 0.000000
vt 0.303571 1.000000
vt 0.303571 0.000000
vt 0.309524 1.000000
vt 0.309524 0.000000
vt 0.315476 1.000000
vt 0.315476 0.000000
vt 0.321429 1.000000
vt 0.321429 0.000000
vt 0.327381 1.000000
vt 0.327381 0.000000
vt 0.333333 1.000000
vt 0.333333 0.000000
vt 0.339286 1.000000
vt 0.339286 0.000000
vt 0.345238 1.000000
vt 0.345238 0.000000
vt 0.351190 1.000000
vt 0.351190 0.000000
vt 0.357143 1.000000
vt 0.357143 0.000000
vt 0.363095 1.000000
vt 0.363095 0.000000
vt 0.369048 1.000000
vt 0.369048 0.000000
vt 0.375000 1.000000
vt 0.375000 0.000000
vt 0.380952 1.000000
vt 0.380952 0.000000
vt 0.386905 1.000000
vt 0.386905 0.000000
vt 0.392857 1.000000
vt 0.392857 0.000000
vt 0.398810 1.000000
vt 0.398810 0.000000
vt 0.404762 1.000000
vt 0.404762 0.000000
vt 0.410714 1.000000
vt 0.410714 0.000000
vt 0.416667 1.000000
vt 0.416667 0.000000
vt 0.422619 1.000000
vt 0.422619 0.000000
vt 0.428571 1.000000
vt 0.428571 0.000000
vt 0.434524 1.000000
vt 0.434524 0.000000
vt 0.440476 1.000000
vt 0.440476 0.000000
vt 0.446429 1.000000
vt 0.446429 0.000000
vt 0.452381 1.000000
vt 0.452381 0.000000
vt 0.458333 1.000000
vt 0.458333 0.000000
vt 0.464286 1.000000
vt 0.464286 0.000000
vt 0.470238 1.000000
vt 0.470238 0.000000
vt 0.476190 1.000000
vt 0.476190 0.000000
vt 0.482143 1.000000
vt 0.482143 0.000000
vt 0.488095 1.000000
vt 0.488095 0.000000
vt 0.494048 1.000000
vt 0.494048 0.000000
vt 0.500000 1.000000
vt 0.500000 0.000000
vt 0.505952 1.000000
vt 0.505952 0.000000
vt 0.511905 1.000000
vt 0.511905 0.000000
vt 0.517857 1.000000
vt 0.517857 0.000000
vt 0.523810 1.000000
vt 0.523810 0.000000
vt 0.529762 1.000000
vt 0.529762 0.000000
vt 0.535714 1.000000
vt 0.535714 0.000000
vt 0.541667 1.000000
vt 0.541667 0.000000
vt 0.547619 1.000000
vt 0.547619 0.000000
vt 0.553571 1.000000
vt 0.553571 0.000000
vt 0.559524 1.000000
vt 0.559524 0.000000
vt 0.565476 1.000000
vt 0.565476 0.000000
vt 0.571429 1.000000
vt 0.571429 0.000000
vt 0.577381 1.000000
vt 0.577381 0.000000
vt 0.583333 1.000000
vt 0.583333 0.000000
vt 0.589286 1.000000
vt 0.589286 0.000000
vt 0.595238 1.000000
vt 0.595238 0.000000
vt 0.601190 1.000000
vt 0.601190 0.000000
vt 0.607143 1.000000
vt 0.607143 0.000000
vt 0.613095 1.000000
vt 0.613095 0.000000
vt 0.619048 1.000000
vt 0.619048 0.000000
vt 0.625000 1.000000
vt 0.625000 0.000000
vt 0.630952 1.000000
vt 0.630952 0.000000
vt 0.636905 1.000000
vt 0.636905 0.000000
vt 0.642857 1.000000
vt 0.642857 0.000000
vt 0.648810 1.000000
vt 0.648810 0.000000
vt 0.654762 1.000000
vt 0.654762 0.000000
vt 0.660714 1.000000
vt 0.660714 0.000000
vt 0.666667 1.000000
vt 0.666667 0.000000
vt 0.672619 1.000000
vt 0.672619 0.000000
vt 0.678571 1.000000
vt 0.678571 0.000000
vt 0.684524 1.000000
vt 0.684524 0.000000
vt 0.690476 1.000000
vt 0.690476 0.000000
vt 0.696429 1.000000
vt 0.696429 0.000000
vt 0.702381 1.000000
vt 0.702381 0.000000
vt 0.708333 1.000000
vt 0.708333 0.000000
vt 0.714286 1.000000
vt 0.714286 0.000000
vt 0.720238 1.000000
vt 0.720238 0.000000
vt 0.726190 1.000000
vt 0.726190 0.000000
vt 0.732143 1.000000
vt 0.732143 0.000000
vt 0.738095 1.000000
vt 0.738095 0.000000
vt 0.744048 1.000000
vt 0.744048 0.000000
vt 0.750000 1.000000
vt 0.750000 0.000000
vt 0.755952 1.000000
vt 0.755952 0.000000
vt 0.761905 1.000000
vt 0.761905 0.000000
vt 0.767857 1.000000
vt 0.767857 0.000000
vt 0.773810 1.000000
vt 0.773810 0.000000
vt 0.779762 1.000000
vt 0.779762 0.000000
vt 0.785714 1.000000
vt 0.785714 0.000000
vt 0.791667 1.000000
vt 0.791667 0.000000
vt 0.797619 1.000000
vt 0.797619 0.000000
vt 0.803571 1.000000
vt 0.803571 0.000000
vt 0.809524 1.000000
vt 0.809524 0.000000
vt 0.815476 1.000000
vt 0.815476 0.000000
vt 0.821429 1.000000
vt 0.821429 0.000000
vt 0.827381 1.000000
vt 0.827381 0.000000
vt 0.833333 1.000000
vt 0.833333 0.000000
vt 0.839286 1.000000
vt 0.839286 0.000000
vt 0.845238 1.000000
vt 0.845238 0.000000
vt 0.851190 1.000000
vt 0.851190 0.000000
vt 0.857143 1.000000
vt 0.857143 0.000000
vt 0.863095 1.000000
vt 0.863095 0.000000
vt 0.869048 1.000000
vt 0.869048 0.000000
vt 0.875000 1.000000
vt 0.875000 0.000000
vt 0.880952 1.000000
vt 0.880952 0.000000
vt 0.886905 1.000000
vt 0.886905 0.000000
vt 0.892857 1.000000
vt 0.892857 0.000000
vt 0.898810 1.000000
vt 0.898810 0.000000
vt 0.904762 1.000000
vt 0.904762 0.000000
vt 0.910714 1.000000
vt 0.910714 0.000000
vt 0.916667 1.000000
vt 0.916667 0.000000
vt 0.922619 1.000000
vt 0.922619 0.000000
vt 0.928571 1.000000
vt 0.928571 0.000000
vt 0.934524 1.000000
vt 0.934524 0.000000
vt 0.940476 1.000000
vt 0.940476 0.000000
vt 0.946429 1.000000
vt 0.946429 0.000000
vt 0.952381 1.000000
vt 0.952381 0.000000
vt 0.958333 1.000000
vt 0.958333 0.000000
vt 0.964286 1.000000
vt 0.964286 0.000000
vt 0.970238 1.000000
vt 0.970238 0.000000
vt 0.976190 1.000000
vt 0.976190 0.000000
vt 0.982143 1.000000
vt 0.982143 0.000000
vt 0.988095 1.000000
vt 0.988095 0.000000
vt 0.994048 1.000000
vt 0.994048 0.000000
vt 1.000000 1.000000
s 0
usemtl SVGMat.010
f 58/1/1 60/2/1 59/3/1
f 58/1/1 61/4/1 60/2/1
f 83/5/1 85/6/1 84/7/1
f 83/5/1 86/8/1 85/6/1
f 83/5/1 87/9/1 86/8/1
f 83/5/1 88/10/1 87/9/1
f 83/5/1 89/11/1 88/10/1
f 83/5/1 90/12/1 89/11/1
f 83/5/1 91/13/1 90/12/1
f 83/5/1 92/14/1 91/13/1
f 83/5/1 93/15/1 92/14/1
f 83/5/1 94/16/1 93/15/1
f 83/5/1 95/17/1 94/16/1
f 83/5/1 96/18/1 95/17/1
f 83/5/1 97/19/1 96/18/1
f 57/20/1 61/4/1 58/1/1
f 56/21/1 61/4/1 57/20/1
f 56/21/1 62/22/1 61/4/1
f 55/23/1 62/22/1 56/21/1
f 82/24/1 97/19/1 83/5/1
f 55/23/1 63/25/1 62/22/1
f 54/26/1 63/25/1 55/23/1
f 53/27/1 63/25/1 54/26/1
f 53/27/1 64/28/1 63/25/1
f 81/29/1 97/19/1 82/24/1
f 52/30/1 64/28/1 53/27/1
f 52/30/1 65/31/1 64/28/1
f 81/29/1 98/32/1 97/19/1
f 80/33/1 98/32/1 81/29/1
f 51/34/1 156/35/1 52/30/1
f 156/35/1 65/31/1 52/30/1
f 51/34/1 157/36/1 156/35/1
f 155/37/1 65/31/1 156/35/1
f 51/34/1 158/38/1 157/36/1
f 155/37/1 66/39/1 65/31/1
f 51/34/1 159/40/1 158/38/1
f 79/41/1 98/32/1 80/33/1
f 50/42/1 159/40/1 51/34/1
f 50/42/1 160/43/1 159/40/1
f 154/44/1 66/39/1 155/37/1
f 50/42/1 161/45/1 160/43/1
f 50/42/1 162/46/1 161/45/1
f 154/44/1 67/47/1 66/39/1
f 49/48/1 162/46/1 50/42/1
f 49/48/1 163/49/1 162/46/1
f 78/50/1 98/32/1 79/41/1
f 153/51/1 67/47/1 154/44/1
f 49/48/1 164/52/1 163/49/1
f 78/50/1 99/53/1 98/32/1
f 49/48/1 165/54/1 164/52/1
f 152/55/1 67/47/1 153/51/1
f 48/56/1 165/54/1 49/48/1
f 152/55/1 68/57/1 67/47/1
f 77/58/1 99/53/1 78/50/1
f 48/56/1 166/59/1 165/54/1
f 48/56/1 167/60/1 166/59/1
f 151/61/1 68/57/1 152/55/1
f 47/62/1 167/60/1 48/56/1
f 47/62/1 168/63/1 167/60/1
f 76/64/1 99/53/1 77/58/1
f 151/61/1 69/65/1 68/57/1
f 150/66/1 69/65/1 151/61/1
f 46/67/1 168/63/1 47/62/1
f 46/67/1 1/68/1 168/63/1
f 76/64/1 100/69/1 99/53/1
f 46/67/1 2/70/1 1/68/1
f 45/71/1 2/70/1 46/67/1
f 45/71/1 3/72/1 2/70/1
f 149/73/1 69/65/1 150/66/1
f 44/74/1 3/72/1 45/71/1
f 75/75/1 100/69/1 76/64/1
f 44/74/1 4/76/1 3/72/1
f 149/73/1 70/77/1 69/65/1
f 44/74/1 5/78/1 4/76/1
f 43/79/1 5/78/1 44/74/1
f 148/80/1 70/77/1 149/73/1
f 43/79/1 6/81/1 5/78/1
f 43/79/1 7/82/1 6/81/1
f 42/83/1 7/82/1 43/79/1
f 42/83/1 8/84/1 7/82/1
f 147/85/1 70/77/1 148/80/1
f 74/86/1 100/69/1 75/75/1
f 74/86/1 101/87/1 100/69/1
f 41/88/1 8/84/1 42/83/1
f 41/88/1 9/89/1 8/84/1
f 41/88/1 10/90/1 9/89/1
f 40/91/1 10/90/1 41/88/1
f 147/85/1 71/92/1 70/77/1
f 40/91/1 11/93/1 10/90/1
f 146/94/1 71/92/1 147/85/1
f 39/95/1 11/93/1 40/91/1
f 39/95/1 12/96/1 11/93/1
f 23/97/1 25/98/1 24/99/1
f 39/95/1 13/100/1 12/96/1
f 73/101/1 101/87/1 74/86/1
f 38/102/1 13/100/1 39/95/1
f 22/103/1 25/98/1 23/97/1
f 145/104/1 71/92/1 146/94/1
f 38/102/1 14/105/1 13/100/1
f 22/103/1 26/106/1 25/98/1
f 21/107/1 26/106/1 22/103/1
f 37/108/1 14/105/1 38/102/1
f 37/108/1 15/109/1 14/105/1
f 20/110/1 26/106/1 21/107/1
f 37/108/1 16/111/1 15/109/1
f 19/112/1 26/106/1 20/110/1
f 73/101/1 102/113/1 101/87/1
f 36/114/1 16/111/1 37/108/1
f 19/112/1 27/115/1 26/106/1
f 36/114/1 17/116/1 16/111/1
f 18/117/1 27/115/1 19/112/1
f 36/114/1 18/117/1 17/116/1
f 36/114/1 27/115/1 18/117/1
f 145/104/1 72/118/1 71/92/1
f 35/119/1 27/115/1 36/114/1
f 144/120/1 72/118/1 145/104/1
f 35/119/1 28/121/1 27/115/1
f 72/118/1 102/113/1 73/101/1
f 34/122/1 28/121/1 35/119/1
f 34/122/1 29/123/1 28/121/1
f 34/122/1 30/124/1 29/123/1
f 33/125/1 30/124/1 34/122/1
f 143/126/1 72/118/1 144/120/1
f 33/125/1 31/127/1 30/124/1
f 32/128/1 31/127/1 33/125/1
f 72/118/1 103/129/1 102/113/1
f 142/130/1 72/118/1 143/126/1
f 142/130/1 103/129/1 72/118/1
f 141/131/1 103/129/1 142/130/1
f 141/131/1 104/132/1 103/129/1
f 140/133/1 104/132/1 141/131/1
f 139/134/1 120/135/1 140/133/1
f 120/135/1 104/132/1 140/133/1
f 139/134/1 121/136/1 120/135/1
f 119/137/1 104/132/1 120/135/1
f 119/137/1 105/138/1 104/132/1
f 118/139/1 105/138/1 119/137/1
f 138/140/1 121/136/1 139/134/1
f 117/141/1 105/138/1 118/139/1
f 138/140/1 122/142/1 121/136/1
f 116/143/1 105/138/1 117/141/1
f 137/144/1 122/142/1 138/140/1
f 115/145/1 105/138/1 116/143/1
f 137/144/1 123/146/1 122/142/1
f 115/145/1 106/147/1 105/138/1
f 114/148/1 106/147/1 115/145/1
f 137/144/1 124/149/1 123/146/1
f 136/150/1 124/149/1 137/144/1
f 113/151/1 106/147/1 114/148/1
f 112/152/1 106/147/1 113/151/1
f 136/150/1 125/153/1 124/149/1
f 135/154/1 125/153/1 136/150/1
f 112/152/1 107/155/1 106/147/1
f 111/156/1 107/155/1 112/152/1
f 135/154/1 126/157/1 125/153/1
f 110/158/1 107/155/1 111/156/1
f 135/154/1 127/159/1 126/157/1
f 134/160/1 127/159/1 135/154/1
f 109/161/1 107/155/1 110/158/1
f 109/161/1 108/162/1 107/155/1
f 134/160/1 128/163/1 127/159/1
f 133/164/1 128/163/1 134/160/1
f 133/164/1 129/165/1 128/163/1
f 133/164/1 130/166/1 129/165/1
f 132/167/1 130/166/1 133/164/1
f 132/167/1 131/168/1 130/166/1
f 226/1/2 227/3/2 228/2/2
f 226/1/2 228/2/2 229/4/2
f 251/5/2 252/7/2 253/6/2
f 251/5/2 253/6/2 254/8/2
f 251/5/2 254/8/2 255/9/2
f 251/5/2 255/9/2 256/10/2
f 251/5/2 256/10/2 257/11/2
f 251/5/2 257/11/2 258/12/2
f 251/5/2 258/12/2 259/13/2
f 251/5/2 259/13/2 260/14/2
f 251/5/2 260/14/2 261/15/2
f 251/5/2 261/15/2 262/16/2
f 251/5/2 262/16/2 263/17/2
f 251/5/2 263/17/2 264/18/2
f 251/5/2 264/18/2 265/19/2
f 225/20/2 226/1/2 229/4/2
f 224/21/2 225/20/2 229/4/2
f 224/21/2 229/4/2 230/22/2
f 223/23/2 224/21/2 230/22/2
f 250/24/2 251/5/2 265/19/2
f 223/23/2 230/22/2 231/25/2
f 222/26/2 223/23/2 231/25/2
f 221/27/2 222/26/2 231/25/2
f 221/27/2 231/25/2 232/28/2
f 249/29/2 250/24/2 265/19/2
f 220/30/2 221/27/2 232/28/2
f 220/30/2 232/28/2 233/31/2
f 249/29/2 265/19/2 266/32/2
f 248/33/2 249/29/2 266/32/2
f 219/34/2 220/30/2 324/35/2
f 324/35/2 220/30/2 233/31/2
f 219/34/2 324/35/2 325/36/2
f 323/37/2 324/35/2 233/31/2
f 219/34/2 325/36/2 326/38/2
f 323/37/2 233/31/2 234/39/2
f 219/34/2 326/38/2 327/40/2
f 247/41/2 248/33/2 266/32/2
f 218/42/2 219/34/2 327/40/2
f 218/42/2 327/40/2 328/43/2
f 322/44/2 323/37/2 234/39/2
f 218/42/2 328/43/2 329/45/2
f 218/42/2 329/45/2 330/46/2
f 322/44/2 234/39/2 235/47/2
f 217/48/2 218/42/2 330/46/2
f 217/48/2 330/46/2 331/49/2
f 246/50/2 247/41/2 266/32/2
f 321/51/2 322/44/2 235/47/2
f 217/48/2 331/49/2 332/52/2
f 246/50/2 266/32/2 267/53/2
f 217/48/2 332/52/2 333/54/2
f 320/55/2 321/51/2 235/47/2
f 216/56/2 217/48/2 333/54/2
f 320/55/2 235/47/2 236/57/2
f 245/58/2 246/50/2 267/53/2
f 216/56/2 333/54/2 334/59/2
f 216/56/2 334/59/2 335/60/2
f 319/61/2 320/55/2 236/57/2
f 215/62/2 216/56/2 335/60/2
f 215/62/2 335/60/2 336/63/2
f 244/64/2 245/58/2 267/53/2
f 319/61/2 236/57/2 237/65/2
f 318/66/2 319/61/2 237/65/2
f 214/67/2 215/62/2 336/63/2
f 214/67/2 336/63/2 169/68/2
f 244/64/2 267/53/2 268/69/2
f 214/67/2 169/68/2 170/70/2
f 213/71/2 214/67/2 170/70/2
f 213/71/2 170/70/2 171/72/2
f 317/73/2 318/66/2 237/65/2
f 212/74/2 213/71/2 171/72/2
f 243/75/2 244/64/2 268/69/2
f 212/74/2 171/72/2 172/76/2
f 317/73/2 237/65/2 238/77/2
f 212/74/2 172/76/2 173/78/2
f 211/79/2 212/74/2 173/78/2
f 316/80/2 317/73/2 238/77/2
f 211/79/2 173/78/2 174/81/2
f 211/79/2 174/81/2 175/82/2
f 210/83/2 211/79/2 175/82/2
f 210/83/2 175/82/2 176/84/2
f 315/85/2 316/80/2 238/77/2
f 242/86/2 243/75/2 268/69/2
f 242/86/2 268/69/2 269/87/2
f 209/88/2 210/83/2 176/84/2
f 209/88/2 176/84/2 177/89/2
f 209/88/2 177/89/2 178/90/2
f 208/91/2 209/88/2 178/90/2
f 315/85/2 238/77/2 239/92/2
f 208/91/2 178/90/2 179/93/2
f 314/94/2 315/85/2 239/92/2
f 207/95/2 208/91/2 179/93/2
f 207/95/2 179/93/2 180/96/2
f 191/97/2 192/99/2 193/98/2
f 207/95/2 180/96/2 181/100/2
f 241/101/2 242/86/2 269/87/2
f 206/102/2 207/95/2 181/100/2
f 190/103/2 191/97/2 193/98/2
f 313/104/2 314/94/2 239/92/2
f 206/102/2 181/100/2 182/105/2
f 190/103/2 193/98/2 194/106/2
f 189/107/2 190/103/2 194/106/2
f 205/108/2 206/102/2 182/105/2
f 205/108/2 182/105/2 183/109/2
f 188/110/2 189/107/2 194/106/2
f 205/108/2 183/109/2 184/111/2
f 187/112/2 188/110/2 194/106/2
f 241/101/2 269/87/2 270/113/2
f 204/114/2 205/108/2 184/111/2
f 187/112/2 194/106/2 195/115/2
f 204/114/2 184/111/2 185/116/2
f 186/117/2 187/112/2 195/115/2
f 204/114/2 185/116/2 186/117/2
f 204/114/2 186/117/2 195/115/2
f 313/104/2 239/92/2 240/118/2
f 203/119/2 204/114/2 195/115/2
f 312/120/2 313/104/2 240/118/2
f 203/119/2 195/115/2 196/121/2
f 240/118/2 241/101/2 270/113/2
f 202/122/2 203/119/2 196/121/2
f 202/122/2 196/121/2 197/123/2
f 202/122/2 197/123/2 198/124/2
f 201/125/2 202/122/2 198/124/2
f 311/126/2 312/120/2 240/118/2
f 201/125/2 198/124/2 199/127/2
f 200/128/2 201/125/2 199/127/2
f 240/118/2 270/113/2 271/129/2
f 310/130/2 311/126/2 240/118/2
f 310/130/2 240/118/2 271/129/2
f 309/131/2 310/130/2 271/129/2
f 309/131/2 271/129/2 272/132/2
f 308/133/2 309/131/2 272/132/2
f 307/134/2 308/133/2 288/135/2
f 288/135/2 308/133/2 272/132/2
f 307/134/2 288/135/2 289/136/2
f 287/137/2 288/135/2 272/132/2
f 287/137/2 272/132/2 273/138/2
f 286/139/2 287/137/2 273/138/2
f 306/140/2 307/134/2 289/136/2
f 285/141/2 286/139/2 273/138/2
f 306/140/2 289/136/2 290/142/2
f 284/143/2 285/141/2 273/138/2
f 305/144/2 306/140/2 290/142/2
f 283/145/2 284/143/2 273/138/2
f 305/144/2 290/142/2 291/146/2
f 283/145/2 273/138/2 274/147/2
f 282/148/2 283/145/2 274/147/2
f 305/144/2 291/146/2 292/149/2
f 304/150/2 305/144/2 292/149/2
f 281/151/2 282/148/2 274/147/2
f 280/152/2 281/151/2 274/147/2
f 304/150/2 292/149/2 293/153/2
f 303/154/2 304/150/2 293/153/2
f 280/152/2 274/147/2 275/155/2
f 279/156/2 280/152/2 275/155/2
f 303/154/2 293/153/2 294/157/2
f 278/158/2 279/156/2 275/155/2
f 303/154/2 294/157/2 295/159/2
f 302/160/2 303/154/2 295/159/2
f 277/161/2 278/158/2 275/155/2
f 277/161/2 275/155/2 276/162/2
f 302/160/2 295/159/2 296/163/2
f 301/164/2 302/160/2 296/163/2
f 301/164/2 296/163/2 297/165/2
f 301/164/2 297/165/2 298/166/2
f 300/167/2 301/164/2 298/166/2
f 300/167/2 298/166/2 299/168/2
s 1
f 338/169/3 340/170/4 339/171/4 337/68/3
f 340/170/4 342/172/5 341/173/5 339/171/4
f 342/172/5 344/174/6 343/175/6 341/173/5
f 344/174/6 346/176/7 345/177/7 343/175/6
f 346/176/7 348/178/8 347/179/8 345/177/7
f 348/178/8 350/180/9 349/181/9 347/179/8
f 350/180/9 352/182/10 351/183/10 349/181/9
f 352/182/10 354/184/11 353/185/11 351/183/10
f 354/184/11 356/186/12 355/187/12 353/185/11
f 356/186/12 358/188/13 357/189/13 355/187/12
f 358/188/13 360/190/14 359/191/14 357/189/13
f 360/190/14 362/192/15 361/193/15 359/191/14
f 362/192/15 364/194/16 363/195/16 361/193/15
f 364/194/16 366/196/17 365/197/17 363/195/16
f 366/196/17 368/198/18 367/199/18 365/197/17
f 368/198/18 370/200/19 369/201/19 367/199/18
f 370/200/19 372/202/20 371/203/20 369/201/19
f 372/202/20 374/204/21 373/205/21 371/203/20
f 374/204/21 376/206/22 375/207/22 373/205/21
f 376/206/22 378/208/23 377/209/23 375/207/22
f 378/208/23 380/210/24 379/211/24 377/209/23
f 380/210/24 382/212/25 381/213/25 379/211/24
f 382/212/25 384/214/26 383/215/26 381/213/25
f 384/214/26 386/216/27 385/217/27 383/215/26
f 386/216/27 388/218/28 387/219/28 385/217/27
f 388/218/28 390/220/29 389/221/29 387/219/28
f 390/220/29 392/222/30 391/223/30 389/221/29
f 392/222/30 394/224/31 393/225/31 391/223/30
f 394/224/31 396/226/32 395/227/32 393/225/31
f 396/226/32 398/228/33 397/229/33 395/227/32
f 398/228/33 400/230/34 399/231/34 397/229/33
f 400/230/34 402/232/35 401/233/35 399/231/34
f 402/232/35 404/234/36 403/235/36 401/233/35
f 404/234/36 406/236/37 405/237/37 403/235/36
f 406/236/37 408/238/38 407/239/38 405/237/37
f 408/238/38 410/240/39 409/241/39 407/239/38
f 410/240/39 412/242/40 411/243/40 409/241/39
f 412/242/40 414/244/41 413/245/41 411/243/40
f 414/244/41 416/246/42 415/247/42 413/245/41
f 416/246/42 418/248/43 417/249/43 415/247/42
f 418/248/43 420/250/44 419/251/44 417/249/43
f 420/250/44 422/252/45 421/253/45 419/251/44
f 422/252/45 424/254/46 423/255/46 421/253/45
f 424/254/46 426/256/47 425/257/47 423/255/46
f 426/256/47 428/258/48 427/259/48 425/257/47
f 428/258/48 430/260/49 429/261/49 427/259/48
f 430/260/49 432/262/50 431/263/50 429/261/49
f 432/262/50 434/264/51 433/265/51 431/263/50
f 434/264/51 436/266/52 435/267/52 433/265/51
f 436/266/52 438/268/53 437/269/53 435/267/52
f 438/268/53 440/270/54 439/271/54 437/269/53
f 440/270/54 442/272/55 441/273/55 439/271/54
f 442/272/55 444/274/56 443/275/56 441/273/55
f 444/274/56 446/276/57 445/277/57 443/275/56
f 446/276/57 448/278/58 447/279/58 445/277/57
f 448/278/58 450/280/59 449/281/59 447/279/58
f 450/280/59 452/282/60 451/283/60 449/281/59
f 452/282/60 454/284/61 453/285/61 451/283/60
f 454/284/61 456/286/62 455/287/62 453/285/61
f 456/286/62 458/288/63 457/289/63 455/287/62
f 458/288/63 460/290/64 459/291/64 457/289/63
f 460/290/64 462/292/65 461/293/65 459/291/64
f 462/292/65 464/294/66 463/295/66 461/293/65
f 464/294/66 466/296/67 465/297/67 463/295/66
f 466/296/67 468/298/68 467/299/68 465/297/67
f 468/298/68 470/300/69 469/301/69 467/299/68
f 470/300/69 472/302/70 471/303/70 469/301/69
f 472/302/70 474/304/71 473/305/71 471/303/70
f 474/304/71 476/306/72 475/307/72 473/305/71
f 476/306/72 478/308/73 477/309/73 475/307/72
f 478/308/73 480/310/74 479/311/74 477/309/73
f 480/310/74 482/312/75 481/313/75 479/311/74
f 482/312/75 484/314/76 483/315/76 481/313/75
f 484/314/76 486/316/77 485/317/77 483/315/76
f 486/316/77 488/318/78 487/319/78 485/317/77
f 488/318/78 490/320/79 489/321/79 487/319/78
f 490/320/79 492/322/80 491/323/80 489/321/79
f 492/322/80 494/324/81 493/325/81 491/323/80
f 494/324/81 496/326/82 495/327/82 493/325/81
f 496/326/82 498/328/83 497/329/83 495/327/82
f 498/328/83 500/330/84 499/331/84 497/329/83
f 500/330/84 502/332/85 501/333/85 499/331/84
f 502/332/85 504/334/86 503/335/86 501/333/85
f 504/334/86 506/336/87 505/337/87 503/335/86
f 506/336/87 508/338/87 507/339/87 505/337/87
f 508/338/87 510/340/87 509/341/87 507/339/87
f 510/340/87 512/342/87 511/343/87 509/341/87
f 512/342/87 514/344/87 513/345/87 511/343/87
f 514/344/87 516/346/87 515/347/87 513/345/87
f 516/346/87 518/348/87 517/349/87 515/347/87
f 518/348/87 520/350/87 519/351/87 517/349/87
f 520/350/87 522/352/87 521/353/87 519/351/87
f 522/352/87 524/354/87 523/355/87 521/353/87
f 524/354/87 526/356/87 525/357/87 523/355/87
f 526/356/87 528/358/88 527/359/88 525/357/87
f 528/358/88 530/360/89 529/361/89 527/359/88
f 530/360/89 532/362/90 531/363/90 529/361/89
f 532/362/90 534/364/91 533/365/91 531/363/90
f 534/364/91 536/366/92 535/367/92 533/365/91
f 536/366/92 538/368/93 537/369/93 535/367/92
f 538/368/93 540/370/94 539/371/94 537/369/93
f 540/370/94 542/372/95 541/373/95 539/371/94
f 542/372/95 544/374/96 543/375/96 541/373/95
f 544/374/96 546/376/97 545/377/97 543/375/96
f 546/376/97 548/378/98 547/379/98 545/377/97
f 548/378/98 550/380/99 549/381/99 547/379/98
f 550/380/99 552/382/100 551/383/100 549/381/99
f 552/382/100 554/384/101 553/385/101 551/383/100
f 554/384/101 556/386/102 555/387/102 553/385/101
f 556/386/102 558/388/103 557/389/103 555/387/102
f 558/388/103 560/390/104 559/391/104 557/389/103
f 560/390/104 562/392/105 561/393/105 559/391/104
f 562/392/105 564/394/106 563/395/106 561/393/105
f 564/394/106 566/396/107 565/397/107 563/395/106
f 566/396/107 568/398/108 567/399/108 565/397/107
f 568/398/108 570/400/109 569/401/109 567/399/108
f 570/400/109 572/402/110 571/403/110 569/401/109
f 572/402/110 574/404/111 573/405/111 571/403/110
f 574/404/111 576/406/112 575/407/112 573/405/111
f 576/406/112 578/408/113 577/409/113 575/407/112
f 578/408/113 580/410/114 579/411/114 577/409/113
f 580/410/114 582/412/115 581/413/115 579/411/114
f 582/412/115 584/414/116 583/415/116 581/413/115
f 584/414/116 586/416/117 585/417/117 583/415/116
f 586/416/117 588/418/118 587/419/118 585/417/117
f 588/418/118 590/420/119 589/421/119 587/419/118
f 590/420/119 592/422/120 591/423/120 589/421/119
f 592/422/120 594/424/121 593/425/121 591/423/120
f 594/424/121 596/426/122 595/427/122 593/425/121
f 596/426/122 598/428/123 597/429/123 595/427/122
f 598/428/123 600/430/124 599/431/124 597/429/123
f 600/430/124 602/432/125 601/433/125 599/431/124
f 602/432/125 604/434/126 603/435/126 601/433/125
f 604/434/126 606/436/127 605/437/127 603/435/126
f 606/436/127 608/438/128 607/439/128 605/437/127
f 608/438/128 610/440/129 609/441/129 607/439/128
f 610/440/129 612/442/130 611/443/130 609/441/129
f 612/442/130 614/444/131 613/445/131 611/443/130
f 614/444/131 616/446/132 615/447/132 613/445/131
f 616/446/132 618/448/133 617/449/133 615/447/132
f 618/448/133 620/450/134 619/451/134 617/449/133
f 620/450/134 622/452/135 621/453/135 619/451/134
f 622/452/135 624/454/136 623/455/136 621/453/135
f 624/454/136 626/456/137 625/457/137 623/455/136
f 626/456/137 628/458/138 627/459/138 625/457/137
f 628/458/138 630/460/139 629/461/139 627/459/138
f 630/460/139 632/462/140 631/463/140 629/461/139
f 632/462/140 634/464/141 633/465/141 631/463/140
f 634/464/141 636/466/142 635/467/142 633/465/141
f 636/466/142 638/468/143 637/469/143 635/467/142
f 638/468/143 640/470/144 639/471/144 637/469/143
f 640/470/144 642/472/145 641/473/145 639/471/144
f 642/472/145 644/474/146 643/475/146 641/473/145
f 644/474/146 646/476/147 645/477/147 643/475/146
f 646/476/147 648/478/148 647/479/148 645/477/147
f 648/478/148 650/480/149 649/481/149 647/479/148
f 650/480/149 652/482/150 651/483/150 649/481/149
f 652/482/150 654/484/151 653/485/151 651/483/150
f 654/484/151 656/486/152 655/487/152 653/485/151
f 656/486/152 658/488/153 657/489/153 655/487/152
f 658/488/153 660/490/154 659/491/154 657/489/153
f 660/490/154 662/492/155 661/493/155 659/491/154
f 662/492/155 664/494/156 663/495/156 661/493/155
f 664/494/156 666/496/157 665/497/157 663/495/156
f 666/496/157 668/498/158 667/499/158 665/497/157
f 668/498/158 670/500/159 669/501/159 667/499/158
f 670/500/159 672/502/160 671/503/160 669/501/159
f 672/502/160 338/504/3 337/63/3 671/503/160
o Curve
v 5.632759 0.259874 1.274229
v 5.771347 0.259874 1.125147
v 5.896380 0.259874 0.977272
v 6.006044 0.259874 0.830789
v 6.098526 0.259874 0.685887
v 6.172010 0.259874 0.542754
v 6.224683 0.259874 0.401578
v 6.254731 0.259874 0.262548
v 6.260341 0.259874 0.125852
v 6.239697 0.259874 -0.008324
v 6.190986 0.259874 -0.139789
v 6.112394 0.259874 -0.268356
v 5.968750 0.259874 -0.418884
v 5.788778 0.259874 -0.536055
v 5.575999 0.259874 -0.621576
v 5.333935 0.259874 -0.677155
v 5.066107 0.259874 -0.704497
v 4.776035 0.259874 -0.705311
v 4.467242 0.259874 -0.681303
v 4.143248 0.259874 -0.634179
v 3.807574 0.259874 -0.565648
v 3.463741 0.259874 -0.477416
v 3.115272 0.259874 -0.371189
v 2.765686 0.259874 -0.248675
v 3.166609 0.259874 -0.469143
v 3.570918 0.259874 -0.673770
v 3.975414 0.259874 -0.857787
v 4.376900 0.259874 -1.016426
v 4.772179 0.259874 -1.144919
v 5.158051 0.259874 -1.238497
v 5.531322 0.259874 -1.292394
v 5.888791 0.259874 -1.301842
v 6.227263 0.259874 -1.262073
v 6.543539 0.259874 -1.168318
v 6.834421 0.259874 -1.015810
v 7.096713 0.259874 -0.799781
v 7.211374 0.259874 -0.660338
v 7.299873 0.259874 -0.501210
v 7.361925 0.259874 -0.324456
v 7.397246 0.259874 -0.132134
v 7.405550 0.259874 0.073692
v 7.386553 0.259874 0.290964
v 7.339970 0.259874 0.517621
v 7.265516 0.259874 0.751601
v 7.162908 0.259874 0.990846
v 7.031859 0.259874 1.233295
v 6.872086 0.259874 1.476886
v 6.683303 0.259874 1.719560
v 6.164286 0.259874 2.286461
v 5.590426 0.259874 2.814659
v 4.957814 0.259874 3.301393
v 4.262543 0.259874 3.743907
v 3.500706 0.259874 4.139444
v 2.668396 0.259874 4.485246
v 1.761707 0.259874 4.778554
v 0.776730 0.259874 5.016613
v -0.290442 0.259874 5.196666
v -1.443714 0.259874 5.315955
v -2.686996 0.259874 5.371720
v -4.024193 0.259874 5.361206
v -3.394972 0.259874 5.102403
v -2.847330 0.259874 4.780030
v -2.379825 0.259874 4.395211
v -1.991015 0.259874 3.949068
v -1.679461 0.259874 3.442724
v -1.443719 0.259874 2.877304
v -1.282348 0.259874 2.253930
v -1.193907 0.259874 1.573724
v -1.176953 0.259874 0.837812
v -1.230048 0.259874 0.047316
v -1.351747 0.259874 -0.796641
v -1.540609 0.259874 -1.692936
v -2.097440 0.259874 -0.994455
v -2.607929 0.259874 -0.315981
v -3.071721 0.259874 0.342332
v -3.488460 0.259874 0.980330
v -3.857788 0.259874 1.597861
v -4.179350 0.259874 2.194768
v -4.452789 0.259874 2.770901
v -4.677751 0.259874 3.326104
v -4.853877 0.259874 3.860223
v -4.980813 0.259874 4.373106
v -5.058200 0.259874 4.864597
v -5.085684 0.259874 5.334544
v -5.130585 0.259874 5.334544
v -5.254721 0.259874 5.334544
v -5.442245 0.259874 5.334544
v -5.677311 0.259874 5.334544
v -5.944072 0.259874 5.334544
v -6.226679 0.259874 5.334544
v -6.509286 0.259874 5.334544
v -6.776047 0.259874 5.334544
v -7.011112 0.259874 5.334544
v -7.198637 0.259874 5.334544
v -7.322773 0.259874 5.334544
v -7.367673 0.259874 5.334544
v -6.899167 0.259874 3.893996
v -6.381156 0.259874 2.583357
v -5.816541 0.259874 1.395030
v -5.208215 0.259874 0.321416
v -4.559074 0.259874 -0.645083
v -3.872015 0.259874 -1.512065
v -3.149930 0.259874 -2.287127
v -2.395716 0.259874 -2.977868
v -1.612267 0.259874 -3.591884
v -0.802480 0.259874 -4.136775
v 0.030753 0.259874 -4.620138
v 0.884535 0.259874 -5.049570
v 0.667162 0.259874 -4.816252
v 0.465076 0.259874 -4.592104
v 0.278501 0.259874 -4.377261
v 0.107661 0.259874 -4.171857
v -0.047221 0.259874 -3.976025
v -0.185921 0.259874 -3.789901
v -0.308215 0.259874 -3.613617
v -0.413881 0.259874 -3.447309
v -0.502693 0.259874 -3.291109
v -0.574429 0.259874 -3.145153
v -0.628865 0.259874 -3.009574
v -0.665777 0.259874 -2.884507
v -0.337000 0.259874 -3.190563
v -0.010924 0.259874 -3.477722
v 0.312554 0.259874 -3.746701
v 0.633536 0.259874 -3.998217
v 0.952126 0.259874 -4.232988
v 1.268426 0.259874 -4.451733
v 1.582538 0.259874 -4.655168
v 1.894565 0.259874 -4.844011
v 2.204608 0.259874 -5.018981
v 2.512772 0.259874 -5.180794
v 2.819158 0.259874 -5.330167
v 3.123868 0.259874 -5.467820
v 2.668432 0.259874 -5.141733
v 2.257405 0.259874 -4.806792
v 1.892663 0.259874 -4.464117
v 1.576086 0.259874 -4.114823
v 1.309549 0.259874 -3.760031
v 1.094931 0.259874 -3.400858
v 0.934108 0.259874 -3.038422
v 0.828959 0.259874 -2.673841
v 0.781361 0.259874 -2.308234
v 0.793191 0.259874 -1.942718
v 0.866328 0.259874 -1.578412
v 1.002647 0.259874 -1.216434
v 1.179764 0.259874 -0.812400
v 1.328238 0.259874 -0.417468
v 1.448032 0.259874 -0.029227
v 1.539105 0.259874 0.354731
v 1.601418 0.259874 0.736818
v 1.634933 0.259874 1.119443
v 1.639610 0.259874 1.505018
v 1.615409 0.259874 1.895949
v 1.562291 0.259874 2.294650
v 1.480217 0.259874 2.703529
v 1.369148 0.259874 3.124998
v 1.229044 0.259874 3.561465
v 1.642735 0.259874 3.472217
v 2.045986 0.259874 3.367311
v 2.438696 0.259874 3.246599
v 2.820769 0.259874 3.109931
v 3.192102 0.259874 2.957158
v 3.552599 0.259874 2.788132
v 3.902159 0.259874 2.602704
v 4.240683 0.259874 2.400725
v 4.568071 0.259874 2.182046
v 4.884224 0.259874 1.946519
v 5.189044 0.259874 1.693995
v 5.482430 0.259874 1.424325
v 5.632759 -0.259874 1.274229
v 5.771347 -0.259874 1.125147
v 5.896380 -0.259874 0.977272
v 6.006044 -0.259874 0.830789
v 6.098526 -0.259874 0.685887
v 6.172010 -0.259874 0.542754
v 6.224683 -0.259874 0.401578
v 6.254731 -0.259874 0.262548
v 6.260341 -0.259874 0.125852
v 6.239697 -0.259874 -0.008324
v 6.190986 -0.259874 -0.139789
v 6.112394 -0.259874 -0.268356
v 5.968750 -0.259874 -0.418884
v 5.788778 -0.259874 -0.536055
v 5.575999 -0.259874 -0.621576
v 5.333935 -0.259874 -0.677155
v 5.066107 -0.259874 -0.704497
v 4.776035 -0.259874 -0.705311
v 4.467242 -0.259874 -0.681303
v 4.143248 -0.259874 -0.634179
v 3.807574 -0.259874 -0.565648
v 3.463741 -0.259874 -0.477416
v 3.115272 -0.259874 -0.371189
v 2.765686 -0.259874 -0.248675
v 3.166609 -0.259874 -0.469143
v 3.570918 -0.259874 -0.673770
v 3.975414 -0.259874 -0.857787
v 4.376900 -0.259874 -1.016426
v 4.772179 -0.259874 -1.144919
v 5.158051 -0.259874 -1.238497
v 5.531322 -0.259874 -1.292394
v 5.888791 -0.259874 -1.301842
v 6.227263 -0.259874 -1.262073
v 6.543539 -0.259874 -1.168318
v 6.834421 -0.259874 -1.015810
v 7.096713 -0.259874 -0.799781
v 7.211374 -0.259874 -0.660338
v 7.299873 -0.259874 -0.501210
v 7.361925 -0.259874 -0.324456
v 7.397246 -0.259874 -0.132134
v 7.405550 -0.259874 0.073692
v 7.386553 -0.259874 0.290964
v 7.339970 -0.259874 0.517621
v 7.265516 -0.259874 0.751601
v 7.162908 -0.259874 0.990846
v 7.031859 -0.259874 1.233295
v 6.872086 -0.259874 1.476886
v 6.683303 -0.259874 1.719560
v 6.164286 -0.259874 2.286461
v 5.590426 -0.259874 2.814659
v 4.957814 -0.259874 3.301393
v 4.262543 -0.259874 3.743907
v 3.500706 -0.259874 4.139444
v 2.668396 -0.259874 4.485246
v 1.761707 -0.259874 4.778554
v 0.776730 -0.259874 5.016613
v -0.290442 -0.259874 5.196666
v -1.443714 -0.259874 5.315955
v -2.686996 -0.259874 5.371720
v -4.024193 -0.259874 5.361206
v -3.394972 -0.259874 5.102403
v -2.847330 -0.259874 4.780030
v -2.379825 -0.259874 4.395211
v -1.991015 -0.259874 3.949068
v -1.679461 -0.259874 3.442724
v -1.443719 -0.259874 2.877304
v -1.282348 -0.259874 2.253930
v -1.193907 -0.259874 1.573724
v -1.176953 -0.259874 0.837812
v -1.230048 -0.259874 0.047316
v -1.351747 -0.259874 -0.796641
v -1.540609 -0.259874 -1.692936
v -2.097440 -0.259874 -0.994455
v -2.607929 -0.259874 -0.315981
v -3.071721 -0.259874 0.342332
v -3.488460 -0.259874 0.980330
v -3.857788 -0.259874 1.597861
v -4.179350 -0.259874 2.194768
v -4.452789 -0.259874 2.770901
v -4.677751 -0.259874 3.326104
v -4.853877 -0.259874 3.860223
v -4.980813 -0.259874 4.373106
v -5.058200 -0.259874 4.864597
v -5.085684 -0.259874 5.334544
v -5.130585 -0.259874 5.334544
v -5.254721 -0.259874 5.334544
v -5.442245 -0.259874 5.334544
v -5.677311 -0.259874 5.334544
v -5.944072 -0.259874 5.334544
v -6.226679 -0.259874 5.334544
v -6.509286 -0.259874 5.334544
v -6.776047 -0.259874 5.334544
v -7.011112 -0.259874 5.334544
v -7.198637 -0.259874 5.334544
v -7.322773 -0.259874 5.334544
v -7.367673 -0.259874 5.334544
v -6.899167 -0.259874 3.893996
v -6.381156 -0.259874 2.583357
v -5.816541 -0.259874 1.395030
v -5.208215 -0.259874 0.321416
v -4.559074 -0.259874 -0.645083
v -3.872015 -0.259874 -1.512065
v -3.149930 -0.259874 -2.287127
v -2.395716 -0.259874 -2.977868
v -1.612267 -0.259874 -3.591884
v -0.802480 -0.259874 -4.136775
v 0.030753 -0.259874 -4.620138
v 0.884535 -0.259874 -5.049570
v 0.667162 -0.259874 -4.816252
v 0.465076 -0.259874 -4.592104
v 0.278501 -0.259874 -4.377261
v 0.107661 -0.259874 -4.171857
v -0.047221 -0.259874 -3.976025
v -0.185921 -0.259874 -3.789901
v -0.308215 -0.259874 -3.613617
v -0.413881 -0.259874 -3.447309
v -0.502693 -0.259874 -3.291109
v -0.574429 -0.259874 -3.145153
v -0.628865 -0.259874 -3.009574
v -0.665777 -0.259874 -2.884507
v -0.337000 -0.259874 -3.190563
v -0.010924 -0.259874 -3.477722
v 0.312554 -0.259874 -3.746701
v 0.633536 -0.259874 -3.998217
v 0.952126 -0.259874 -4.232988
v 1.268426 -0.259874 -4.451733
v 1.582538 -0.259874 -4.655168
v 1.894565 -0.259874 -4.844011
v 2.204608 -0.259874 -5.018981
v 2.512772 -0.259874 -5.180794
v 2.819158 -0.259874 -5.330167
v 3.123868 -0.259874 -5.467820
v 2.668432 -0.259874 -5.141733
v 2.257405 -0.259874 -4.806792
v 1.892663 -0.259874 -4.464117
v 1.576086 -0.259874 -4.114823
v 1.309549 -0.259874 -3.760031
v 1.094931 -0.259874 -3.400858
v 0.934108 -0.259874 -3.038422
v 0.828959 -0.259874 -2.673841
v 0.781361 -0.259874 -2.308234
v 0.793191 -0.259874 -1.942718
v 0.866328 -0.259874 -1.578412
v 1.002647 -0.259874 -1.216434
v 1.179764 -0.259874 -0.812400
v 1.328238 -0.259874 -0.417468
v 1.448032 -0.259874 -0.029227
v 1.539105 -0.259874 0.354731
v 1.601418 -0.259874 0.736818
v 1.634933 -0.259874 1.119443
v 1.639610 -0.259874 1.505018
v 1.615409 -0.259874 1.895949
v 1.562291 -0.259874 2.294650
v 1.480217 -0.259874 2.703529
v 1.369148 -0.259874 3.124998
v 1.229044 -0.259874 3.561465
v 1.642735 -0.259874 3.472217
v 2.045986 -0.259874 3.367311
v 2.438696 -0.259874 3.246599
v 2.820769 -0.259874 3.109931
v 3.192102 -0.259874 2.957158
v 3.552599 -0.259874 2.788132
v 3.902159 -0.259874 2.602704
v 4.240683 -0.259874 2.400725
v 4.568071 -0.259874 2.182046
v 4.884224 -0.259874 1.946519
v 5.189044 -0.259874 1.693995
v 5.482430 -0.259874 1.424325
v 5.632759 -0.259874 1.274229
v 5.632759 0.259874 1.274229
v 5.771347 -0.259874 1.125147
v 5.771347 0.259874 1.125147
v 5.896380 -0.259874 0.977272
v 5.896380 0.259874 0.977272
v 6.006044 -0.259874 0.830789
v 6.006044 0.259874 0.830789
v 6.098526 -0.259874 0.685887
v 6.098526 0.259874 0.685887
v 6.172010 -0.259874 0.542754
v 6.172010 0.259874 0.542754
v 6.224683 -0.259874 0.401578
v 6.224683 0.259874 0.401578
v 6.254731 -0.259874 0.262548
v 6.254731 0.259874 0.262548
v 6.260341 -0.259874 0.125852
v 6.260341 0.259874 0.125852
v 6.239697 -0.259874 -0.008324
v 6.239697 0.259874 -0.008324
v 6.190986 -0.259874 -0.139789
v 6.190986 0.259874 -0.139789
v 6.112394 -0.259874 -0.268356
v 6.112394 0.259874 -0.268356
v 5.968750 -0.259874 -0.418884
v 5.968750 0.259874 -0.418884
v 5.788778 -0.259874 -0.536055
v 5.788778 0.259874 -0.536055
v 5.575999 -0.259874 -0.621576
v 5.575999 0.259874 -0.621576
v 5.333935 -0.259874 -0.677155
v 5.333935 0.259874 -0.677155
v 5.066107 -0.259874 -0.704497
v 5.066107 0.259874 -0.704497
v 4.776035 -0.259874 -0.705311
v 4.776035 0.259874 -0.705311
v 4.467242 -0.259874 -0.681303
v 4.467242 0.259874 -0.681303
v 4.143248 -0.259874 -0.634179
v 4.143248 0.259874 -0.634179
v 3.807574 -0.259874 -0.565648
v 3.807574 0.259874 -0.565648
v 3.463741 -0.259874 -0.477416
v 3.463741 0.259874 -0.477416
v 3.115272 -0.259874 -0.371189
v 3.115272 0.259874 -0.371189
v 2.765686 -0.259874 -0.248675
v 2.765686 0.259874 -0.248675
v 3.166609 -0.259874 -0.469143
v 3.166609 0.259874 -0.469143
v 3.570918 -0.259874 -0.673770
v 3.570918 0.259874 -0.673770
v 3.975414 -0.259874 -0.857787
v 3.975414 0.259874 -0.857787
v 4.376900 -0.259874 -1.016426
v 4.376900 0.259874 -1.016426
v 4.772179 -0.259874 -1.144919
v 4.772179 0.259874 -1.144919
v 5.158051 -0.259874 -1.238497
v 5.158051 0.259874 -1.238497
v 5.531322 -0.259874 -1.292394
v 5.531322 0.259874 -1.292394
v 5.888791 -0.259874 -1.301842
v 5.888791 0.259874 -1.301842
v 6.227263 -0.259874 -1.262073
v 6.227263 0.259874 -1.262073
v 6.543539 -0.259874 -1.168318
v 6.543539 0.259874 -1.168318
v 6.834421 -0.259874 -1.015810
v 6.834421 0.259874 -1.015810
v 7.096713 -0.259874 -0.799781
v 7.096713 0.259874 -0.799781
v 7.211374 -0.259874 -0.660338
v 7.211374 0.259874 -0.660338
v 7.299873 -0.259874 -0.501210
v 7.299873 0.259874 -0.501210
v 7.361925 -0.259874 -0.324456
v 7.361925 0.259874 -0.324456
v 7.397246 -0.259874 -0.132134
v 7.397246 0.259874 -0.132134
v 7.405550 -0.259874 0.073692
v 7.405550 0.259874 0.073692
v 7.386553 -0.259874 0.290964
v 7.386553 0.259874 0.290964
v 7.339970 -0.259874 0.517621
v 7.339970 0.259874 0.517621
v 7.265516 -0.259874 0.751601
v 7.265516 0.259874 0.751601
v 7.162908 -0.259874 0.990846
v 7.162908 0.259874 0.990846
v 7.031859 -0.259874 1.233295
v 7.031859 0.259874 1.233295
v 6.872086 -0.259874 1.476886
v 6.872086 0.259874 1.476886
v 6.683303 -0.259874 1.719560
v 6.683303 0.259874 1.719560
v 6.164286 -0.259874 2.286461
v 6.164286 0.259874 2.286461
v 5.590426 -0.259874 2.814659
v 5.590426 0.259874 2.814659
v 4.957814 -0.259874 3.301393
v 4.957814 0.259874 3.301393
v 4.262543 -0.259874 3.743907
v 4.262543 0.259874 3.743907
v 3.500706 -0.259874 4.139444
v 3.500706 0.259874 4.139444
v 2.668396 -0.259874 4.485246
v 2.668396 0.259874 4.485246
v 1.761707 -0.259874 4.778554
v 1.761707 0.259874 4.778554
v 0.776730 -0.259874 5.016613
v 0.776730 0.259874 5.016613
v -0.290442 -0.259874 5.196666
v -0.290442 0.259874 5.196666
v -1.443714 -0.259874 5.315955
v -1.443714 0.259874 5.315955
v -2.686996 -0.259874 5.371720
v -2.686996 0.259874 5.371720
v -4.024193 -0.259874 5.361206
v -4.024193 0.259874 5.361206
v -3.394972 -0.259874 5.102403
v -3.394972 0.259874 5.102403
v -2.847330 -0.259874 4.780030
v -2.847330 0.259874 4.780030
v -2.379825 -0.259874 4.395211
v -2.379825 0.259874 4.395211
v -1.991015 -0.259874 3.949068
v -1.991015 0.259874 3.949068
v -1.679461 -0.259874 3.442724
v -1.679461 0.259874 3.442724
v -1.443719 -0.259874 2.877304
v -1.443719 0.259874 2.877304
v -1.282348 -0.259874 2.253930
v -1.282348 0.259874 2.253930
v -1.193907 -0.259874 1.573724
v -1.193907 0.259874 1.573724
v -1.176953 -0.259874 0.837812
v -1.176953 0.259874 0.837812
v -1.230048 -0.259874 0.047316
v -1.230048 0.259874 0.047316
v -1.351747 -0.259874 -0.796641
v -1.351747 0.259874 -0.796641
v -1.540609 -0.259874 -1.692936
v -1.540609 0.259874 -1.692936
v -2.097440 -0.259874 -0.994455
v -2.097440 0.259874 -0.994455
v -2.607929 -0.259874 -0.315981
v -2.607929 0.259874 -0.315981
v -3.071721 -0.259874 0.342332
v -3.071721 0.259874 0.342332
v -3.488460 -0.259874 0.980330
v -3.488460 0.259874 0.980330
v -3.857788 -0.259874 1.597861
v -3.857788 0.259874 1.597861
v -4.179350 -0.259874 2.194768
v -4.179350 0.259874 2.194768
v -4.452789 -0.259874 2.770901
v -4.452789 0.259874 2.770901
v -4.677751 -0.259874 3.326104
v -4.677751 0.259874 3.326104
v -4.853877 -0.259874 3.860223
v -4.853877 0.259874 3.860223
v -4.980813 -0.259874 4.373106
v -4.980813 0.259874 4.373106
v -5.058200 -0.259874 4.864597
v -5.058200 0.259874 4.864597
v -5.085684 -0.259874 5.334544
v -5.085684 0.259874 5.334544
v -5.130585 -0.259874 5.334544
v -5.130585 0.259874 5.334544
v -5.254721 -0.259874 5.334544
v -5.254721 0.259874 5.334544
v -5.442245 -0.259874 5.334544
v -5.442245 0.259874 5.334544
v -5.677311 -0.259874 5.334544
v -5.677311 0.259874 5.334544
v -5.944072 -0.259874 5.334544
v -5.944072 0.259874 5.334544
v -6.226679 -0.259874 5.334544
v -6.226679 0.259874 5.334544
v -6.509286 -0.259874 5.334544
v -6.509286 0.259874 5.334544
v -6.776047 -0.259874 5.334544
v -6.776047 0.259874 5.334544
v -7.011112 -0.259874 5.334544
v -7.011112 0.259874 5.334544
v -7.198637 -0.259874 5.334544
v -7.198637 0.259874 5.334544
v -7.322773 -0.259874 5.334544
v -7.322773 0.259874 5.334544
v -7.367673 -0.259874 5.334544
v -7.367673 0.259874 5.334544
v -6.899167 -0.259874 3.893996
v -6.899167 0.259874 3.893996
v -6.381156 -0.259874 2.583357
v -6.381156 0.259874 2.583357
v -5.816541 -0.259874 1.395030
v -5.816541 0.259874 1.395030
v -5.208215 -0.259874 0.321416
v -5.208215 0.259874 0.321416
v -4.559074 -0.259874 -0.645083
v -4.559074 0.259874 -0.645083
v -3.872015 -0.259874 -1.512065
v -3.872015 0.259874 -1.512065
v -3.149930 -0.259874 -2.287127
v -3.149930 0.259874 -2.287127
v -2.395716 -0.259874 -2.977868
v -2.395716 0.259874 -2.977868
v -1.612267 -0.259874 -3.591884
v -1.612267 0.259874 -3.591884
v -0.802480 -0.259874 -4.136775
v -0.802480 0.259874 -4.136775
v 0.030753 -0.259874 -4.620138
v 0.030753 0.259874 -4.620138
v 0.884535 -0.259874 -5.049570
v 0.884535 0.259874 -5.049570
v 0.667162 -0.259874 -4.816252
v 0.667162 0.259874 -4.816252
v 0.465076 -0.259874 -4.592104
v 0.465076 0.259874 -4.592104
v 0.278501 -0.259874 -4.377261
v 0.278501 0.259874 -4.377261
v 0.107661 -0.259874 -4.171857
v 0.107661 0.259874 -4.171857
v -0.047221 -0.259874 -3.976025
v -0.047221 0.259874 -3.976025
v -0.185921 -0.259874 -3.789901
v -0.185921 0.259874 -3.789901
v -0.308215 -0.259874 -3.613617
v -0.308215 0.259874 -3.613617
v -0.413881 -0.259874 -3.447309
v -0.413881 0.259874 -3.447309
v -0.502693 -0.259874 -3.291109
v -0.502693 0.259874 -3.291109
v -0.574429 -0.259874 -3.145153
v -0.574429 0.259874 -3.145153
v -0.628865 -0.259874 -3.009574
v -0.628865 0.259874 -3.009574
v -0.665777 -0.259874 -2.884507
v -0.665777 0.259874 -2.884507
v -0.337000 -0.259874 -3.190563
v -0.337000 0.259874 -3.190563
v -0.010924 -0.259874 -3.477722
v -0.010924 0.259874 -3.477722
v 0.312554 -0.259874 -3.746701
v 0.312554 0.259874 -3.746701
v 0.633536 -0.259874 -3.998217
v 0.633536 0.259874 -3.998217
v 0.952126 -0.259874 -4.232988
v 0.952126 0.259874 -4.232988
v 1.268426 -0.259874 -4.451733
v 1.268426 0.259874 -4.451733
v 1.582538 -0.259874 -4.655168
v 1.582538 0.259874 -4.655168
v 1.894565 -0.259874 -4.844011
v 1.894565 0.259874 -4.844011
v 2.204608 -0.259874 -5.018981
v 2.204608 0.259874 -5.018981
v 2.512772 -0.259874 -5.180794
v 2.512772 0.259874 -5.180794
v 2.819158 -0.259874 -5.330167
v 2.819158 0.259874 -5.330167
v 3.123868 -0.259874 -5.467820
v 3.123868 0.259874 -5.467820
v 2.668432 -0.259874 -5.141733
v 2.668432 0.259874 -5.141733
v 2.257405 -0.259874 -4.806792
v 2.257405 0.259874 -4.806792
v 1.892663 -0.259874 -4.464117
v 1.892663 0.259874 -4.464117
v 1.576086 -0.259874 -4.114823
v 1.576086 0.259874 -4.114823
v 1.309549 -0.259874 -3.760031
v 1.309549 0.259874 -3.760031
v 1.094931 -0.259874 -3.400858
v 1.094931 0.259874 -3.400858
v 0.934108 -0.259874 -3.038422
v 0.934108 0.259874 -3.038422
v 0.828959 -0.259874 -2.673841
v 0.828959 0.259874 -2.673841
v 0.781361 -0.259874 -2.308234
v 0.781361 0.259874 -2.308234
v 0.793191 -0.259874 -1.942718
v 0.793191 0.259874 -1.942718
v 0.866328 -0.259874 -1.578412
v 0.866328 0.259874 -1.578412
v 1.002647 -0.259874 -1.216434
v 1.002647 0.259874 -1.216434
v 1.179764 -0.259874 -0.812400
v 1.179764 0.259874 -0.812400
v 1.328238 -0.259874 -0.417468
v 1.328238 0.259874 -0.417468
v 1.448032 -0.259874 -0.029227
v 1.448032 0.259874 -0.029227
v 1.539105 -0.259874 0.354731
v 1.539105 0.259874 0.354731
v 1.601418 -0.259874 0.736818
v 1.601418 0.259874 0.736818
v 1.634933 -0.259874 1.119443
v 1.634933 0.259874 1.119443
v 1.639610 -0.259874 1.505018
v 1.639610 0.259874 1.505018
v 1.615409 -0.259874 1.895949
v 1.615409 0.259874 1.895949
v 1.562291 -0.259874 2.294650
v 1.562291 0.259874 2.294650
v 1.480217 -0.259874 2.703529
v 1.480217 0.259874 2.703529
v 1.369148 -0.259874 3.124998
v 1.369148 0.259874 3.124998
v 1.229044 -0.259874 3.561465
v 1.229044 0.259874 3.561465
v 1.642735 -0.259874 3.472217
v 1.642735 0.259874 3.472217
v 2.045986 -0.259874 3.367311
v 2.045986 0.259874 3.367311
v 2.438696 -0.259874 3.246599
v 2.438696 0.259874 3.246599
v 2.820769 -0.259874 3.109931
v 2.820769 0.259874 3.109931
v 3.192102 -0.259874 2.957158
v 3.192102 0.259874 2.957158
v 3.552599 -0.259874 2.788132
v 3.552599 0.259874 2.788132
v 3.902159 -0.259874 2.602704
v 3.902159 0.259874 2.602704
v 4.240683 -0.259874 2.400725
v 4.240683 0.259874 2.400725
v 4.568071 -0.259874 2.182046
v 4.568071 0.259874 2.182046
v 4.884224 -0.259874 1.946519
v 4.884224 0.259874 1.946519
v 5.189044 -0.259874 1.693995
v 5.189044 0.259874 1.693995
v 5.482430 -0.259874 1.424325
v 5.482430 0.259874 1.424325
vn -0.0000 1.0000 -0.0000
vn -0.0000 -1.0000 -0.0000
vn -0.7196 -0.0000 -0.6944
vn -0.7482 -0.0000 -0.6634
vn -0.7824 -0.0000 -0.6228
vn -0.8223 -0.0000 -0.5690
vn -0.8672 -0.0000 -0.4979
vn -0.9148 -0.0000 -0.4038
vn -0.9597 -0.0000 -0.2811
vn -0.9920 -0.0000 -0.1266
vn -0.9984 -0.0000 0.0558
vn -0.9680 -0.0000 0.2510
vn -0.8997 -0.0000 0.4365
vn -0.7928 -0.0000 0.6094
vn -0.6388 -0.0000 0.7694
vn -0.4615 -0.0000 0.8872
vn -0.2993 -0.0000 0.9542
vn -0.1630 -0.0000 0.9866
vn -0.0522 -0.0000 0.9986
vn 0.0374 -0.0000 0.9993
vn 0.1108 -0.0000 0.9938
vn 0.1721 -0.0000 0.9851
vn 0.2244 -0.0000 0.9745
vn 0.2701 -0.0000 0.9628
vn 0.3112 -0.0000 0.9503
vn -0.9131 -0.0000 0.4077
vn -0.4668 -0.0000 -0.8844
vn -0.4329 -0.0000 -0.9014
vn -0.3909 -0.0000 -0.9204
vn -0.3385 -0.0000 -0.9410
vn -0.2726 -0.0000 -0.9621
vn -0.1895 -0.0000 -0.9819
vn -0.0848 -0.0000 -0.9964
vn 0.0453 -0.0000 -0.9990
vn 0.2012 -0.0000 -0.9796
vn 0.3761 -0.0000 -0.9266
vn 0.5530 -0.0000 -0.8332
vn 0.7074 -0.0000 -0.7068
vn 0.8265 -0.0000 -0.5629
vn 0.9120 -0.0000 -0.4101
vn 0.9665 -0.0000 -0.2567
vn 0.9938 -0.0000 -0.1107
vn 0.9997 -0.0000 0.0234
vn 0.9895 -0.0000 0.1444
vn 0.9676 -0.0000 0.2526
vn 0.9371 -0.0000 0.3491
vn 0.9003 -0.0000 0.4353
vn 0.8587 -0.0000 0.5124
vn 0.8134 -0.0000 0.5817
vn 0.7640 -0.0000 0.6452
vn 0.7080 -0.0000 0.7062
vn 0.6441 -0.0000 0.7649
vn 0.5739 -0.0000 0.8189
vn 0.4993 -0.0000 0.8664
vn 0.4226 -0.0000 0.9063
vn 0.3460 -0.0000 0.9382
vn 0.2716 -0.0000 0.9624
vn 0.2008 -0.0000 0.9796
vn 0.1347 -0.0000 0.9909
vn 0.0739 -0.0000 0.9973
vn 0.0185 -0.0000 0.9998
vn -0.9818 -0.0000 0.1900
vn -0.4450 -0.0000 -0.8956
vn -0.5732 -0.0000 -0.8194
vn -0.6971 -0.0000 -0.7170
vn -0.8055 -0.0000 -0.5925
vn -0.8901 -0.0000 -0.4558
vn -0.9479 -0.0000 -0.3185
vn -0.9818 -0.0000 -0.1901
vn -0.9971 -0.0000 -0.0761
vn -0.9998 -0.0000 0.0220
vn -0.9945 -0.0000 0.1049
vn -0.9846 -0.0000 0.1745
vn -0.2306 -0.0000 0.9731
vn 0.7906 -0.0000 0.6124
vn 0.8084 -0.0000 0.5887
vn 0.8275 -0.0000 0.5615
vn 0.8479 -0.0000 0.5302
vn 0.8695 -0.0000 0.4939
vn 0.8922 -0.0000 0.4517
vn 0.9155 -0.0000 0.4023
vn 0.9388 -0.0000 0.3445
vn 0.9609 -0.0000 0.2769
vn 0.9802 -0.0000 0.1981
vn 0.9942 -0.0000 0.1071
vn 0.6862 -0.0000 0.7275
vn -0.0000 -0.0000 1.0000
vn -0.8091 -0.0000 0.5877
vn -0.9409 -0.0000 -0.3386
vn -0.9171 -0.0000 -0.3986
vn -0.8872 -0.0000 -0.4614
vn -0.8507 -0.0000 -0.5256
vn -0.8076 -0.0000 -0.5898
vn -0.7583 -0.0000 -0.6519
vn -0.7041 -0.0000 -0.7101
vn -0.6466 -0.0000 -0.7628
vn -0.5879 -0.0000 -0.8089
vn -0.5303 -0.0000 -0.8478
vn -0.4758 -0.0000 -0.8796
vn 0.8001 -0.0000 -0.5999
vn 0.7372 -0.0000 0.6757
vn 0.7489 -0.0000 0.6627
vn 0.7620 -0.0000 0.6476
vn 0.7766 -0.0000 0.6299
vn 0.7932 -0.0000 0.6090
vn 0.8119 -0.0000 0.5839
vn 0.8330 -0.0000 0.5533
vn 0.8569 -0.0000 0.5154
vn 0.8838 -0.0000 0.4679
vn 0.9134 -0.0000 0.4071
vn 0.9446 -0.0000 0.3282
vn 0.5262 -0.0000 -0.8504
vn -0.6712 -0.0000 -0.7413
vn -0.6502 -0.0000 -0.7598
vn -0.6281 -0.0000 -0.7781
vn -0.6051 -0.0000 -0.7962
vn -0.5811 -0.0000 -0.8138
vn -0.5563 -0.0000 -0.8310
vn -0.5307 -0.0000 -0.8475
vn -0.5047 -0.0000 -0.8633
vn -0.4782 -0.0000 -0.8782
vn -0.4516 -0.0000 -0.8922
vn -0.4250 -0.0000 -0.9052
vn 0.8664 -0.0000 -0.4993
vn 0.6072 -0.0000 0.7945
vn 0.6586 -0.0000 0.7525
vn 0.7134 -0.0000 0.7007
vn 0.7711 -0.0000 0.6368
vn 0.8301 -0.0000 0.5576
vn 0.8879 -0.0000 0.4601
vn 0.9396 -0.0000 0.3422
vn 0.9790 -0.0000 0.2037
vn 0.9988 -0.0000 0.0485
vn 0.9934 -0.0000 -0.1150
vn 0.9613 -0.0000 -0.2755
vn 0.9262 -0.0000 -0.3771
vn 0.9263 -0.0000 -0.3768
vn 0.9462 -0.0000 -0.3235
vn 0.9648 -0.0000 -0.2630
vn 0.9806 -0.0000 -0.1960
vn 0.9923 -0.0000 -0.1242
vn 0.9988 -0.0000 -0.0497
vn 0.9997 -0.0000 0.0248
vn 0.9953 -0.0000 0.0970
vn 0.9864 -0.0000 0.1645
vn 0.9741 -0.0000 0.2259
vn 0.9599 -0.0000 0.2803
vn 0.7409 -0.0000 -0.6716
vn -0.2314 -0.0000 -0.9729
vn -0.2729 -0.0000 -0.9621
vn -0.3154 -0.0000 -0.9490
vn -0.3587 -0.0000 -0.9334
vn -0.4026 -0.0000 -0.9154
vn -0.4467 -0.0000 -0.8947
vn -0.4906 -0.0000 -0.8714
vn -0.5341 -0.0000 -0.8454
vn -0.5766 -0.0000 -0.8170
vn -0.6179 -0.0000 -0.7863
vn -0.6576 -0.0000 -0.7534
vn -0.6918 -0.0000 -0.7221
vt 0.341317 0.000000
vt 0.353293 0.000000
vt 0.347305 0.000000
vt 0.359281 0.000000
vt 0.491018 0.000000
vt 0.502994 0.000000
vt 0.497006 0.000000
vt 0.508982 0.000000
vt 0.514970 0.000000
vt 0.520958 0.000000
vt 0.526946 0.000000
vt 0.532934 0.000000
vt 0.538922 0.000000
vt 0.544910 0.000000
vt 0.550898 0.000000
vt 0.556886 0.000000
vt 0.562874 0.000000
vt 0.568862 0.000000
vt 0.574850 0.000000
vt 0.335329 0.000000
vt 0.329341 0.000000
vt 0.365269 0.000000
vt 0.323353 0.000000
vt 0.485030 0.000000
vt 0.371257 0.000000
vt 0.317365 0.000000
vt 0.311377 0.000000
vt 0.377246 0.000000
vt 0.479042 0.000000
vt 0.305389 0.000000
vt 0.383234 0.000000
vt 0.580838 0.000000
vt 0.473054 0.000000
vt 0.299401 0.000000
vt 0.928144 0.000000
vt 0.934132 0.000000
vt 0.922156 0.000000
vt 0.940120 0.000000
vt 0.389222 0.000000
vt 0.946108 0.000000
vt 0.467066 0.000000
vt 0.293413 0.000000
vt 0.952096 0.000000
vt 0.916168 0.000000
vt 0.958084 0.000000
vt 0.964072 0.000000
vt 0.395210 0.000000
vt 0.287425 0.000000
vt 0.970060 0.000000
vt 0.461078 0.000000
vt 0.910180 0.000000
vt 0.976048 0.000000
vt 0.586826 0.000000
vt 0.982036 0.000000
vt 0.904192 0.000000
vt 0.281437 0.000000
vt 0.401198 0.000000
vt 0.455090 0.000000
vt 0.988024 0.000000
vt 0.994012 0.000000
vt 0.898204 0.000000
vt 0.275449 0.000000
vt 1.000000 0.000000
vt 0.449102 0.000000
vt 0.407186 0.000000
vt 0.892216 0.000000
vt 0.269461 0.000000
vt 0.000000 0.000000
vt 0.592814 0.000000
vt 0.005988 0.000000
vt 0.263473 0.000000
vt 0.011976 0.000000
vt 0.886228 0.000000
vt 0.257485 0.000000
vt 0.443114 0.000000
vt 0.017964 0.000000
vt 0.413174 0.000000
vt 0.023952 0.000000
vt 0.251497 0.000000
vt 0.880240 0.000000
vt 0.029940 0.000000
vt 0.035928 0.000000
vt 0.245509 0.000000
vt 0.041916 0.000000
vt 0.874251 0.000000
vt 0.437126 0.000000
vt 0.598802 0.000000
vt 0.239521 0.000000
vt 0.047904 0.000000
vt 0.053892 0.000000
vt 0.233533 0.000000
vt 0.419162 0.000000
vt 0.059880 0.000000
vt 0.868263 0.000000
vt 0.227545 0.000000
vt 0.065868 0.000000
vt 0.131737 0.000000
vt 0.143713 0.000000
vt 0.137725 0.000000
vt 0.071856 0.000000
vt 0.431138 0.000000
vt 0.221557 0.000000
vt 0.125749 0.000000
vt 0.862275 0.000000
vt 0.077844 0.000000
vt 0.149701 0.000000
vt 0.119760 0.000000
vt 0.215569 0.000000
vt 0.083832 0.000000
vt 0.113772 0.000000
vt 0.089820 0.000000
vt 0.107784 0.000000
vt 0.604790 0.000000
vt 0.209581 0.000000
vt 0.155689 0.000000
vt 0.095808 0.000000
vt 0.101796 0.000000
vt 0.425150 0.000000
vt 0.203593 0.000000
vt 0.856287 0.000000
vt 0.161677 0.000000
vt 0.197605 0.000000
vt 0.167665 0.000000
vt 0.173653 0.000000
vt 0.191617 0.000000
vt 0.850299 0.000000
vt 0.179641 0.000000
vt 0.185629 0.000000
vt 0.610778 0.000000
vt 0.844311 0.000000
vt 0.838323 0.000000
vt 0.616766 0.000000
vt 0.832335 0.000000
vt 0.826347 0.000000
vt 0.712575 0.000000
vt 0.718563 0.000000
vt 0.706587 0.000000
vt 0.622755 0.000000
vt 0.700599 0.000000
vt 0.820359 0.000000
vt 0.694611 0.000000
vt 0.724551 0.000000
vt 0.688623 0.000000
vt 0.814371 0.000000
vt 0.682635 0.000000
vt 0.730539 0.000000
vt 0.628743 0.000000
vt 0.676647 0.000000
vt 0.736527 0.000000
vt 0.808383 0.000000
vt 0.670659 0.000000
vt 0.664671 0.000000
vt 0.742515 0.000000
vt 0.802395 0.000000
vt 0.634731 0.000000
vt 0.658683 0.000000
vt 0.748503 0.000000
vt 0.652695 0.000000
vt 0.754491 0.000000
vt 0.796407 0.000000
vt 0.646707 0.000000
vt 0.640719 0.000000
vt 0.760479 0.000000
vt 0.790419 0.000000
vt 0.766467 0.000000
vt 0.772455 0.000000
vt 0.784431 0.000000
vt 0.778443 0.000000
vt 0.000000 1.000000
vt 0.005952 1.000000
vt 0.005952 0.000000
vt 0.011905 1.000000
vt 0.011905 0.000000
vt 0.017857 1.000000
vt 0.017857 0.000000
vt 0.023810 1.000000
vt 0.023810 0.000000
vt 0.029762 1.000000
vt 0.029762 0.000000
vt 0.035714 1.000000
vt 0.035714 0.000000
vt 0.041667 1.000000
vt 0.041667 0.000000
vt 0.047619 1.000000
vt 0.047619 0.000000
vt 0.053571 1.000000
vt 0.053571 0.000000
vt 0.059524 1.000000
vt 0.059524 0.000000
vt 0.065476 1.000000
vt 0.065476 0.000000
vt 0.071429 1.000000
vt 0.071429 0.000000
vt 0.077381 1.000000
vt 0.077381 0.000000
vt 0.083333 1.000000
vt 0.083333 0.000000
vt 0.089286 1.000000
vt 0.089286 0.000000
vt 0.095238 1.000000
vt 0.095238 0.000000
vt 0.101190 1.000000
vt 0.101190 0.000000
vt 0.107143 1.000000
vt 0.107143 0.000000
vt 0.113095 1.000000
vt 0.113095 0.000000
vt 0.119048 1.000000
vt 0.119048 0.000000
vt 0.125000 1.000000
vt 0.125000 0.000000
vt 0.130952 1.000000
vt 0.130952 0.000000
vt 0.136905 1.000000
vt 0.136905 0.000000
vt 0.142857 1.000000
vt 0.142857 0.000000
vt 0.148810 1.000000
vt 0.148810 0.000000
vt 0.154762 1.000000
vt 0.154762 0.000000
vt 0.160714 1.000000
vt 0.160714 0.000000
vt 0.166667 1.000000
vt 0.166667 0.000000
vt 0.172619 1.000000
vt 0.172619 0.000000
vt 0.178571 1.000000
vt 0.178571 0.000000
vt 0.184524 1.000000
vt 0.184524 0.000000
vt 0.190476 1.000000
vt 0.190476 0.000000
vt 0.196429 1.000000
vt 0.196429 0.000000
vt 0.202381 1.000000
vt 0.202381 0.000000
vt 0.208333 1.000000
vt 0.208333 0.000000
vt 0.214286 1.000000
vt 0.214286 0.000000
vt 0.220238 1.000000
vt 0.220238 0.000000
vt 0.226190 1.000000
vt 0.226190 0.000000
vt 0.232143 1.000000
vt 0.232143 0.000000
vt 0.238095 1.000000
vt 0.238095 0.000000
vt 0.244048 1.000000
vt 0.244048 0.000000
vt 0.250000 1.000000
vt 0.250000 0.000000
vt 0.255952 1.000000
vt 0.255952 0.000000
vt 0.261905 1.000000
vt 0.261905 0.000000
vt 0.267857 1.000000
vt 0.267857 0.000000
vt 0.273810 1.000000
vt 0.273810 0.000000
vt 0.279762 1.000000
vt 0.279762 0.000000
vt 0.285714 1.000000
vt 0.285714 0.000000
vt 0.291667 1.000000
vt 0.291667 0.000000
vt 0.297619 1.000000
vt 0.297619 0.000000
vt 0.303571 1.000000
vt 0.303571 0.000000
vt 0.309524 1.000000
vt 0.309524 0.000000
vt 0.315476 1.000000
vt 0.315476 0.000000
vt 0.321429 1.000000
vt 0.321429 0.000000
vt 0.327381 1.000000
vt 0.327381 0.000000
vt 0.333333 1.000000
vt 0.333333 0.000000
vt 0.339286 1.000000
vt 0.339286 0.000000
vt 0.345238 1.000000
vt 0.345238 0.000000
vt 0.351190 1.000000
vt 0.351190 0.000000
vt 0.357143 1.000000
vt 0.357143 0.000000
vt 0.363095 1.000000
vt 0.363095 0.000000
vt 0.369048 1.000000
vt 0.369048 0.000000
vt 0.375000 1.000000
vt 0.375000 0.000000
vt 0.380952 1.000000
vt 0.380952 0.000000
vt 0.386905 1.000000
vt 0.386905 0.000000
vt 0.392857 1.000000
vt 0.392857 0.000000
vt 0.398810 1.000000
vt 0.398810 0.000000
vt 0.404762 1.000000
vt 0.404762 0.000000
vt 0.410714 1.000000
vt 0.410714 0.000000
vt 0.416667 1.000000
vt 0.416667 0.000000
vt 0.422619 1.000000
vt 0.422619 0.000000
vt 0.428571 1.000000
vt 0.428571 0.000000
vt 0.434524 1.000000
vt 0.434524 0.000000
vt 0.440476 1.000000
vt 0.440476 0.000000
vt 0.446429 1.000000
vt 0.446429 0.000000
vt 0.452381 1.000000
vt 0.452381 0.000000
vt 0.458333 1.000000
vt 0.458333 0.000000
vt 0.464286 1.000000
vt 0.464286 0.000000
vt 0.470238 1.000000
vt 0.470238 0.000000
vt 0.476190 1.000000
vt 0.476190 0.000000
vt 0.482143 1.000000
vt 0.482143 0.000000
vt 0.488095 1.000000
vt 0.488095 0.000000
vt 0.494048 1.000000
vt 0.494048 0.000000
vt 0.500000 1.000000
vt 0.500000 0.000000
vt 0.505952 1.000000
vt 0.505952 0.000000
vt 0.511905 1.000000
vt 0.511905 0.000000
vt 0.517857 1.000000
vt 0.517857 0.000000
vt 0.523810 1.000000
vt 0.523810 0.000000
vt 0.529762 1.000000
vt 0.529762 0.000000
vt 0.535714 1.000000
vt 0.535714 0.000000
vt 0.541667 1.000000
vt 0.541667 0.000000
vt 0.547619 1.000000
vt 0.547619 0.000000
vt 0.553571 1.000000
vt 0.553571 0.000000
vt 0.559524 1.000000
vt 0.559524 0.000000
vt 0.565476 1.000000
vt 0.565476 0.000000
vt 0.571429 1.000000
vt 0.571429 0.000000
vt 0.577381 1.000000
vt 0.577381 0.000000
vt 0.583333 1.000000
vt 0.583333 0.000000
vt 0.589286 1.000000
vt 0.589286 0.000000
vt 0.595238 1.000000
vt 0.595238 0.000000
vt 0.601190 1.000000
vt 0.601190 0.000000
vt 0.607143 1.000000
vt 0.607143 0.000000
vt 0.613095 1.000000
vt 0.613095 0.000000
vt 0.619048 1.000000
vt 0.619048 0.000000
vt 0.625000 1.000000
vt 0.625000 0.000000
vt 0.630952 1.000000
vt 0.630952 0.000000
vt 0.636905 1.000000
vt 0.636905 0.000000
vt 0.642857 1.000000
vt 0.642857 0.000000
vt 0.648810 1.000000
vt 0.648810 0.000000
vt 0.654762 1.000000
vt 0.654762 0.000000
vt 0.660714 1.000000
vt 0.660714 0.000000
vt 0.666667 1.000000
vt 0.666667 0.000000
vt 0.672619 1.000000
vt 0.672619 0.000000
vt 0.678571 1.000000
vt 0.678571 0.000000
vt 0.684524 1.000000
vt 0.684524 0.000000
vt 0.690476 1.000000
vt 0.690476 0.000000
vt 0.696429 1.000000
vt 0.696429 0.000000
vt 0.702381 1.000000
vt 0.702381 0.000000
vt 0.708333 1.000000
vt 0.708333 0.000000
vt 0.714286 1.000000
vt 0.714286 0.000000
vt 0.720238 1.000000
vt 0.720238 0.000000
vt 0.726190 1.000000
vt 0.726190 0.000000
vt 0.732143 1.000000
vt 0.732143 0.000000
vt 0.738095 1.000000
vt 0.738095 0.000000
vt 0.744048 1.000000
vt 0.744048 0.000000
vt 0.750000 1.000000
vt 0.750000 0.000000
vt 0.755952 1.000000
vt 0.755952 0.000000
vt 0.761905 1.000000
vt 0.761905 0.000000
vt 0.767857 1.000000
vt 0.767857 0.000000
vt 0.773810 1.000000
vt 0.773810 0.000000
vt 0.779762 1.000000
vt 0.779762 0.000000
vt 0.785714 1.000000
vt 0.785714 0.000000
vt 0.791667 1.000000
vt 0.791667 0.000000
vt 0.797619 1.000000
vt 0.797619 0.000000
vt 0.803571 1.000000
vt 0.803571 0.000000
vt 0.809524 1.000000
vt 0.809524 0.000000
vt 0.815476 1.000000
vt 0.815476 0.000000
vt 0.821429 1.000000
vt 0.821429 0.000000
vt 0.827381 1.000000
vt 0.827381 0.000000
vt 0.833333 1.000000
vt 0.833333 0.000000
vt 0.839286 1.000000
vt 0.839286 0.000000
vt 0.845238 1.000000
vt 0.845238 0.000000
vt 0.851190 1.000000
vt 0.851190 0.000000
vt 0.857143 1.000000
vt 0.857143 0.000000
vt 0.863095 1.000000
vt 0.863095 0.000000
vt 0.869048 1.000000
vt 0.869048 0.000000
vt 0.875000 1.000000
vt 0.875000 0.000000
vt 0.880952 1.000000
vt 0.880952 0.000000
vt 0.886905 1.000000
vt 0.886905 0.000000
vt 0.892857 1.000000
vt 0.892857 0.000000
vt 0.898810 1.000000
vt 0.898810 0.000000
vt 0.904762 1.000000
vt 0.904762 0.000000
vt 0.910714 1.000000
vt 0.910714 0.000000
vt 0.916667 1.000000
vt 0.916667 0.000000
vt 0.922619 1.000000
vt 0.922619 0.000000
vt 0.928571 1.000000
vt 0.928571 0.000000
vt 0.934524 1.000000
vt 0.934524 0.000000
vt 0.940476 1.000000
vt 0.940476 0.000000
vt 0.946429 1.000000
vt 0.946429 0.000000
vt 0.952381 1.000000
vt 0.952381 0.000000
vt 0.958333 1.000000
vt 0.958333 0.000000
vt 0.964286 1.000000
vt 0.964286 0.000000
vt 0.970238 1.000000
vt 0.970238 0.000000
vt 0.976190 1.000000
vt 0.976190 0.000000
vt 0.982143 1.000000
vt 0.982143 0.000000
vt 0.988095 1.000000
vt 0.988095 0.000000
vt 0.994048 1.000000
vt 0.994048 0.000000
vt 1.000000 1.000000
s 0
usemtl SVGMat.010
f 730/505/161 732/506/161 731/507/161
f 730/505/161 733/508/161 732/506/161
f 755/509/161 757/510/161 756/511/161
f 755/509/161 758/512/161 757/510/161
f 755/509/161 759/513/161 758/512/161
f 755/509/161 760/514/161 759/513/161
f 755/509/161 761/515/161 760/514/161
f 755/509/161 762/516/161 761/515/161
f 755/509/161 763/517/161 762/516/161
f 755/509/161 764/518/161 763/517/161
f 755/509/161 765/519/161 764/518/161
f 755/509/161 766/520/161 765/519/161
f 755/509/161 767/521/161 766/520/161
f 755/509/161 768/522/161 767/521/161
f 755/509/161 769/523/161 768/522/161
f 729/524/161 733/508/161 730/505/161
f 728/525/161 733/508/161 729/524/161
f 728/525/161 734/526/161 733/508/161
f 727/527/161 734/526/161 728/525/161
f 754/528/161 769/523/161 755/509/161
f 727/527/161 735/529/161 734/526/161
f 726/530/161 735/529/161 727/527/161
f 725/531/161 735/529/161 726/530/161
f 725/531/161 736/532/161 735/529/161
f 753/533/161 769/523/161 754/528/161
f 724/534/161 736/532/161 725/531/161
f 724/534/161 737/535/161 736/532/161
f 753/533/161 770/536/161 769/523/161
f 752/537/161 770/536/161 753/533/161
f 723/538/161 828/539/161 724/534/161
f 828/539/161 737/535/161 724/534/161
f 723/538/161 829/540/161 828/539/161
f 827/541/161 737/535/161 828/539/161
f 723/538/161 830/542/161 829/540/161
f 827/541/161 738/543/161 737/535/161
f 723/538/161 831/544/161 830/542/161
f 751/545/161 770/536/161 752/537/161
f 722/546/161 831/544/161 723/538/161
f 722/546/161 832/547/161 831/544/161
f 826/548/161 738/543/161 827/541/161
f 722/546/161 833/549/161 832/547/161
f 722/546/161 834/550/161 833/549/161
f 826/548/161 739/551/161 738/543/161
f 721/552/161 834/550/161 722/546/161
f 721/552/161 835/553/161 834/550/161
f 750/554/161 770/536/161 751/545/161
f 825/555/161 739/551/161 826/548/161
f 721/552/161 836/556/161 835/553/161
f 750/554/161 771/557/161 770/536/161
f 721/552/161 837/558/161 836/556/161
f 824/559/161 739/551/161 825/555/161
f 720/560/161 837/558/161 721/552/161
f 824/559/161 740/561/161 739/551/161
f 749/562/161 771/557/161 750/554/161
f 720/560/161 838/563/161 837/558/161
f 720/560/161 839/564/161 838/563/161
f 823/565/161 740/561/161 824/559/161
f 719/566/161 839/564/161 720/560/161
f 719/566/161 840/567/161 839/564/161
f 748/568/161 771/557/161 749/562/161
f 823/565/161 741/569/161 740/561/161
f 822/570/161 741/569/161 823/565/161
f 718/571/161 840/567/161 719/566/161
f 718/571/161 673/572/161 840/567/161
f 748/568/161 772/573/161 771/557/161
f 718/571/161 674/574/161 673/572/161
f 717/575/161 674/574/161 718/571/161
f 717/575/161 675/576/161 674/574/161
f 821/577/161 741/569/161 822/570/161
f 716/578/161 675/576/161 717/575/161
f 747/579/161 772/573/161 748/568/161
f 716/578/161 676/580/161 675/576/161
f 821/577/161 742/581/161 741/569/161
f 716/578/161 677/582/161 676/580/161
f 715/583/161 677/582/161 716/578/161
f 820/584/161 742/581/161 821/577/161
f 715/583/161 678/585/161 677/582/161
f 715/583/161 679/586/161 678/585/161
f 714/587/161 679/586/161 715/583/161
f 714/587/161 680/588/161 679/586/161
f 819/589/161 742/581/161 820/584/161
f 746/590/161 772/573/161 747/579/161
f 746/590/161 773/591/161 772/573/161
f 713/592/161 680/588/161 714/587/161
f 713/592/161 681/593/161 680/588/161
f 713/592/161 682/594/161 681/593/161
f 712/595/161 682/594/161 713/592/161
f 819/589/161 743/596/161 742/581/161
f 712/595/161 683/597/161 682/594/161
f 818/598/161 743/596/161 819/589/161
f 711/599/161 683/597/161 712/595/161
f 711/599/161 684/600/161 683/597/161
f 695/601/161 697/602/161 696/603/161
f 711/599/161 685/604/161 684/600/161
f 745/605/161 773/591/161 746/590/161
f 710/606/161 685/604/161 711/599/161
f 694/607/161 697/602/161 695/601/161
f 817/608/161 743/596/161 818/598/161
f 710/606/161 686/609/161 685/604/161
f 694/607/161 698/610/161 697/602/161
f 693/611/161 698/610/161 694/607/161
f 709/612/161 686/609/161 710/606/161
f 709/612/161 687/613/161 686/609/161
f 692/614/161 698/610/161 693/611/161
f 709/612/161 688/615/161 687/613/161
f 691/616/161 698/610/161 692/614/161
f 745/605/161 774/617/161 773/591/161
f 708/618/161 688/615/161 709/612/161
f 691/616/161 699/619/161 698/610/161
f 708/618/161 689/620/161 688/615/161
f 690/621/161 699/619/161 691/616/161
f 708/618/161 690/621/161 689/620/161
f 708/618/161 699/619/161 690/621/161
f 817/608/161 744/622/161 743/596/161
f 707/623/161 699/619/161 708/618/161
f 816/624/161 744/622/161 817/608/161
f 707/623/161 700/625/161 699/619/161
f 744/622/161 774/617/161 745/605/161
f 706/626/161 700/625/161 707/623/161
f 706/626/161 701/627/161 700/625/161
f 706/626/161 702/628/161 701/627/161
f 705/629/161 702/628/161 706/626/161
f 815/630/161 744/622/161 816/624/161
f 705/629/161 703/631/161 702/628/161
f 704/632/161 703/631/161 705/629/161
f 744/622/161 775/633/161 774/617/161
f 814/634/161 744/622/161 815/630/161
f 814/634/161 775/633/161 744/622/161
f 813/635/161 775/633/161 814/634/161
f 813/635/161 776/636/161 775/633/161
f 812/637/161 776/636/161 813/635/161
f 811/638/161 792/639/161 812/637/161
f 792/639/161 776/636/161 812/637/161
f 811/638/161 793/640/161 792/639/161
f 791/641/161 776/636/161 792/639/161
f 791/641/161 777/642/161 776/636/161
f 790/643/161 777/642/161 791/641/161
f 810/644/161 793/640/161 811/638/161
f 789/645/161 777/642/161 790/643/161
f 810/644/161 794/646/161 793/640/161
f 788/647/161 777/642/161 789/645/161
f 809/648/161 794/646/161 810/644/161
f 787/649/161 777/642/161 788/647/161
f 809/648/161 795/650/161 794/646/161
f 787/649/161 778/651/161 777/642/161
f 786/652/161 778/651/161 787/649/161
f 809/648/161 796/653/161 795/650/161
f 808/654/161 796/653/161 809/648/161
f 785/655/161 778/651/161 786/652/161
f 784/656/161 778/651/161 785/655/161
f 808/654/161 797/657/161 796/653/161
f 807/658/161 797/657/161 808/654/161
f 784/656/161 779/659/161 778/651/161
f 783/660/161 779/659/161 784/656/161
f 807/658/161 798/661/161 797/657/161
f 782/662/161 779/659/161 783/660/161
f 807/658/161 799/663/161 798/661/161
f 806/664/161 799/663/161 807/658/161
f 781/665/161 779/659/161 782/662/161
f 781/665/161 780/666/161 779/659/161
f 806/664/161 800/667/161 799/663/161
f 805/668/161 800/667/161 806/664/161
f 805/668/161 801/669/161 800/667/161
f 805/668/161 802/670/161 801/669/161
f 804/671/161 802/670/161 805/668/161
f 804/671/161 803/672/161 802/670/161
f 898/505/162 899/507/162 900/506/162
f 898/505/162 900/506/162 901/508/162
f 923/509/162 924/511/162 925/510/162
f 923/509/162 925/510/162 926/512/162
f 923/509/162 926/512/162 927/513/162
f 923/509/162 927/513/162 928/514/162
f 923/509/162 928/514/162 929/515/162
f 923/509/162 929/515/162 930/516/162
f 923/509/162 930/516/162 931/517/162
f 923/509/162 931/517/162 932/518/162
f 923/509/162 932/518/162 933/519/162
f 923/509/162 933/519/162 934/520/162
f 923/509/162 934/520/162 935/521/162
f 923/509/162 935/521/162 936/522/162
f 923/509/162 936/522/162 937/523/162
f 897/524/162 898/505/162 901/508/162
f 896/525/162 897/524/162 901/508/162
f 896/525/162 901/508/162 902/526/162
f 895/527/162 896/525/162 902/526/162
f 922/528/162 923/509/162 937/523/162
f 895/527/162 902/526/162 903/529/162
f 894/530/162 895/527/162 903/529/162
f 893/531/162 894/530/162 903/529/162
f 893/531/162 903/529/162 904/532/162
f 921/533/162 922/528/162 937/523/162
f 892/534/162 893/531/162 904/532/162
f 892/534/162 904/532/162 905/535/162
f 921/533/162 937/523/162 938/536/162
f 920/537/162 921/533/162 938/536/162
f 891/538/162 892/534/162 996/539/162
f 996/539/162 892/534/162 905/535/162
f 891/538/162 996/539/162 997/540/162
f 995/541/162 996/539/162 905/535/162
f 891/538/162 997/540/162 998/542/162
f 995/541/162 905/535/162 906/543/162
f 891/538/162 998/542/162 999/544/162
f 919/545/162 920/537/162 938/536/162
f 890/546/162 891/538/162 999/544/162
f 890/546/162 999/544/162 1000/547/162
f 994/548/162 995/541/162 906/543/162
f 890/546/162 1000/547/162 1001/549/162
f 890/546/162 1001/549/162 1002/550/162
f 994/548/162 906/543/162 907/551/162
f 889/552/162 890/546/162 1002/550/162
f 889/552/162 1002/550/162 1003/553/162
f 918/554/162 919/545/162 938/536/162
f 993/555/162 994/548/162 907/551/162
f 889/552/162 1003/553/162 1004/556/162
f 918/554/162 938/536/162 939/557/162
f 889/552/162 1004/556/162 1005/558/162
f 992/559/162 993/555/162 907/551/162
f 888/560/162 889/552/162 1005/558/162
f 992/559/162 907/551/162 908/561/162
f 917/562/162 918/554/162 939/557/162
f 888/560/162 1005/558/162 1006/563/162
f 888/560/162 1006/563/162 1007/564/162
f 991/565/162 992/559/162 908/561/162
f 887/566/162 888/560/162 1007/564/162
f 887/566/162 1007/564/162 1008/567/162
f 916/568/162 917/562/162 939/557/162
f 991/565/162 908/561/162 909/569/162
f 990/570/162 991/565/162 909/569/162
f 886/571/162 887/566/162 1008/567/162
f 886/571/162 1008/567/162 841/572/162
f 916/568/162 939/557/162 940/573/162
f 886/571/162 841/572/162 842/574/162
f 885/575/162 886/571/162 842/574/162
f 885/575/162 842/574/162 843/576/162
f 989/577/162 990/570/162 909/569/162
f 884/578/162 885/575/162 843/576/162
f 915/579/162 916/568/162 940/573/162
f 884/578/162 843/576/162 844/580/162
f 989/577/162 909/569/162 910/581/162
f 884/578/162 844/580/162 845/582/162
f 883/583/162 884/578/162 845/582/162
f 988/584/162 989/577/162 910/581/162
f 883/583/162 845/582/162 846/585/162
f 883/583/162 846/585/162 847/586/162
f 882/587/162 883/583/162 847/586/162
f 882/587/162 847/586/162 848/588/162
f 987/589/162 988/584/162 910/581/162
f 914/590/162 915/579/162 940/573/162
f 914/590/162 940/573/162 941/591/162
f 881/592/162 882/587/162 848/588/162
f 881/592/162 848/588/162 849/593/162
f 881/592/162 849/593/162 850/594/162
f 880/595/162 881/592/162 850/594/162
f 987/589/162 910/581/162 911/596/162
f 880/595/162 850/594/162 851/597/162
f 986/598/162 987/589/162 911/596/162
f 879/599/162 880/595/162 851/597/162
f 879/599/162 851/597/162 852/600/162
f 863/601/162 864/603/162 865/602/162
f 879/599/162 852/600/162 853/604/162
f 913/605/162 914/590/162 941/591/162
f 878/606/162 879/599/162 853/604/162
f 862/607/162 863/601/162 865/602/162
f 985/608/162 986/598/162 911/596/162
f 878/606/162 853/604/162 854/609/162
f 862/607/162 865/602/162 866/610/162
f 861/611/162 862/607/162 866/610/162
f 877/612/162 878/606/162 854/609/162
f 877/612/162 854/609/162 855/613/162
f 860/614/162 861/611/162 866/610/162
f 877/612/162 855/613/162 856/615/162
f 859/616/162 860/614/162 866/610/162
f 913/605/162 941/591/162 942/617/162
f 876/618/162 877/612/162 856/615/162
f 859/616/162 866/610/162 867/619/162
f 876/618/162 856/615/162 857/620/162
f 858/621/162 859/616/162 867/619/162
f 876/618/162 857/620/162 858/621/162
f 876/618/162 858/621/162 867/619/162
f 985/608/162 911/596/162 912/622/162
f 875/623/162 876/618/162 867/619/162
f 984/624/162 985/608/162 912/622/162
f 875/623/162 867/619/162 868/625/162
f 912/622/162 913/605/162 942/617/162
f 874/626/162 875/623/162 868/625/162
f 874/626/162 868/625/162 869/627/162
f 874/626/162 869/627/162 870/628/162
f 873/629/162 874/626/162 870/628/162
f 983/630/162 984/624/162 912/622/162
f 873/629/162 870/628/162 871/631/162
f 872/632/162 873/629/162 871/631/162
f 912/622/162 942/617/162 943/633/162
f 982/634/162 983/630/162 912/622/162
f 982/634/162 912/622/162 943/633/162
f 981/635/162 982/634/162 943/633/162
f 981/635/162 943/633/162 944/636/162
f 980/637/162 981/635/162 944/636/162
f 979/638/162 980/637/162 960/639/162
f 960/639/162 980/637/162 944/636/162
f 979/638/162 960/639/162 961/640/162
f 959/641/162 960/639/162 944/636/162
f 959/641/162 944/636/162 945/642/162
f 958/643/162 959/641/162 945/642/162
f 978/644/162 979/638/162 961/640/162
f 957/645/162 958/643/162 945/642/162
f 978/644/162 961/640/162 962/646/162
f 956/647/162 957/645/162 945/642/162
f 977/648/162 978/644/162 962/646/162
f 955/649/162 956/647/162 945/642/162
f 977/648/162 962/646/162 963/650/162
f 955/649/162 945/642/162 946/651/162
f 954/652/162 955/649/162 946/651/162
f 977/648/162 963/650/162 964/653/162
f 976/654/162 977/648/162 964/653/162
f 953/655/162 954/652/162 946/651/162
f 952/656/162 953/655/162 946/651/162
f 976/654/162 964/653/162 965/657/162
f 975/658/162 976/654/162 965/657/162
f 952/656/162 946/651/162 947/659/162
f 951/660/162 952/656/162 947/659/162
f 975/658/162 965/657/162 966/661/162
f 950/662/162 951/660/162 947/659/162
f 975/658/162 966/661/162 967/663/162
f 974/664/162 975/658/162 967/663/162
f 949/665/162 950/662/162 947/659/162
f 949/665/162 947/659/162 948/666/162
f 974/664/162 967/663/162 968/667/162
f 973/668/162 974/664/162 968/667/162
f 973/668/162 968/667/162 969/669/162
f 973/668/162 969/669/162 970/670/162
f 972/671/162 973/668/162 970/670/162
f 972/671/162 970/670/162 971/672/162
s 1
f 1010/673/163 1012/674/164 1011/675/164 1009/572/163
f 1012/674/164 1014/676/165 1013/677/165 1011/675/164
f 1014/676/165 1016/678/166 1015/679/166 1013/677/165
f 1016/678/166 1018/680/167 1017/681/167 1015/679/166
f 1018/680/167 1020/682/168 1019/683/168 1017/681/167
f 1020/682/168 1022/684/169 1021/685/169 1019/683/168
f 1022/684/169 1024/686/170 1023/687/170 1021/685/169
f 1024/686/170 1026/688/171 1025/689/171 1023/687/170
f 1026/688/171 1028/690/172 1027/691/172 1025/689/171
f 1028/690/172 1030/692/173 1029/693/173 1027/691/172
f 1030/692/173 1032/694/174 1031/695/174 1029/693/173
f 1032/694/174 1034/696/175 1033/697/175 1031/695/174
f 1034/696/175 1036/698/176 1035/699/176 1033/697/175
f 1036/698/176 1038/700/177 1037/701/177 1035/699/176
f 1038/700/177 1040/702/178 1039/703/178 1037/701/177
f 1040/702/178 1042/704/179 1041/705/179 1039/703/178
f 1042/704/179 1044/706/180 1043/707/180 1041/705/179
f 1044/706/180 1046/708/181 1045/709/181 1043/707/180
f 1046/708/181 1048/710/182 1047/711/182 1045/709/181
f 1048/710/182 1050/712/183 1049/713/183 1047/711/182
f 1050/712/183 1052/714/184 1051/715/184 1049/713/183
f 1052/714/184 1054/716/185 1053/717/185 1051/715/184
f 1054/716/185 1056/718/186 1055/719/186 1053/717/185
f 1056/718/186 1058/720/187 1057/721/187 1055/719/186
f 1058/720/187 1060/722/188 1059/723/188 1057/721/187
f 1060/722/188 1062/724/189 1061/725/189 1059/723/188
f 1062/724/189 1064/726/190 1063/727/190 1061/725/189
f 1064/726/190 1066/728/191 1065/729/191 1063/727/190
f 1066/728/191 1068/730/192 1067/731/192 1065/729/191
f 1068/730/192 1070/732/193 1069/733/193 1067/731/192
f 1070/732/193 1072/734/194 1071/735/194 1069/733/193
f 1072/734/194 1074/736/195 1073/737/195 1071/735/194
f 1074/736/195 1076/738/196 1075/739/196 1073/737/195
f 1076/738/196 1078/740/197 1077/741/197 1075/739/196
f 1078/740/197 1080/742/198 1079/743/198 1077/741/197
f 1080/742/198 1082/744/199 1081/745/199 1079/743/198
f 1082/744/199 1084/746/200 1083/747/200 1081/745/199
f 1084/746/200 1086/748/201 1085/749/201 1083/747/200
f 1086/748/201 1088/750/202 1087/751/202 1085/749/201
f 1088/750/202 1090/752/203 1089/753/203 1087/751/202
f 1090/752/203 1092/754/204 1091/755/204 1089/753/203
f 1092/754/204 1094/756/205 1093/757/205 1091/755/204
f 1094/756/205 1096/758/206 1095/759/206 1093/757/205
f 1096/758/206 1098/760/207 1097/761/207 1095/759/206
f 1098/760/207 1100/762/208 1099/763/208 1097/761/207
f 1100/762/208 1102/764/209 1101/765/209 1099/763/208
f 1102/764/209 1104/766/210 1103/767/210 1101/765/209
f 1104/766/210 1106/768/211 1105/769/211 1103/767/210
f 1106/768/211 1108/770/212 1107/771/212 1105/769/211
f 1108/770/212 1110/772/213 1109/773/213 1107/771/212
f 1110/772/213 1112/774/214 1111/775/214 1109/773/213
f 1112/774/214 1114/776/215 1113/777/215 1111/775/214
f 1114/776/215 1116/778/216 1115/779/216 1113/777/215
f 1116/778/216 1118/780/217 1117/781/217 1115/779/216
f 1118/780/217 1120/782/218 1119/783/218 1117/781/217
f 1120/782/218 1122/784/219 1121/785/219 1119/783/218
f 1122/784/219 1124/786/220 1123/787/220 1121/785/219
f 1124/786/220 1126/788/221 1125/789/221 1123/787/220
f 1126/788/221 1128/790/222 1127/791/222 1125/789/221
f 1128/790/222 1130/792/223 1129/793/223 1127/791/222
f 1130/792/223 1132/794/224 1131/795/224 1129/793/223
f 1132/794/224 1134/796/225 1133/797/225 1131/795/224
f 1134/796/225 1136/798/226 1135/799/226 1133/797/225
f 1136/798/226 1138/800/227 1137/801/227 1135/799/226
f 1138/800/227 1140/802/228 1139/803/228 1137/801/227
f 1140/802/228 1142/804/229 1141/805/229 1139/803/228
f 1142/804/229 1144/806/230 1143/807/230 1141/805/229
f 1144/806/230 1146/808/231 1145/809/231 1143/807/230
f 1146/808/231 1148/810/232 1147/811/232 1145/809/231
f 1148/810/232 1150/812/233 1149/813/233 1147/811/232
f 1150/812/233 1152/814/234 1151/815/234 1149/813/233
f 1152/814/234 1154/816/235 1153/817/235 1151/815/234
f 1154/816/235 1156/818/236 1155/819/236 1153/817/235
f 1156/818/236 1158/820/237 1157/821/237 1155/819/236
f 1158/820/237 1160/822/238 1159/823/238 1157/821/237
f 1160/822/238 1162/824/239 1161/825/239 1159/823/238
f 1162/824/239 1164/826/240 1163/827/240 1161/825/239
f 1164/826/240 1166/828/241 1165/829/241 1163/827/240
f 1166/828/241 1168/830/242 1167/831/242 1165/829/241
f 1168/830/242 1170/832/243 1169/833/243 1167/831/242
f 1170/832/243 1172/834/244 1171/835/244 1169/833/243
f 1172/834/244 1174/836/245 1173/837/245 1171/835/244
f 1174/836/245 1176/838/246 1175/839/246 1173/837/245
f 1176/838/246 1178/840/247 1177/841/247 1175/839/246
f 1178/840/247 1180/842/247 1179/843/247 1177/841/247
f 1180/842/247 1182/844/247 1181/845/247 1179/843/247
f 1182/844/247 1184/846/247 1183/847/247 1181/845/247
f 1184/846/247 1186/848/247 1185/849/247 1183/847/247
f 1186/848/247 1188/850/247 1187/851/247 1185/849/247
f 1188/850/247 1190/852/247 1189/853/247 1187/851/247
f 1190/852/247 1192/854/247 1191/855/247 1189/853/247
f 1192/854/247 1194/856/247 1193/857/247 1191/855/247
f 1194/856/247 1196/858/247 1195/859/247 1193/857/247
f 1196/858/247 1198/860/247 1197/861/247 1195/859/247
f 1198/860/247 1200/862/248 1199/863/248 1197/861/247
f 1200/862/248 1202/864/249 1201/865/249 1199/863/248
f 1202/864/249 1204/866/250 1203/867/250 1201/865/249
f 1204/866/250 1206/868/251 1205/869/251 1203/867/250
f 1206/868/251 1208/870/252 1207/871/252 1205/869/251
f 1208/870/252 1210/872/253 1209/873/253 1207/871/252
f 1210/872/253 1212/874/254 1211/875/254 1209/873/253
f 1212/874/254 1214/876/255 1213/877/255 1211/875/254
f 1214/876/255 1216/878/256 1215/879/256 1213/877/255
f 1216/878/256 1218/880/257 1217/881/257 1215/879/256
f 1218/880/257 1220/882/258 1219/883/258 1217/881/257
f 1220/882/258 1222/884/259 1221/885/259 1219/883/258
f 1222/884/259 1224/886/260 1223/887/260 1221/885/259
f 1224/886/260 1226/888/261 1225/889/261 1223/887/260
f 1226/888/261 1228/890/262 1227/891/262 1225/889/261
f 1228/890/262 1230/892/263 1229/893/263 1227/891/262
f 1230/892/263 1232/894/264 1231/895/264 1229/893/263
f 1232/894/264 1234/896/265 1233/897/265 1231/895/264
f 1234/896/265 1236/898/266 1235/899/266 1233/897/265
f 1236/898/266 1238/900/267 1237/901/267 1235/899/266
f 1238/900/267 1240/902/268 1239/903/268 1237/901/267
f 1240/902/268 1242/904/269 1241/905/269 1239/903/268
f 1242/904/269 1244/906/270 1243/907/270 1241/905/269
f 1244/906/270 1246/908/271 1245/909/271 1243/907/270
f 1246/908/271 1248/910/272 1247/911/272 1245/909/271
f 1248/910/272 1250/912/273 1249/913/273 1247/911/272
f 1250/912/273 1252/914/274 1251/915/274 1249/913/273
f 1252/914/274 1254/916/275 1253/917/275 1251/915/274
f 1254/916/275 1256/918/276 1255/919/276 1253/917/275
f 1256/918/276 1258/920/277 1257/921/277 1255/919/276
f 1258/920/277 1260/922/278 1259/923/278 1257/921/277
f 1260/922/278 1262/924/279 1261/925/279 1259/923/278
f 1262/924/279 1264/926/280 1263/927/280 1261/925/279
f 1264/926/280 1266/928/281 1265/929/281 1263/927/280
f 1266/928/281 1268/930/282 1267/931/282 1265/929/281
f 1268/930/282 1270/932/283 1269/933/283 1267/931/282
f 1270/932/283 1272/934/284 1271/935/284 1269/933/283
f 1272/934/284 1274/936/285 1273/937/285 1271/935/284
f 1274/936/285 1276/938/286 1275/939/286 1273/937/285
f 1276/938/286 1278/940/287 1277/941/287 1275/939/286
f 1278/940/287 1280/942/288 1279/943/288 1277/941/287
f 1280/942/288 1282/944/289 1281/945/289 1279/943/288
f 1282/944/289 1284/946/290 1283/947/290 1281/945/289
f 1284/946/290 1286/948/291 1285/949/291 1283/947/290
f 1286/948/291 1288/950/292 1287/951/292 1285/949/291
f 1288/950/292 1290/952/293 1289/953/293 1287/951/292
f 1290/952/293 1292/954/294 1291/955/294 1289/953/293
f 1292/954/294 1294/956/295 1293/957/295 1291/955/294
f 1294/956/295 1296/958/296 1295/959/296 1293/957/295
f 1296/958/296 1298/960/297 1297/961/297 1295/959/296
f 1298/960/297 1300/962/298 1299/963/298 1297/961/297
f 1300/962/298 1302/964/299 1301/965/299 1299/963/298
f 1302/964/299 1304/966/300 1303/967/300 1301/965/299
f 1304/966/300 1306/968/301 1305/969/301 1303/967/300
f 1306/968/301 1308/970/302 1307/971/302 1305/969/301
f 1308/970/302 1310/972/303 1309/973/303 1307/971/302
f 1310/972/303 1312/974/304 1311/975/304 1309/973/303
f 1312/974/304 1314/976/305 1313/977/305 1311/975/304
f 1314/976/305 1316/978/306 1315/979/306 1313/977/305
f 1316/978/306 1318/980/307 1317/981/307 1315/979/306
f 1318/980/307 1320/982/308 1319/983/308 1317/981/307
f 1320/982/308 1322/984/309 1321/985/309 1319/983/308
f 1322/984/309 1324/986/310 1323/987/310 1321/985/309
f 1324/986/310 1326/988/311 1325/989/311 1323/987/310
f 1326/988/311 1328/990/312 1327/991/312 1325/989/311
f 1328/990/312 1330/992/313 1329/993/313 1327/991/312
f 1330/992/313 1332/994/314 1331/995/314 1329/993/313
f 1332/994/314 1334/996/315 1333/997/315 1331/995/314
f 1334/996/315 1336/998/316 1335/999/316 1333/997/315
f 1336/998/316 1338/1000/317 1337/1001/317 1335/999/316
f 1338/1000/317 1340/1002/318 1339/1003/318 1337/1001/317
f 1340/1002/318 1342/1004/319 1341/1005/319 1339/1003/318
f 1342/1004/319 1344/1006/320 1343/1007/320 1341/1005/319
f 1344/1006/320 1010/1008/163 1009/567/163 1343/1007/320
