# Blender 5.2.1 LTS
# www.blender.org
mtllib Visclogocenter2.mtl
o Curve
v 1.913208 0.266096 5.464832
v 1.685642 0.266096 5.650380
v 1.469997 0.266096 5.842556
v 1.266463 0.266096 6.041312
v 1.075230 0.266096 6.246596
v 0.896489 0.266096 6.458358
v 0.730432 0.266096 6.676547
v 0.577247 0.266096 6.901113
v 0.437127 0.266096 7.132008
v 0.310261 0.266096 7.369181
v 0.196841 0.266096 7.612580
v 0.097056 0.266096 7.862157
v 0.011096 0.266096 8.117861
v -0.397614 0.266096 7.564312
v -0.732263 0.266096 7.042152
v -0.994473 0.266096 6.550693
v -1.185871 0.266096 6.089246
v -1.308080 0.266096 5.657124
v -1.362725 0.266096 5.253636
v -1.351432 0.266096 4.878094
v -1.275825 0.266096 4.529809
v -1.137527 0.266096 4.208094
v -0.938167 0.266096 3.912259
v -0.679366 0.266096 3.641615
v -0.362751 0.266096 3.395474
v -0.443682 0.266096 3.565000
v -0.503612 0.266096 3.739774
v -0.542727 0.266096 3.919753
v -0.561215 0.266096 4.104886
v -0.559262 0.266096 4.295128
v -0.537054 0.266096 4.490433
v -0.494778 0.266096 4.690755
v -0.432621 0.266096 4.896047
v -0.350767 0.266096 5.106262
v -0.249406 0.266096 5.321353
v -0.128722 0.266096 5.541275
v 0.011096 0.266096 5.765977
v 0.068717 0.266096 5.645727
v 0.130697 0.266096 5.527765
v 0.197420 0.266096 5.411788
v 0.269268 0.266096 5.297492
v 0.346625 0.266096 5.184573
v 0.429877 0.266096 5.072727
v 0.519406 0.266096 4.961650
v 0.615596 0.266096 4.851040
v 0.718831 0.266096 4.740591
v 0.829494 0.266096 4.629999
v 0.947971 0.266096 4.518960
v 1.074644 0.266096 4.407170
v 1.293958 0.266096 4.219070
v 1.513273 0.266096 4.030970
v 1.732588 0.266096 3.842870
v 1.951904 0.266096 3.654770
v 2.171220 0.266096 3.466671
v 2.390537 0.266096 3.278572
v 2.609853 0.266096 3.090472
v 2.829170 0.266096 2.902372
v 3.048488 0.266096 2.714272
v 3.267805 0.266096 2.526172
v 3.487123 0.266096 2.338072
v 3.706440 0.266096 2.149970
v 3.877893 0.266096 1.990281
v 4.036245 0.266096 1.817016
v 4.179298 0.266096 1.632759
v 4.304857 0.266096 1.440090
v 4.410725 0.266096 1.241590
v 4.494706 0.266096 1.039840
v 4.554605 0.266096 0.837423
v 4.588225 0.266096 0.636919
v 4.593370 0.266096 0.440910
v 4.567845 0.266096 0.251977
v 4.509453 0.266096 0.072702
v 4.415998 0.266096 -0.094334
v 4.533596 0.266096 -0.044492
v 4.648167 0.266096 0.015034
v 4.759599 0.266096 0.084601
v 4.867782 0.266096 0.164565
v 4.972603 0.266096 0.255282
v 5.073952 0.266096 0.357109
v 5.171717 0.266096 0.470400
v 5.265787 0.266096 0.595513
v 5.356050 0.266096 0.732803
v 5.442396 0.266096 0.882628
v 5.524713 0.266096 1.045342
v 5.602889 0.266096 1.221302
v 5.652994 0.266096 1.395051
v 5.666530 0.266096 1.578469
v 5.647922 0.266096 1.768207
v 5.601597 0.266096 1.960917
v 5.531981 0.266096 2.153248
v 5.443501 0.266096 2.341852
v 5.340581 0.266096 2.523378
v 5.227650 0.266096 2.694479
v 5.109132 0.266096 2.851803
v 4.989455 0.266096 2.992003
v 4.873043 0.266096 3.111729
v 4.764325 0.266096 3.207631
v 4.533952 0.266096 3.392120
v 4.302507 0.266096 3.577145
v 4.069920 0.266096 3.762743
v 3.836115 0.266096 3.948949
v 3.601023 0.266096 4.135799
v 3.364569 0.266096 4.323330
v 3.126682 0.266096 4.511578
v 2.887288 0.266096 4.700579
v 2.646317 0.266096 4.890369
v 2.403695 0.266096 5.080984
v 2.159349 0.266096 5.272459
v 1.913208 -0.266096 5.464832
v 1.685642 -0.266096 5.650380
v 1.469997 -0.266096 5.842556
v 1.266463 -0.266096 6.041312
v 1.075230 -0.266096 6.246596
v 0.896489 -0.266096 6.458358
v 0.730432 -0.266096 6.676547
v 0.577247 -0.266096 6.901113
v 0.437127 -0.266096 7.132008
v 0.310261 -0.266096 7.369181
v 0.196841 -0.266096 7.612580
v 0.097056 -0.266096 7.862157
v 0.011096 -0.266096 8.117861
v -0.397614 -0.266096 7.564312
v -0.732263 -0.266096 7.042152
v -0.994473 -0.266096 6.550693
v -1.185871 -0.266096 6.089246
v -1.308080 -0.266096 5.657124
v -1.362725 -0.266096 5.253636
v -1.351432 -0.266096 4.878094
v -1.275825 -0.266096 4.529809
v -1.137527 -0.266096 4.208094
v -0.938167 -0.266096 3.912259
v -0.679366 -0.266096 3.641615
v -0.362751 -0.266096 3.395474
v -0.443682 -0.266096 3.565000
v -0.503612 -0.266096 3.739774
v -0.542727 -0.266096 3.919753
v -0.561215 -0.266096 4.104886
v -0.559262 -0.266096 4.295128
v -0.537054 -0.266096 4.490433
v -0.494778 -0.266096 4.690755
v -0.432621 -0.266096 4.896047
v -0.350767 -0.266096 5.106262
v -0.249406 -0.266096 5.321353
v -0.128722 -0.266096 5.541275
v 0.011096 -0.266096 5.765977
v 0.068717 -0.266096 5.645727
v 0.130697 -0.266096 5.527765
v 0.197420 -0.266096 5.411788
v 0.269268 -0.266096 5.297492
v 0.346625 -0.266096 5.184573
v 0.429877 -0.266096 5.072727
v 0.519406 -0.266096 4.961650
v 0.615596 -0.266096 4.851040
v 0.718831 -0.266096 4.740591
v 0.829494 -0.266096 4.629999
v 0.947971 -0.266096 4.518960
v 1.074644 -0.266096 4.407170
v 1.293958 -0.266096 4.219070
v 1.513273 -0.266096 4.030970
v 1.732588 -0.266096 3.842870
v 1.951904 -0.266096 3.654770
v 2.171220 -0.266096 3.466671
v 2.390537 -0.266096 3.278572
v 2.609853 -0.266096 3.090472
v 2.829170 -0.266096 2.902372
v 3.048488 -0.266096 2.714272
v 3.267805 -0.266096 2.526172
v 3.487123 -0.266096 2.338072
v 3.706440 -0.266096 2.149970
v 3.877893 -0.266096 1.990281
v 4.036245 -0.266096 1.817016
v 4.179298 -0.266096 1.632759
v 4.304857 -0.266096 1.440090
v 4.410725 -0.266096 1.241590
v 4.494706 -0.266096 1.039840
v 4.554605 -0.266096 0.837423
v 4.588225 -0.266096 0.636919
v 4.593370 -0.266096 0.440910
v 4.567845 -0.266096 0.251977
v 4.509453 -0.266096 0.072702
v 4.415998 -0.266096 -0.094334
v 4.533596 -0.266096 -0.044492
v 4.648167 -0.266096 0.015034
v 4.759599 -0.266096 0.084601
v 4.867782 -0.266096 0.164565
v 4.972603 -0.266096 0.255282
v 5.073952 -0.266096 0.357109
v 5.171717 -0.266096 0.470400
v 5.265787 -0.266096 0.595513
v 5.356050 -0.266096 0.732803
v 5.442396 -0.266096 0.882628
v 5.524713 -0.266096 1.045342
v 5.602889 -0.266096 1.221302
v 5.652994 -0.266096 1.395051
v 5.666530 -0.266096 1.578469
v 5.647922 -0.266096 1.768207
v 5.601597 -0.266096 1.960917
v 5.531981 -0.266096 2.153248
v 5.443501 -0.266096 2.341852
v 5.340581 -0.266096 2.523378
v 5.227650 -0.266096 2.694479
v 5.109132 -0.266096 2.851803
v 4.989455 -0.266096 2.992003
v 4.873043 -0.266096 3.111729
v 4.764325 -0.266096 3.207631
v 4.533952 -0.266096 3.392120
v 4.302507 -0.266096 3.577145
v 4.069920 -0.266096 3.762743
v 3.836115 -0.266096 3.948949
v 3.601023 -0.266096 4.135799
v 3.364569 -0.266096 4.323330
v 3.126682 -0.266096 4.511578
v 2.887288 -0.266096 4.700579
v 2.646317 -0.266096 4.890369
v 2.403695 -0.266096 5.080984
v 2.159349 -0.266096 5.272459
v 1.913208 -0.266096 5.464832
v 1.913208 0.266096 5.464832
v 1.685642 -0.266096 5.650380
v 1.685642 0.266096 5.650380
v 1.469997 -0.266096 5.842556
v 1.469997 0.266096 5.842556
v 1.266463 -0.266096 6.041312
v 1.266463 0.266096 6.041312
v 1.075230 -0.266096 6.246596
v 1.075230 0.266096 6.246596
v 0.896489 -0.266096 6.458358
v 0.896489 0.266096 6.458358
v 0.730432 -0.266096 6.676547
v 0.730432 0.266096 6.676547
v 0.577247 -0.266096 6.901113
v 0.577247 0.266096 6.901113
v 0.437127 -0.266096 7.132008
v 0.437127 0.266096 7.132008
v 0.310261 -0.266096 7.369181
v 0.310261 0.266096 7.369181
v 0.196841 -0.266096 7.612580
v 0.196841 0.266096 7.612580
v 0.097056 -0.266096 7.862157
v 0.097056 0.266096 7.862157
v 0.011096 -0.266096 8.117861
v 0.011096 0.266096 8.117861
v -0.397614 -0.266096 7.564312
v -0.397614 0.266096 7.564312
v -0.732263 -0.266096 7.042152
v -0.732263 0.266096 7.042152
v -0.994473 -0.266096 6.550693
v -0.994473 0.266096 6.550693
v -1.185871 -0.266096 6.089246
v -1.185871 0.266096 6.089246
v -1.308080 -0.266096 5.657124
v -1.308080 0.266096 5.657124
v -1.362725 -0.266096 5.253636
v -1.362725 0.266096 5.253636
v -1.351432 -0.266096 4.878094
v -1.351432 0.266096 4.878094
v -1.275825 -0.266096 4.529809
v -1.275825 0.266096 4.529809
v -1.137527 -0.266096 4.208094
v -1.137527 0.266096 4.208094
v -0.938167 -0.266096 3.912259
v -0.938167 0.266096 3.912259
v -0.679366 -0.266096 3.641615
v -0.679366 0.266096 3.641615
v -0.362751 -0.266096 3.395474
v -0.362751 0.266096 3.395474
v -0.443682 -0.266096 3.565000
v -0.443682 0.266096 3.565000
v -0.503612 -0.266096 3.739774
v -0.503612 0.266096 3.739774
v -0.542727 -0.266096 3.919753
v -0.542727 0.266096 3.919753
v -0.561215 -0.266096 4.104886
v -0.561215 0.266096 4.104886
v -0.559262 -0.266096 4.295128
v -0.559262 0.266096 4.295128
v -0.537054 -0.266096 4.490433
v -0.537054 0.266096 4.490433
v -0.494778 -0.266096 4.690755
v -0.494778 0.266096 4.690755
v -0.432621 -0.266096 4.896047
v -0.432621 0.266096 4.896047
v -0.350767 -0.266096 5.106262
v -0.350767 0.266096 5.106262
v -0.249406 -0.266096 5.321353
v -0.249406 0.266096 5.321353
v -0.128722 -0.266096 5.541275
v -0.128722 0.266096 5.541275
v 0.011096 -0.266096 5.765977
v 0.011096 0.266096 5.765977
v 0.068717 -0.266096 5.645727
v 0.068717 0.266096 5.645727
v 0.130697 -0.266096 5.527765
v 0.130697 0.266096 5.527765
v 0.197420 -0.266096 5.411788
v 0.197420 0.266096 5.411788
v 0.269268 -0.266096 5.297492
v 0.269268 0.266096 5.297492
v 0.346625 -0.266096 5.184573
v 0.346625 0.266096 5.184573
v 0.429877 -0.266096 5.072727
v 0.429877 0.266096 5.072727
v 0.519406 -0.266096 4.961650
v 0.519406 0.266096 4.961650
v 0.615596 -0.266096 4.851040
v 0.615596 0.266096 4.851040
v 0.718831 -0.266096 4.740591
v 0.718831 0.266096 4.740591
v 0.829494 -0.266096 4.629999
v 0.829494 0.266096 4.629999
v 0.947971 -0.266096 4.518960
v 0.947971 0.266096 4.518960
v 1.074644 -0.266096 4.407170
v 1.074644 0.266096 4.407170
v 1.293958 -0.266096 4.219070
v 1.293958 0.266096 4.219070
v 1.513273 -0.266096 4.030970
v 1.513273 0.266096 4.030970
v 1.732588 -0.266096 3.842870
v 1.732588 0.266096 3.842870
v 1.951904 -0.266096 3.654770
v 1.951904 0.266096 3.654770
v 2.171220 -0.266096 3.466671
v 2.171220 0.266096 3.466671
v 2.390537 -0.266096 3.278572
v 2.390537 0.266096 3.278572
v 2.609853 -0.266096 3.090472
v 2.609853 0.266096 3.090472
v 2.829170 -0.266096 2.902372
v 2.829170 0.266096 2.902372
v 3.048488 -0.266096 2.714272
v 3.048488 0.266096 2.714272
v 3.267805 -0.266096 2.526172
v 3.267805 0.266096 2.526172
v 3.487123 -0.266096 2.338072
v 3.487123 0.266096 2.338072
v 3.706440 -0.266096 2.149970
v 3.706440 0.266096 2.149970
v 3.877893 -0.266096 1.990281
v 3.877893 0.266096 1.990281
v 4.036245 -0.266096 1.817016
v 4.036245 0.266096 1.817016
v 4.179298 -0.266096 1.632759
v 4.179298 0.266096 1.632759
v 4.304857 -0.266096 1.440090
v 4.304857 0.266096 1.440090
v 4.410725 -0.266096 1.241590
v 4.410725 0.266096 1.241590
v 4.494706 -0.266096 1.039840
v 4.494706 0.266096 1.039840
v 4.554605 -0.266096 0.837423
v 4.554605 0.266096 0.837423
v 4.588225 -0.266096 0.636919
v 4.588225 0.266096 0.636919
v 4.593370 -0.266096 0.440910
v 4.593370 0.266096 0.440910
v 4.567845 -0.266096 0.251977
v 4.567845 0.266096 0.251977
v 4.509453 -0.266096 0.072702
v 4.509453 0.266096 0.072702
v 4.415998 -0.266096 -0.094334
v 4.415998 0.266096 -0.094334
v 4.533596 -0.266096 -0.044492
v 4.533596 0.266096 -0.044492
v 4.648167 -0.266096 0.015034
v 4.648167 0.266096 0.015034
v 4.759599 -0.266096 0.084601
v 4.759599 0.266096 0.084601
v 4.867782 -0.266096 0.164565
v 4.867782 0.266096 0.164565
v 4.972603 -0.266096 0.255282
v 4.972603 0.266096 0.255282
v 5.073952 -0.266096 0.357109
v 5.073952 0.266096 0.357109
v 5.171717 -0.266096 0.470400
v 5.171717 0.266096 0.470400
v 5.265787 -0.266096 0.595513
v 5.265787 0.266096 0.595513
v 5.356050 -0.266096 0.732803
v 5.356050 0.266096 0.732803
v 5.442396 -0.266096 0.882628
v 5.442396 0.266096 0.882628
v 5.524713 -0.266096 1.045342
v 5.524713 0.266096 1.045342
v 5.602889 -0.266096 1.221302
v 5.602889 0.266096 1.221302
v 5.652994 -0.266096 1.395051
v 5.652994 0.266096 1.395051
v 5.666530 -0.266096 1.578469
v 5.666530 0.266096 1.578469
v 5.647922 -0.266096 1.768207
v 5.647922 0.266096 1.768207
v 5.601597 -0.266096 1.960917
v 5.601597 0.266096 1.960917
v 5.531981 -0.266096 2.153248
v 5.531981 0.266096 2.153248
v 5.443501 -0.266096 2.341852
v 5.443501 0.266096 2.341852
v 5.340581 -0.266096 2.523378
v 5.340581 0.266096 2.523378
v 5.227650 -0.266096 2.694479
v 5.227650 0.266096 2.694479
v 5.109132 -0.266096 2.851803
v 5.109132 0.266096 2.851803
v 4.989455 -0.266096 2.992003
v 4.989455 0.266096 2.992003
v 4.873043 -0.266096 3.111729
v 4.873043 0.266096 3.111729
v 4.764325 -0.266096 3.207631
v 4.764325 0.266096 3.207631
v 4.533952 -0.266096 3.392120
v 4.533952 0.266096 3.392120
v 4.302507 -0.266096 3.577145
v 4.302507 0.266096 3.577145
v 4.069920 -0.266096 3.762743
v 4.069920 0.266096 3.762743
v 3.836115 -0.266096 3.948949
v 3.836115 0.266096 3.948949
v 3.601023 -0.266096 4.135799
v 3.601023 0.266096 4.135799
v 3.364569 -0.266096 4.323330
v 3.364569 0.266096 4.323330
v 3.126682 -0.266096 4.511578
v 3.126682 0.266096 4.511578
v 2.887288 -0.266096 4.700579
v 2.887288 0.266096 4.700579
v 2.646317 -0.266096 4.890369
v 2.646317 0.266096 4.890369
v 2.403695 -0.266096 5.080984
v 2.403695 0.266096 5.080984
v 2.159349 -0.266096 5.272459
v 2.159349 0.266096 5.272459
vn -0.0000 1.0000 -0.0000
vn -0.0000 -1.0000 -0.0000
vn 0.6239 -0.0000 0.7815
vn 0.6488 -0.0000 0.7610
vn 0.6822 -0.0000 0.7312
vn 0.7154 -0.0000 0.6987
vn 0.7482 -0.0000 0.6635
vn 0.7802 -0.0000 0.6255
vn 0.8112 -0.0000 0.5848
vn 0.8408 -0.0000 0.5413
vn 0.8687 -0.0000 0.4954
vn 0.8944 -0.0000 0.4472
vn 0.9178 -0.0000 0.3970
vn 0.9386 -0.0000 0.3451
vn 0.1552 -0.0000 0.9879
vn -0.8237 -0.0000 0.5671
vn -0.8628 -0.0000 0.5056
vn -0.9040 -0.0000 0.4274
vn -0.9446 -0.0000 0.3282
vn -0.9790 -0.0000 0.2037
vn -0.9986 -0.0000 0.0523
vn -0.9926 -0.0000 -0.1216
vn -0.9524 -0.0000 -0.3049
vn -0.8778 -0.0000 -0.4790
vn -0.7788 -0.0000 -0.6272
vn -0.6701 -0.0000 -0.7423
vn 0.6270 -0.0000 -0.7790
vn 0.9257 -0.0000 0.3782
vn 0.9632 -0.0000 0.2688
vn 0.9877 -0.0000 0.1561
vn 0.9990 -0.0000 0.0446
vn 0.9981 -0.0000 -0.0617
vn 0.9871 -0.0000 -0.1599
vn 0.9687 -0.0000 -0.2484
vn 0.9452 -0.0000 -0.3266
vn 0.9188 -0.0000 -0.3948
vn 0.8911 -0.0000 -0.4539
vn 0.8632 -0.0000 -0.5049
vn -0.0549 -0.0000 -0.9985
vn -0.8937 -0.0000 -0.4487
vn -0.8762 -0.0000 -0.4820
vn -0.8569 -0.0000 -0.5155
vn -0.8360 -0.0000 -0.5488
vn -0.8137 -0.0000 -0.5812
vn -0.7905 -0.0000 -0.6124
vn -0.7667 -0.0000 -0.6420
vn -0.7427 -0.0000 -0.6696
vn -0.7188 -0.0000 -0.6952
vn -0.6954 -0.0000 -0.7186
vn -0.6728 -0.0000 -0.7398
vn -0.6564 -0.0000 -0.7544
vn -0.6510 -0.0000 -0.7591
vn -0.6664 -0.0000 -0.7456
vn -0.7104 -0.0000 -0.7038
vn -0.7646 -0.0000 -0.6445
vn -0.8145 -0.0000 -0.5801
vn -0.8609 -0.0000 -0.5088
vn -0.9038 -0.0000 -0.4279
vn -0.9424 -0.0000 -0.3345
vn -0.9744 -0.0000 -0.2250
vn -0.9954 -0.0000 -0.0960
vn -0.9985 -0.0000 0.0540
vn -0.9749 -0.0000 0.2227
vn -0.9161 -0.0000 0.4009
vn -0.7446 -0.0000 -0.6675
vn 0.4260 -0.0000 -0.9047
vn 0.4957 -0.0000 -0.8685
vn 0.5624 -0.0000 -0.8269
vn 0.6249 -0.0000 -0.7807
vn 0.6821 -0.0000 -0.7313
vn 0.7334 -0.0000 -0.6798
vn 0.7786 -0.0000 -0.6275
vn 0.8178 -0.0000 -0.5754
vn 0.8514 -0.0000 -0.5246
vn 0.8797 -0.0000 -0.4755
vn 0.9034 -0.0000 -0.4289
vn 0.9396 -0.0000 -0.3424
vn 0.9843 -0.0000 -0.1763
vn 0.9999 -0.0000 0.0120
vn 0.9861 -0.0000 0.1661
vn 0.9578 -0.0000 0.2875
vn 0.9238 -0.0000 0.3829
vn 0.8883 -0.0000 0.4593
vn 0.8527 -0.0000 0.5223
vn 0.8171 -0.0000 0.5766
vn 0.7800 -0.0000 0.6258
vn 0.7392 -0.0000 0.6735
vn 0.6897 -0.0000 0.7241
vn 0.6435 -0.0000 0.7655
vn 0.6248 -0.0000 0.7808
vn 0.6241 -0.0000 0.7814
vn 0.6234 -0.0000 0.7819
vn 0.6226 -0.0000 0.7825
vn 0.6218 -0.0000 0.7832
vn 0.6210 -0.0000 0.7838
vn 0.6201 -0.0000 0.7845
vn 0.6192 -0.0000 0.7852
vn 0.6183 -0.0000 0.7860
vn 0.6173 -0.0000 0.7867
vn 0.6163 -0.0000 0.7875
vt 0.102804 0.000000
vt 0.121495 0.000000
vt 0.112150 0.000000
vt 0.093458 0.000000
vt 0.084112 0.000000
vt 0.130841 0.000000
vt 0.074766 0.000000
vt 0.065421 0.000000
vt 0.140187 0.000000
vt 0.056075 0.000000
vt 0.046729 0.000000
vt 0.149533 0.000000
vt 0.037383 0.000000
vt 0.028037 0.000000
vt 0.158879 0.000000
vt 0.018692 0.000000
vt 0.336449 0.000000
vt 0.009346 0.000000
vt 0.345794 0.000000
vt 0.327103 0.000000
vt 0.168224 0.000000
vt 0.000000 0.000000
vt 0.355140 0.000000
vt 0.317757 0.000000
vt 0.364486 0.000000
vt 1.000000 0.000000
vt 0.373832 0.000000
vt 0.308411 0.000000
vt 0.383178 0.000000
vt 0.990654 0.000000
vt 0.177570 0.000000
vt 0.392523 0.000000
vt 0.299065 0.000000
vt 0.981308 0.000000
vt 0.401869 0.000000
vt 0.411215 0.000000
vt 0.289720 0.000000
vt 0.971963 0.000000
vt 0.186916 0.000000
vt 0.420561 0.000000
vt 0.429907 0.000000
vt 0.962617 0.000000
vt 0.280374 0.000000
vt 0.439252 0.000000
vt 0.196262 0.000000
vt 0.448598 0.000000
vt 0.953271 0.000000
vt 0.271028 0.000000
vt 0.457944 0.000000
vt 0.943925 0.000000
vt 0.261682 0.000000
vt 0.467290 0.000000
vt 0.205607 0.000000
vt 0.934579 0.000000
vt 0.252336 0.000000
vt 0.476636 0.000000
vt 0.925234 0.000000
vt 0.242991 0.000000
vt 0.214953 0.000000
vt 0.485981 0.000000
vt 0.915888 0.000000
vt 0.233645 0.000000
vt 0.495327 0.000000
vt 0.224299 0.000000
vt 0.906542 0.000000
vt 0.504673 0.000000
vt 0.897196 0.000000
vt 0.514019 0.000000
vt 0.887850 0.000000
vt 0.878505 0.000000
vt 0.523364 0.000000
vt 0.869159 0.000000
vt 0.532710 0.000000
vt 0.859813 0.000000
vt 0.542056 0.000000
vt 0.850467 0.000000
vt 0.551402 0.000000
vt 0.841121 0.000000
vt 0.831776 0.000000
vt 0.560748 0.000000
vt 0.822430 0.000000
vt 0.570093 0.000000
vt 0.579439 0.000000
vt 0.813084 0.000000
vt 0.588785 0.000000
vt 0.803738 0.000000
vt 0.598131 0.000000
vt 0.794393 0.000000
vt 0.607477 0.000000
vt 0.785047 0.000000
vt 0.616822 0.000000
vt 0.775701 0.000000
vt 0.766355 0.000000
vt 0.626168 0.000000
vt 0.757009 0.000000
vt 0.635514 0.000000
vt 0.747664 0.000000
vt 0.644860 0.000000
vt 0.738318 0.000000
vt 0.728972 0.000000
vt 0.654206 0.000000
vt 0.719626 0.000000
vt 0.710280 0.000000
vt 0.663551 0.000000
vt 0.700935 0.000000
vt 0.691589 0.000000
vt 0.672897 0.000000
vt 0.682243 0.000000
vt 0.000000 1.000000
vt 0.009259 1.000000
vt 0.009259 0.000000
vt 0.018519 1.000000
vt 0.018519 0.000000
vt 0.027778 1.000000
vt 0.027778 0.000000
vt 0.037037 1.000000
vt 0.037037 0.000000
vt 0.046296 1.000000
vt 0.046296 0.000000
vt 0.055556 1.000000
vt 0.055556 0.000000
vt 0.064815 1.000000
vt 0.064815 0.000000
vt 0.074074 1.000000
vt 0.074074 0.000000
vt 0.083333 1.000000
vt 0.083333 0.000000
vt 0.092593 1.000000
vt 0.092593 0.000000
vt 0.101852 1.000000
vt 0.101852 0.000000
vt 0.111111 1.000000
vt 0.111111 0.000000
vt 0.120370 1.000000
vt 0.120370 0.000000
vt 0.129630 1.000000
vt 0.129630 0.000000
vt 0.138889 1.000000
vt 0.138889 0.000000
vt 0.148148 1.000000
vt 0.148148 0.000000
vt 0.157407 1.000000
vt 0.157407 0.000000
vt 0.166667 1.000000
vt 0.166667 0.000000
vt 0.175926 1.000000
vt 0.175926 0.000000
vt 0.185185 1.000000
vt 0.185185 0.000000
vt 0.194444 1.000000
vt 0.194444 0.000000
vt 0.203704 1.000000
vt 0.203704 0.000000
vt 0.212963 1.000000
vt 0.212963 0.000000
vt 0.222222 1.000000
vt 0.222222 0.000000
vt 0.231481 1.000000
vt 0.231481 0.000000
vt 0.240741 1.000000
vt 0.240741 0.000000
vt 0.250000 1.000000
vt 0.250000 0.000000
vt 0.259259 1.000000
vt 0.259259 0.000000
vt 0.268519 1.000000
vt 0.268519 0.000000
vt 0.277778 1.000000
vt 0.277778 0.000000
vt 0.287037 1.000000
vt 0.287037 0.000000
vt 0.296296 1.000000
vt 0.296296 0.000000
vt 0.305556 1.000000
vt 0.305556 0.000000
vt 0.314815 1.000000
vt 0.314815 0.000000
vt 0.324074 1.000000
vt 0.324074 0.000000
vt 0.333333 1.000000
vt 0.333333 0.000000
vt 0.342593 1.000000
vt 0.342593 0.000000
vt 0.351852 1.000000
vt 0.351852 0.000000
vt 0.361111 1.000000
vt 0.361111 0.000000
vt 0.370370 1.000000
vt 0.370370 0.000000
vt 0.379630 1.000000
vt 0.379630 0.000000
vt 0.388889 1.000000
vt 0.388889 0.000000
vt 0.398148 1.000000
vt 0.398148 0.000000
vt 0.407407 1.000000
vt 0.407407 0.000000
vt 0.416667 1.000000
vt 0.416667 0.000000
vt 0.425926 1.000000
vt 0.425926 0.000000
vt 0.435185 1.000000
vt 0.435185 0.000000
vt 0.444444 1.000000
vt 0.444444 0.000000
vt 0.453704 1.000000
vt 0.453704 0.000000
vt 0.462963 1.000000
vt 0.462963 0.000000
vt 0.472222 1.000000
vt 0.472222 0.000000
vt 0.481481 1.000000
vt 0.481481 0.000000
vt 0.490741 1.000000
vt 0.490741 0.000000
vt 0.500000 1.000000
vt 0.500000 0.000000
vt 0.509259 1.000000
vt 0.509259 0.000000
vt 0.518519 1.000000
vt 0.518519 0.000000
vt 0.527778 1.000000
vt 0.527778 0.000000
vt 0.537037 1.000000
vt 0.537037 0.000000
vt 0.546296 1.000000
vt 0.546296 0.000000
vt 0.555556 1.000000
vt 0.555556 0.000000
vt 0.564815 1.000000
vt 0.564815 0.000000
vt 0.574074 1.000000
vt 0.574074 0.000000
vt 0.583333 1.000000
vt 0.583333 0.000000
vt 0.592593 1.000000
vt 0.592593 0.000000
vt 0.601852 1.000000
vt 0.601852 0.000000
vt 0.611111 1.000000
vt 0.611111 0.000000
vt 0.620370 1.000000
vt 0.620370 0.000000
vt 0.629630 1.000000
vt 0.629630 0.000000
vt 0.638889 1.000000
vt 0.638889 0.000000
vt 0.648148 1.000000
vt 0.648148 0.000000
vt 0.657407 1.000000
vt 0.657407 0.000000
vt 0.666667 1.000000
vt 0.666667 0.000000
vt 0.675926 1.000000
vt 0.675926 0.000000
vt 0.685185 1.000000
vt 0.685185 0.000000
vt 0.694444 1.000000
vt 0.694444 0.000000
vt 0.703704 1.000000
vt 0.703704 0.000000
vt 0.712963 1.000000
vt 0.712963 0.000000
vt 0.722222 1.000000
vt 0.722222 0.000000
vt 0.731481 1.000000
vt 0.731481 0.000000
vt 0.740741 1.000000
vt 0.740741 0.000000
vt 0.750000 1.000000
vt 0.750000 0.000000
vt 0.759259 1.000000
vt 0.759259 0.000000
vt 0.768519 1.000000
vt 0.768519 0.000000
vt 0.777778 1.000000
vt 0.777778 0.000000
vt 0.787037 1.000000
vt 0.787037 0.000000
vt 0.796296 1.000000
vt 0.796296 0.000000
vt 0.805556 1.000000
vt 0.805556 0.000000
vt 0.814815 1.000000
vt 0.814815 0.000000
vt 0.824074 1.000000
vt 0.824074 0.000000
vt 0.833333 1.000000
vt 0.833333 0.000000
vt 0.842593 1.000000
vt 0.842593 0.000000
vt 0.851852 1.000000
vt 0.851852 0.000000
vt 0.861111 1.000000
vt 0.861111 0.000000
vt 0.870370 1.000000
vt 0.870370 0.000000
vt 0.879630 1.000000
vt 0.879630 0.000000
vt 0.888889 1.000000
vt 0.888889 0.000000
vt 0.898148 1.000000
vt 0.898148 0.000000
vt 0.907407 1.000000
vt 0.907407 0.000000
vt 0.916667 1.000000
vt 0.916667 0.000000
vt 0.925926 1.000000
vt 0.925926 0.000000
vt 0.935185 1.000000
vt 0.935185 0.000000
vt 0.944444 1.000000
vt 0.944444 0.000000
vt 0.953704 1.000000
vt 0.953704 0.000000
vt 0.962963 1.000000
vt 0.962963 0.000000
vt 0.972222 1.000000
vt 0.972222 0.000000
vt 0.981481 1.000000
vt 0.981481 0.000000
vt 0.990741 1.000000
vt 0.990741 0.000000
vt 1.000000 1.000000
s 0
usemtl SVGMat.012
f 12/1/1 14/2/1 13/3/1
f 11/4/1 14/2/1 12/1/1
f 10/5/1 14/2/1 11/4/1
f 10/5/1 15/6/1 14/2/1
f 9/7/1 15/6/1 10/5/1
f 8/8/1 15/6/1 9/7/1
f 8/8/1 16/9/1 15/6/1
f 7/10/1 16/9/1 8/8/1
f 6/11/1 16/9/1 7/10/1
f 6/11/1 17/12/1 16/9/1
f 5/13/1 17/12/1 6/11/1
f 4/14/1 17/12/1 5/13/1
f 4/14/1 18/15/1 17/12/1
f 3/16/1 37/17/1 4/14/1
f 37/17/1 18/15/1 4/14/1
f 2/18/1 37/17/1 3/16/1
f 2/18/1 38/19/1 37/17/1
f 36/20/1 18/15/1 37/17/1
f 36/20/1 19/21/1 18/15/1
f 1/22/1 38/19/1 2/18/1
f 1/22/1 39/23/1 38/19/1
f 35/24/1 19/21/1 36/20/1
f 1/22/1 40/25/1 39/23/1
f 108/26/1 40/25/1 1/22/1
f 108/26/1 41/27/1 40/25/1
f 34/28/1 19/21/1 35/24/1
f 108/26/1 42/29/1 41/27/1
f 107/30/1 42/29/1 108/26/1
f 34/28/1 20/31/1 19/21/1
f 107/30/1 43/32/1 42/29/1
f 33/33/1 20/31/1 34/28/1
f 106/34/1 43/32/1 107/30/1
f 106/34/1 44/35/1 43/32/1
f 106/34/1 45/36/1 44/35/1
f 32/37/1 20/31/1 33/33/1
f 105/38/1 45/36/1 106/34/1
f 32/37/1 21/39/1 20/31/1
f 105/38/1 46/40/1 45/36/1
f 105/38/1 47/41/1 46/40/1
f 104/42/1 47/41/1 105/38/1
f 31/43/1 21/39/1 32/37/1
f 104/42/1 48/44/1 47/41/1
f 31/43/1 22/45/1 21/39/1
f 104/42/1 49/46/1 48/44/1
f 103/47/1 49/46/1 104/42/1
f 30/48/1 22/45/1 31/43/1
f 103/47/1 50/49/1 49/46/1
f 102/50/1 50/49/1 103/47/1
f 29/51/1 22/45/1 30/48/1
f 102/50/1 51/52/1 50/49/1
f 29/51/1 23/53/1 22/45/1
f 101/54/1 51/52/1 102/50/1
f 28/55/1 23/53/1 29/51/1
f 101/54/1 52/56/1 51/52/1
f 100/57/1 52/56/1 101/54/1
f 27/58/1 23/53/1 28/55/1
f 27/58/1 24/59/1 23/53/1
f 100/57/1 53/60/1 52/56/1
f 99/61/1 53/60/1 100/57/1
f 26/62/1 24/59/1 27/58/1
f 99/61/1 54/63/1 53/60/1
f 26/62/1 25/64/1 24/59/1
f 98/65/1 54/63/1 99/61/1
f 98/65/1 55/66/1 54/63/1
f 97/67/1 55/66/1 98/65/1
f 97/67/1 56/68/1 55/66/1
f 96/69/1 56/68/1 97/67/1
f 95/70/1 56/68/1 96/69/1
f 95/70/1 57/71/1 56/68/1
f 94/72/1 57/71/1 95/70/1
f 94/72/1 58/73/1 57/71/1
f 93/74/1 58/73/1 94/72/1
f 93/74/1 59/75/1 58/73/1
f 92/76/1 59/75/1 93/74/1
f 92/76/1 60/77/1 59/75/1
f 91/78/1 60/77/1 92/76/1
f 90/79/1 60/77/1 91/78/1
f 90/79/1 61/80/1 60/77/1
f 89/81/1 61/80/1 90/79/1
f 89/81/1 62/82/1 61/80/1
f 89/81/1 63/83/1 62/82/1
f 88/84/1 63/83/1 89/81/1
f 88/84/1 64/85/1 63/83/1
f 87/86/1 64/85/1 88/84/1
f 87/86/1 65/87/1 64/85/1
f 86/88/1 65/87/1 87/86/1
f 86/88/1 66/89/1 65/87/1
f 85/90/1 66/89/1 86/88/1
f 85/90/1 67/91/1 66/89/1
f 84/92/1 67/91/1 85/90/1
f 83/93/1 67/91/1 84/92/1
f 83/93/1 68/94/1 67/91/1
f 82/95/1 68/94/1 83/93/1
f 82/95/1 69/96/1 68/94/1
f 81/97/1 69/96/1 82/95/1
f 81/97/1 70/98/1 69/96/1
f 80/99/1 70/98/1 81/97/1
f 79/100/1 70/98/1 80/99/1
f 79/100/1 71/101/1 70/98/1
f 78/102/1 71/101/1 79/100/1
f 77/103/1 71/101/1 78/102/1
f 77/103/1 72/104/1 71/101/1
f 76/105/1 72/104/1 77/103/1
f 75/106/1 72/104/1 76/105/1
f 75/106/1 73/107/1 72/104/1
f 74/108/1 73/107/1 75/106/1
f 120/1/2 121/3/2 122/2/2
f 119/4/2 120/1/2 122/2/2
f 118/5/2 119/4/2 122/2/2
f 118/5/2 122/2/2 123/6/2
f 117/7/2 118/5/2 123/6/2
f 116/8/2 117/7/2 123/6/2
f 116/8/2 123/6/2 124/9/2
f 115/10/2 116/8/2 124/9/2
f 114/11/2 115/10/2 124/9/2
f 114/11/2 124/9/2 125/12/2
f 113/13/2 114/11/2 125/12/2
f 112/14/2 113/13/2 125/12/2
f 112/14/2 125/12/2 126/15/2
f 111/16/2 112/14/2 145/17/2
f 145/17/2 112/14/2 126/15/2
f 110/18/2 111/16/2 145/17/2
f 110/18/2 145/17/2 146/19/2
f 144/20/2 145/17/2 126/15/2
f 144/20/2 126/15/2 127/21/2
f 109/22/2 110/18/2 146/19/2
f 109/22/2 146/19/2 147/23/2
f 143/24/2 144/20/2 127/21/2
f 109/22/2 147/23/2 148/25/2
f 216/26/2 109/22/2 148/25/2
f 216/26/2 148/25/2 149/27/2
f 142/28/2 143/24/2 127/21/2
f 216/26/2 149/27/2 150/29/2
f 215/30/2 216/26/2 150/29/2
f 142/28/2 127/21/2 128/31/2
f 215/30/2 150/29/2 151/32/2
f 141/33/2 142/28/2 128/31/2
f 214/34/2 215/30/2 151/32/2
f 214/34/2 151/32/2 152/35/2
f 214/34/2 152/35/2 153/36/2
f 140/37/2 141/33/2 128/31/2
f 213/38/2 214/34/2 153/36/2
f 140/37/2 128/31/2 129/39/2
f 213/38/2 153/36/2 154/40/2
f 213/38/2 154/40/2 155/41/2
f 212/42/2 213/38/2 155/41/2
f 139/43/2 140/37/2 129/39/2
f 212/42/2 155/41/2 156/44/2
f 139/43/2 129/39/2 130/45/2
f 212/42/2 156/44/2 157/46/2
f 211/47/2 212/42/2 157/46/2
f 138/48/2 139/43/2 130/45/2
f 211/47/2 157/46/2 158/49/2
f 210/50/2 211/47/2 158/49/2
f 137/51/2 138/48/2 130/45/2
f 210/50/2 158/49/2 159/52/2
f 137/51/2 130/45/2 131/53/2
f 209/54/2 210/50/2 159/52/2
f 136/55/2 137/51/2 131/53/2
f 209/54/2 159/52/2 160/56/2
f 208/57/2 209/54/2 160/56/2
f 135/58/2 136/55/2 131/53/2
f 135/58/2 131/53/2 132/59/2
f 208/57/2 160/56/2 161/60/2
f 207/61/2 208/57/2 161/60/2
f 134/62/2 135/58/2 132/59/2
f 207/61/2 161/60/2 162/63/2
f 134/62/2 132/59/2 133/64/2
f 206/65/2 207/61/2 162/63/2
f 206/65/2 162/63/2 163/66/2
f 205/67/2 206/65/2 163/66/2
f 205/67/2 163/66/2 164/68/2
f 204/69/2 205/67/2 164/68/2
f 203/70/2 204/69/2 164/68/2
f 203/70/2 164/68/2 165/71/2
f 202/72/2 203/70/2 165/71/2
f 202/72/2 165/71/2 166/73/2
f 201/74/2 202/72/2 166/73/2
f 201/74/2 166/73/2 167/75/2
f 200/76/2 201/74/2 167/75/2
f 200/76/2 167/75/2 168/77/2
f 199/78/2 200/76/2 168/77/2
f 198/79/2 199/78/2 168/77/2
f 198/79/2 168/77/2 169/80/2
f 197/81/2 198/79/2 169/80/2
f 197/81/2 169/80/2 170/82/2
f 197/81/2 170/82/2 171/83/2
f 196/84/2 197/81/2 171/83/2
f 196/84/2 171/83/2 172/85/2
f 195/86/2 196/84/2 172/85/2
f 195/86/2 172/85/2 173/87/2
f 194/88/2 195/86/2 173/87/2
f 194/88/2 173/87/2 174/89/2
f 193/90/2 194/88/2 174/89/2
f 193/90/2 174/89/2 175/91/2
f 192/92/2 193/90/2 175/91/2
f 191/93/2 192/92/2 175/91/2
f 191/93/2 175/91/2 176/94/2
f 190/95/2 191/93/2 176/94/2
f 190/95/2 176/94/2 177/96/2
f 189/97/2 190/95/2 177/96/2
f 189/97/2 177/96/2 178/98/2
f 188/99/2 189/97/2 178/98/2
f 187/100/2 188/99/2 178/98/2
f 187/100/2 178/98/2 179/101/2
f 186/102/2 187/100/2 179/101/2
f 185/103/2 186/102/2 179/101/2
f 185/103/2 179/101/2 180/104/2
f 184/105/2 185/103/2 180/104/2
f 183/106/2 184/105/2 180/104/2
f 183/106/2 180/104/2 181/107/2
f 182/108/2 183/106/2 181/107/2
s 1
f 218/109/3 220/110/4 219/111/4 217/22/3
f 220/110/4 222/112/5 221/113/5 219/111/4
f 222/112/5 224/114/6 223/115/6 221/113/5
f 224/114/6 226/116/7 225/117/7 223/115/6
f 226/116/7 228/118/8 227/119/8 225/117/7
f 228/118/8 230/120/9 229/121/9 227/119/8
f 230/120/9 232/122/10 231/123/10 229/121/9
f 232/122/10 234/124/11 233/125/11 231/123/10
f 234/124/11 236/126/12 235/127/12 233/125/11
f 236/126/12 238/128/13 237/129/13 235/127/12
f 238/128/13 240/130/14 239/131/14 237/129/13
f 240/130/14 242/132/15 241/133/15 239/131/14
f 242/132/15 244/134/16 243/135/16 241/133/15
f 244/134/16 246/136/17 245/137/17 243/135/16
f 246/136/17 248/138/18 247/139/18 245/137/17
f 248/138/18 250/140/19 249/141/19 247/139/18
f 250/140/19 252/142/20 251/143/20 249/141/19
f 252/142/20 254/144/21 253/145/21 251/143/20
f 254/144/21 256/146/22 255/147/22 253/145/21
f 256/146/22 258/148/23 257/149/23 255/147/22
f 258/148/23 260/150/24 259/151/24 257/149/23
f 260/150/24 262/152/25 261/153/25 259/151/24
f 262/152/25 264/154/26 263/155/26 261/153/25
f 264/154/26 266/156/27 265/157/27 263/155/26
f 266/156/27 268/158/28 267/159/28 265/157/27
f 268/158/28 270/160/29 269/161/29 267/159/28
f 270/160/29 272/162/30 271/163/30 269/161/29
f 272/162/30 274/164/31 273/165/31 271/163/30
f 274/164/31 276/166/32 275/167/32 273/165/31
f 276/166/32 278/168/33 277/169/33 275/167/32
f 278/168/33 280/170/34 279/171/34 277/169/33
f 280/170/34 282/172/35 281/173/35 279/171/34
f 282/172/35 284/174/36 283/175/36 281/173/35
f 284/174/36 286/176/37 285/177/37 283/175/36
f 286/176/37 288/178/38 287/179/38 285/177/37
f 288/178/38 290/180/39 289/181/39 287/179/38
f 290/180/39 292/182/40 291/183/40 289/181/39
f 292/182/40 294/184/41 293/185/41 291/183/40
f 294/184/41 296/186/42 295/187/42 293/185/41
f 296/186/42 298/188/43 297/189/43 295/187/42
f 298/188/43 300/190/44 299/191/44 297/189/43
f 300/190/44 302/192/45 301/193/45 299/191/44
f 302/192/45 304/194/46 303/195/46 301/193/45
f 304/194/46 306/196/47 305/197/47 303/195/46
f 306/196/47 308/198/48 307/199/48 305/197/47
f 308/198/48 310/200/49 309/201/49 307/199/48
f 310/200/49 312/202/50 311/203/50 309/201/49
f 312/202/50 314/204/51 313/205/51 311/203/50
f 314/204/51 316/206/52 315/207/52 313/205/51
f 316/206/52 318/208/52 317/209/52 315/207/52
f 318/208/52 320/210/52 319/211/52 317/209/52
f 320/210/52 322/212/52 321/213/52 319/211/52
f 322/212/52 324/214/52 323/215/52 321/213/52
f 324/214/52 326/216/52 325/217/52 323/215/52
f 326/216/52 328/218/52 327/219/52 325/217/52
f 328/218/52 330/220/52 329/221/52 327/219/52
f 330/220/52 332/222/52 331/223/52 329/221/52
f 332/222/52 334/224/52 333/225/52 331/223/52
f 334/224/52 336/226/52 335/227/52 333/225/52
f 336/226/52 338/228/53 337/229/53 335/227/52
f 338/228/53 340/230/54 339/231/54 337/229/53
f 340/230/54 342/232/55 341/233/55 339/231/54
f 342/232/55 344/234/56 343/235/56 341/233/55
f 344/234/56 346/236/57 345/237/57 343/235/56
f 346/236/57 348/238/58 347/239/58 345/237/57
f 348/238/58 350/240/59 349/241/59 347/239/58
f 350/240/59 352/242/60 351/243/60 349/241/59
f 352/242/60 354/244/61 353/245/61 351/243/60
f 354/244/61 356/246/62 355/247/62 353/245/61
f 356/246/62 358/248/63 357/249/63 355/247/62
f 358/248/63 360/250/64 359/251/64 357/249/63
f 360/250/64 362/252/65 361/253/65 359/251/64
f 362/252/65 364/254/66 363/255/66 361/253/65
f 364/254/66 366/256/67 365/257/67 363/255/66
f 366/256/67 368/258/68 367/259/68 365/257/67
f 368/258/68 370/260/69 369/261/69 367/259/68
f 370/260/69 372/262/70 371/263/70 369/261/69
f 372/262/70 374/264/71 373/265/71 371/263/70
f 374/264/71 376/266/72 375/267/72 373/265/71
f 376/266/72 378/268/73 377/269/73 375/267/72
f 378/268/73 380/270/74 379/271/74 377/269/73
f 380/270/74 382/272/75 381/273/75 379/271/74
f 382/272/75 384/274/76 383/275/76 381/273/75
f 384/274/76 386/276/77 385/277/77 383/275/76
f 386/276/77 388/278/78 387/279/78 385/277/77
f 388/278/78 390/280/79 389/281/79 387/279/78
f 390/280/79 392/282/80 391/283/80 389/281/79
f 392/282/80 394/284/81 393/285/81 391/283/80
f 394/284/81 396/286/82 395/287/82 393/285/81
f 396/286/82 398/288/83 397/289/83 395/287/82
f 398/288/83 400/290/84 399/291/84 397/289/83
f 400/290/84 402/292/85 401/293/85 399/291/84
f 402/292/85 404/294/86 403/295/86 401/293/85
f 404/294/86 406/296/87 405/297/87 403/295/86
f 406/296/87 408/298/88 407/299/88 405/297/87
f 408/298/88 410/300/89 409/301/89 407/299/88
f 410/300/89 412/302/90 411/303/90 409/301/89
f 412/302/90 414/304/91 413/305/91 411/303/90
f 414/304/91 416/306/92 415/307/92 413/305/91
f 416/306/92 418/308/93 417/309/93 415/307/92
f 418/308/93 420/310/94 419/311/94 417/309/93
f 420/310/94 422/312/95 421/313/95 419/311/94
f 422/312/95 424/314/96 423/315/96 421/313/95
f 424/314/96 426/316/97 425/317/97 423/315/96
f 426/316/97 428/318/98 427/319/98 425/317/97
f 428/318/98 430/320/99 429/321/99 427/319/98
f 430/320/99 432/322/100 431/323/100 429/321/99
f 432/322/100 218/324/3 217/26/3 431/323/100
o Curve
v 1.913208 0.266096 5.464832
v 1.685642 0.266096 5.650380
v 1.469997 0.266096 5.842556
v 1.266463 0.266096 6.041312
v 1.075230 0.266096 6.246596
v 0.896489 0.266096 6.458358
v 0.730432 0.266096 6.676547
v 0.577247 0.266096 6.901113
v 0.437127 0.266096 7.132008
v 0.310261 0.266096 7.369181
v 0.196841 0.266096 7.612580
v 0.097056 0.266096 7.862157
v 0.011096 0.266096 8.117861
v -0.397614 0.266096 7.564312
v -0.732263 0.266096 7.042152
v -0.994473 0.266096 6.550693
v -1.185871 0.266096 6.089246
v -1.308080 0.266096 5.657124
v -1.362725 0.266096 5.253636
v -1.351432 0.266096 4.878094
v -1.275825 0.266096 4.529809
v -1.137527 0.266096 4.208094
v -0.938167 0.266096 3.912259
v -0.679366 0.266096 3.641615
v -0.362751 0.266096 3.395474
v -0.443682 0.266096 3.565000
v -0.503612 0.266096 3.739774
v -0.542727 0.266096 3.919753
v -0.561215 0.266096 4.104886
v -0.559262 0.266096 4.295128
v -0.537054 0.266096 4.490433
v -0.494778 0.266096 4.690755
v -0.432621 0.266096 4.896047
v -0.350767 0.266096 5.106262
v -0.249406 0.266096 5.321353
v -0.128722 0.266096 5.541275
v 0.011096 0.266096 5.765977
v 0.068717 0.266096 5.645727
v 0.130697 0.266096 5.527765
v 0.197420 0.266096 5.411788
v 0.269268 0.266096 5.297492
v 0.346625 0.266096 5.184573
v 0.429877 0.266096 5.072727
v 0.519406 0.266096 4.961650
v 0.615596 0.266096 4.851040
v 0.718831 0.266096 4.740591
v 0.829494 0.266096 4.629999
v 0.947971 0.266096 4.518960
v 1.074644 0.266096 4.407170
v 1.293958 0.266096 4.219070
v 1.513273 0.266096 4.030970
v 1.732588 0.266096 3.842870
v 1.951904 0.266096 3.654770
v 2.171220 0.266096 3.466671
v 2.390537 0.266096 3.278572
v 2.609853 0.266096 3.090472
v 2.829170 0.266096 2.902372
v 3.048488 0.266096 2.714272
v 3.267805 0.266096 2.526172
v 3.487123 0.266096 2.338072
v 3.706440 0.266096 2.149970
v 3.877893 0.266096 1.990281
v 4.036245 0.266096 1.817016
v 4.179298 0.266096 1.632759
v 4.304857 0.266096 1.440090
v 4.410725 0.266096 1.241590
v 4.494706 0.266096 1.039840
v 4.554605 0.266096 0.837423
v 4.588225 0.266096 0.636919
v 4.593370 0.266096 0.440910
v 4.567845 0.266096 0.251977
v 4.509453 0.266096 0.072702
v 4.415998 0.266096 -0.094334
v 4.533596 0.266096 -0.044492
v 4.648167 0.266096 0.015034
v 4.759599 0.266096 0.084601
v 4.867782 0.266096 0.164565
v 4.972603 0.266096 0.255282
v 5.073952 0.266096 0.357109
v 5.171717 0.266096 0.470400
v 5.265787 0.266096 0.595513
v 5.356050 0.266096 0.732803
v 5.442396 0.266096 0.882628
v 5.524713 0.266096 1.045342
v 5.602889 0.266096 1.221302
v 5.652994 0.266096 1.395051
v 5.666530 0.266096 1.578469
v 5.647922 0.266096 1.768207
v 5.601597 0.266096 1.960917
v 5.531981 0.266096 2.153248
v 5.443501 0.266096 2.341852
v 5.340581 0.266096 2.523378
v 5.227650 0.266096 2.694479
v 5.109132 0.266096 2.851803
v 4.989455 0.266096 2.992003
v 4.873043 0.266096 3.111729
v 4.764325 0.266096 3.207631
v 4.533952 0.266096 3.392120
v 4.302507 0.266096 3.577145
v 4.069920 0.266096 3.762743
v 3.836115 0.266096 3.948949
v 3.601023 0.266096 4.135799
v 3.364569 0.266096 4.323330
v 3.126682 0.266096 4.511578
v 2.887288 0.266096 4.700579
v 2.646317 0.266096 4.890369
v 2.403695 0.266096 5.080984
v 2.159349 0.266096 5.272459
v 1.913208 -0.266096 5.464832
v 1.685642 -0.266096 5.650380
v 1.469997 -0.266096 5.842556
v 1.266463 -0.266096 6.041312
v 1.075230 -0.266096 6.246596
v 0.896489 -0.266096 6.458358
v 0.730432 -0.266096 6.676547
v 0.577247 -0.266096 6.901113
v 0.437127 -0.266096 7.132008
v 0.310261 -0.266096 7.369181
v 0.196841 -0.266096 7.612580
v 0.097056 -0.266096 7.862157
v 0.011096 -0.266096 8.117861
v -0.397614 -0.266096 7.564312
v -0.732263 -0.266096 7.042152
v -0.994473 -0.266096 6.550693
v -1.185871 -0.266096 6.089246
v -1.308080 -0.266096 5.657124
v -1.362725 -0.266096 5.253636
v -1.351432 -0.266096 4.878094
v -1.275825 -0.266096 4.529809
v -1.137527 -0.266096 4.208094
v -0.938167 -0.266096 3.912259
v -0.679366 -0.266096 3.641615
v -0.362751 -0.266096 3.395474
v -0.443682 -0.266096 3.565000
v -0.503612 -0.266096 3.739774
v -0.542727 -0.266096 3.919753
v -0.561215 -0.266096 4.104886
v -0.559262 -0.266096 4.295128
v -0.537054 -0.266096 4.490433
v -0.494778 -0.266096 4.690755
v -0.432621 -0.266096 4.896047
v -0.350767 -0.266096 5.106262
v -0.249406 -0.266096 5.321353
v -0.128722 -0.266096 5.541275
v 0.011096 -0.266096 5.765977
v 0.068717 -0.266096 5.645727
v 0.130697 -0.266096 5.527765
v 0.197420 -0.266096 5.411788
v 0.269268 -0.266096 5.297492
v 0.346625 -0.266096 5.184573
v 0.429877 -0.266096 5.072727
v 0.519406 -0.266096 4.961650
v 0.615596 -0.266096 4.851040
v 0.718831 -0.266096 4.740591
v 0.829494 -0.266096 4.629999
v 0.947971 -0.266096 4.518960
v 1.074644 -0.266096 4.407170
v 1.293958 -0.266096 4.219070
v 1.513273 -0.266096 4.030970
v 1.732588 -0.266096 3.842870
v 1.951904 -0.266096 3.654770
v 2.171220 -0.266096 3.466671
v 2.390537 -0.266096 3.278572
v 2.609853 -0.266096 3.090472
v 2.829170 -0.266096 2.902372
v 3.048488 -0.266096 2.714272
v 3.267805 -0.266096 2.526172
v 3.487123 -0.266096 2.338072
v 3.706440 -0.266096 2.149970
v 3.877893 -0.266096 1.990281
v 4.036245 -0.266096 1.817016
v 4.179298 -0.266096 1.632759
v 4.304857 -0.266096 1.440090
v 4.410725 -0.266096 1.241590
v 4.494706 -0.266096 1.039840
v 4.554605 -0.266096 0.837423
v 4.588225 -0.266096 0.636919
v 4.593370 -0.266096 0.440910
v 4.567845 -0.266096 0.251977
v 4.509453 -0.266096 0.072702
v 4.415998 -0.266096 -0.094334
v 4.533596 -0.266096 -0.044492
v 4.648167 -0.266096 0.015034
v 4.759599 -0.266096 0.084601
v 4.867782 -0.266096 0.164565
v 4.972603 -0.266096 0.255282
v 5.073952 -0.266096 0.357109
v 5.171717 -0.266096 0.470400
v 5.265787 -0.266096 0.595513
v 5.356050 -0.266096 0.732803
v 5.442396 -0.266096 0.882628
v 5.524713 -0.266096 1.045342
v 5.602889 -0.266096 1.221302
v 5.652994 -0.266096 1.395051
v 5.666530 -0.266096 1.578469
v 5.647922 -0.266096 1.768207
v 5.601597 -0.266096 1.960917
v 5.531981 -0.266096 2.153248
v 5.443501 -0.266096 2.341852
v 5.340581 -0.266096 2.523378
v 5.227650 -0.266096 2.694479
v 5.109132 -0.266096 2.851803
v 4.989455 -0.266096 2.992003
v 4.873043 -0.266096 3.111729
v 4.764325 -0.266096 3.207631
v 4.533952 -0.266096 3.392120
v 4.302507 -0.266096 3.577145
v 4.069920 -0.266096 3.762743
v 3.836115 -0.266096 3.948949
v 3.601023 -0.266096 4.135799
v 3.364569 -0.266096 4.323330
v 3.126682 -0.266096 4.511578
v 2.887288 -0.266096 4.700579
v 2.646317 -0.266096 4.890369
v 2.403695 -0.266096 5.080984
v 2.159349 -0.266096 5.272459
v 1.913208 -0.266096 5.464832
v 1.913208 0.266096 5.464832
v 1.685642 -0.266096 5.650380
v 1.685642 0.266096 5.650380
v 1.469997 -0.266096 5.842556
v 1.469997 0.266096 5.842556
v 1.266463 -0.266096 6.041312
v 1.266463 0.266096 6.041312
v 1.075230 -0.266096 6.246596
v 1.075230 0.266096 6.246596
v 0.896489 -0.266096 6.458358
v 0.896489 0.266096 6.458358
v 0.730432 -0.266096 6.676547
v 0.730432 0.266096 6.676547
v 0.577247 -0.266096 6.901113
v 0.577247 0.266096 6.901113
v 0.437127 -0.266096 7.132008
v 0.437127 0.266096 7.132008
v 0.310261 -0.266096 7.369181
v 0.310261 0.266096 7.369181
v 0.196841 -0.266096 7.612580
v 0.196841 0.266096 7.612580
v 0.097056 -0.266096 7.862157
v 0.097056 0.266096 7.862157
v 0.011096 -0.266096 8.117861
v 0.011096 0.266096 8.117861
v -0.397614 -0.266096 7.564312
v -0.397614 0.266096 7.564312
v -0.732263 -0.266096 7.042152
v -0.732263 0.266096 7.042152
v -0.994473 -0.266096 6.550693
v -0.994473 0.266096 6.550693
v -1.185871 -0.266096 6.089246
v -1.185871 0.266096 6.089246
v -1.308080 -0.266096 5.657124
v -1.308080 0.266096 5.657124
v -1.362725 -0.266096 5.253636
v -1.362725 0.266096 5.253636
v -1.351432 -0.266096 4.878094
v -1.351432 0.266096 4.878094
v -1.275825 -0.266096 4.529809
v -1.275825 0.266096 4.529809
v -1.137527 -0.266096 4.208094
v -1.137527 0.266096 4.208094
v -0.938167 -0.266096 3.912259
v -0.938167 0.266096 3.912259
v -0.679366 -0.266096 3.641615
v -0.679366 0.266096 3.641615
v -0.362751 -0.266096 3.395474
v -0.362751 0.266096 3.395474
v -0.443682 -0.266096 3.565000
v -0.443682 0.266096 3.565000
v -0.503612 -0.266096 3.739774
v -0.503612 0.266096 3.739774
v -0.542727 -0.266096 3.919753
v -0.542727 0.266096 3.919753
v -0.561215 -0.266096 4.104886
v -0.561215 0.266096 4.104886
v -0.559262 -0.266096 4.295128
v -0.559262 0.266096 4.295128
v -0.537054 -0.266096 4.490433
v -0.537054 0.266096 4.490433
v -0.494778 -0.266096 4.690755
v -0.494778 0.266096 4.690755
v -0.432621 -0.266096 4.896047
v -0.432621 0.266096 4.896047
v -0.350767 -0.266096 5.106262
v -0.350767 0.266096 5.106262
v -0.249406 -0.266096 5.321353
v -0.249406 0.266096 5.321353
v -0.128722 -0.266096 5.541275
v -0.128722 0.266096 5.541275
v 0.011096 -0.266096 5.765977
v 0.011096 0.266096 5.765977
v 0.068717 -0.266096 5.645727
v 0.068717 0.266096 5.645727
v 0.130697 -0.266096 5.527765
v 0.130697 0.266096 5.527765
v 0.197420 -0.266096 5.411788
v 0.197420 0.266096 5.411788
v 0.269268 -0.266096 5.297492
v 0.269268 0.266096 5.297492
v 0.346625 -0.266096 5.184573
v 0.346625 0.266096 5.184573
v 0.429877 -0.266096 5.072727
v 0.429877 0.266096 5.072727
v 0.519406 -0.266096 4.961650
v 0.519406 0.266096 4.961650
v 0.615596 -0.266096 4.851040
v 0.615596 0.266096 4.851040
v 0.718831 -0.266096 4.740591
v 0.718831 0.266096 4.740591
v 0.829494 -0.266096 4.629999
v 0.829494 0.266096 4.629999
v 0.947971 -0.266096 4.518960
v 0.947971 0.266096 4.518960
v 1.074644 -0.266096 4.407170
v 1.074644 0.266096 4.407170
v 1.293958 -0.266096 4.219070
v 1.293958 0.266096 4.219070
v 1.513273 -0.266096 4.030970
v 1.513273 0.266096 4.030970
v 1.732588 -0.266096 3.842870
v 1.732588 0.266096 3.842870
v 1.951904 -0.266096 3.654770
v 1.951904 0.266096 3.654770
v 2.171220 -0.266096 3.466671
v 2.171220 0.266096 3.466671
v 2.390537 -0.266096 3.278572
v 2.390537 0.266096 3.278572
v 2.609853 -0.266096 3.090472
v 2.609853 0.266096 3.090472
v 2.829170 -0.266096 2.902372
v 2.829170 0.266096 2.902372
v 3.048488 -0.266096 2.714272
v 3.048488 0.266096 2.714272
v 3.267805 -0.266096 2.526172
v 3.267805 0.266096 2.526172
v 3.487123 -0.266096 2.338072
v 3.487123 0.266096 2.338072
v 3.706440 -0.266096 2.149970
v 3.706440 0.266096 2.149970
v 3.877893 -0.266096 1.990281
v 3.877893 0.266096 1.990281
v 4.036245 -0.266096 1.817016
v 4.036245 0.266096 1.817016
v 4.179298 -0.266096 1.632759
v 4.179298 0.266096 1.632759
v 4.304857 -0.266096 1.440090
v 4.304857 0.266096 1.440090
v 4.410725 -0.266096 1.241590
v 4.410725 0.266096 1.241590
v 4.494706 -0.266096 1.039840
v 4.494706 0.266096 1.039840
v 4.554605 -0.266096 0.837423
v 4.554605 0.266096 0.837423
v 4.588225 -0.266096 0.636919
v 4.588225 0.266096 0.636919
v 4.593370 -0.266096 0.440910
v 4.593370 0.266096 0.440910
v 4.567845 -0.266096 0.251977
v 4.567845 0.266096 0.251977
v 4.509453 -0.266096 0.072702
v 4.509453 0.266096 0.072702
v 4.415998 -0.266096 -0.094334
v 4.415998 0.266096 -0.094334
v 4.533596 -0.266096 -0.044492
v 4.533596 0.266096 -0.044492
v 4.648167 -0.266096 0.015034
v 4.648167 0.266096 0.015034
v 4.759599 -0.266096 0.084601
v 4.759599 0.266096 0.084601
v 4.867782 -0.266096 0.164565
v 4.867782 0.266096 0.164565
v 4.972603 -0.266096 0.255282
v 4.972603 0.266096 0.255282
v 5.073952 -0.266096 0.357109
v 5.073952 0.266096 0.357109
v 5.171717 -0.266096 0.470400
v 5.171717 0.266096 0.470400
v 5.265787 -0.266096 0.595513
v 5.265787 0.266096 0.595513
v 5.356050 -0.266096 0.732803
v 5.356050 0.266096 0.732803
v 5.442396 -0.266096 0.882628
v 5.442396 0.266096 0.882628
v 5.524713 -0.266096 1.045342
v 5.524713 0.266096 1.045342
v 5.602889 -0.266096 1.221302
v 5.602889 0.266096 1.221302
v 5.652994 -0.266096 1.395051
v 5.652994 0.266096 1.395051
v 5.666530 -0.266096 1.578469
v 5.666530 0.266096 1.578469
v 5.647922 -0.266096 1.768207
v 5.647922 0.266096 1.768207
v 5.601597 -0.266096 1.960917
v 5.601597 0.266096 1.960917
v 5.531981 -0.266096 2.153248
v 5.531981 0.266096 2.153248
v 5.443501 -0.266096 2.341852
v 5.443501 0.266096 2.341852
v 5.340581 -0.266096 2.523378
v 5.340581 0.266096 2.523378
v 5.227650 -0.266096 2.694479
v 5.227650 0.266096 2.694479
v 5.109132 -0.266096 2.851803
v 5.109132 0.266096 2.851803
v 4.989455 -0.266096 2.992003
v 4.989455 0.266096 2.992003
v 4.873043 -0.266096 3.111729
v 4.873043 0.266096 3.111729
v 4.764325 -0.266096 3.207631
v 4.764325 0.266096 3.207631
v 4.533952 -0.266096 3.392120
v 4.533952 0.266096 3.392120
v 4.302507 -0.266096 3.577145
v 4.302507 0.266096 3.577145
v 4.069920 -0.266096 3.762743
v 4.069920 0.266096 3.762743
v 3.836115 -0.266096 3.948949
v 3.836115 0.266096 3.948949
v 3.601023 -0.266096 4.135799
v 3.601023 0.266096 4.135799
v 3.364569 -0.266096 4.323330
v 3.364569 0.266096 4.323330
v 3.126682 -0.266096 4.511578
v 3.126682 0.266096 4.511578
v 2.887288 -0.266096 4.700579
v 2.887288 0.266096 4.700579
v 2.646317 -0.266096 4.890369
v 2.646317 0.266096 4.890369
v 2.403695 -0.266096 5.080984
v 2.403695 0.266096 5.080984
v 2.159349 -0.266096 5.272459
v 2.159349 0.266096 5.272459
vn -0.0000 1.0000 -0.0000
vn -0.0000 -1.0000 -0.0000
vn 0.6239 -0.0000 0.7815
vn 0.6488 -0.0000 0.7610
vn 0.6822 -0.0000 0.7312
vn 0.7154 -0.0000 0.6987
vn 0.7482 -0.0000 0.6635
vn 0.7802 -0.0000 0.6255
vn 0.8112 -0.0000 0.5848
vn 0.8408 -0.0000 0.5413
vn 0.8687 -0.0000 0.4954
vn 0.8944 -0.0000 0.4472
vn 0.9178 -0.0000 0.3970
vn 0.9386 -0.0000 0.3451
vn 0.1552 -0.0000 0.9879
vn -0.8237 -0.0000 0.5671
vn -0.8628 -0.0000 0.5056
vn -0.9040 -0.0000 0.4274
vn -0.9446 -0.0000 0.3282
vn -0.9790 -0.0000 0.2037
vn -0.9986 -0.0000 0.0523
vn -0.9926 -0.0000 -0.1216
vn -0.9524 -0.0000 -0.3049
vn -0.8778 -0.0000 -0.4790
vn -0.7788 -0.0000 -0.6272
vn -0.6701 -0.0000 -0.7423
vn 0.6270 -0.0000 -0.7790
vn 0.9257 -0.0000 0.3782
vn 0.9632 -0.0000 0.2688
vn 0.9877 -0.0000 0.1561
vn 0.9990 -0.0000 0.0446
vn 0.9981 -0.0000 -0.0617
vn 0.9871 -0.0000 -0.1599
vn 0.9687 -0.0000 -0.2484
vn 0.9452 -0.0000 -0.3266
vn 0.9188 -0.0000 -0.3948
vn 0.8911 -0.0000 -0.4539
vn 0.8632 -0.0000 -0.5049
vn -0.0549 -0.0000 -0.9985
vn -0.8937 -0.0000 -0.4487
vn -0.8762 -0.0000 -0.4820
vn -0.8569 -0.0000 -0.5155
vn -0.8360 -0.0000 -0.5488
vn -0.8137 -0.0000 -0.5812
vn -0.7905 -0.0000 -0.6124
vn -0.7667 -0.0000 -0.6420
vn -0.7427 -0.0000 -0.6696
vn -0.7188 -0.0000 -0.6952
vn -0.6954 -0.0000 -0.7186
vn -0.6728 -0.0000 -0.7398
vn -0.6564 -0.0000 -0.7544
vn -0.6510 -0.0000 -0.7591
vn -0.6664 -0.0000 -0.7456
vn -0.7104 -0.0000 -0.7038
vn -0.7646 -0.0000 -0.6445
vn -0.8145 -0.0000 -0.5801
vn -0.8609 -0.0000 -0.5088
vn -0.9038 -0.0000 -0.4279
vn -0.9424 -0.0000 -0.3345
vn -0.9744 -0.0000 -0.2250
vn -0.9954 -0.0000 -0.0960
vn -0.9985 -0.0000 0.0540
vn -0.9749 -0.0000 0.2227
vn -0.9161 -0.0000 0.4009
vn -0.7446 -0.0000 -0.6675
vn 0.4260 -0.0000 -0.9047
vn 0.4957 -0.0000 -0.8685
vn 0.5624 -0.0000 -0.8269
vn 0.6249 -0.0000 -0.7807
vn 0.6821 -0.0000 -0.7313
vn 0.7334 -0.0000 -0.6798
vn 0.7786 -0.0000 -0.6275
vn 0.8178 -0.0000 -0.5754
vn 0.8514 -0.0000 -0.5246
vn 0.8797 -0.0000 -0.4755
vn 0.9034 -0.0000 -0.4289
vn 0.9396 -0.0000 -0.3424
vn 0.9843 -0.0000 -0.1763
vn 0.9999 -0.0000 0.0120
vn 0.9861 -0.0000 0.1661
vn 0.9578 -0.0000 0.2875
vn 0.9238 -0.0000 0.3829
vn 0.8883 -0.0000 0.4593
vn 0.8527 -0.0000 0.5223
vn 0.8171 -0.0000 0.5766
vn 0.7800 -0.0000 0.6258
vn 0.7392 -0.0000 0.6735
vn 0.6897 -0.0000 0.7241
vn 0.6435 -0.0000 0.7655
vn 0.6248 -0.0000 0.7808
vn 0.6241 -0.0000 0.7814
vn 0.6234 -0.0000 0.7819
vn 0.6226 -0.0000 0.7825
vn 0.6218 -0.0000 0.7832
vn 0.6210 -0.0000 0.7838
vn 0.6201 -0.0000 0.7845
vn 0.6192 -0.0000 0.7852
vn 0.6183 -0.0000 0.7860
vn 0.6173 -0.0000 0.7867
vn 0.6163 -0.0000 0.7875
vt 0.102804 0.000000
vt 0.121495 0.000000
vt 0.112150 0.000000
vt 0.093458 0.000000
vt 0.084112 0.000000
vt 0.130841 0.000000
vt 0.074766 0.000000
vt 0.065421 0.000000
vt 0.140187 0.000000
vt 0.056075 0.000000
vt 0.046729 0.000000
vt 0.149533 0.000000
vt 0.037383 0.000000
vt 0.028037 0.000000
vt 0.158879 0.000000
vt 0.018692 0.000000
vt 0.336449 0.000000
vt 0.009346 0.000000
vt 0.345794 0.000000
vt 0.327103 0.000000
vt 0.168224 0.000000
vt 0.000000 0.000000
vt 0.355140 0.000000
vt 0.317757 0.000000
vt 0.364486 0.000000
vt 1.000000 0.000000
vt 0.373832 0.000000
vt 0.308411 0.000000
vt 0.383178 0.000000
vt 0.990654 0.000000
vt 0.177570 0.000000
vt 0.392523 0.000000
vt 0.299065 0.000000
vt 0.981308 0.000000
vt 0.401869 0.000000
vt 0.411215 0.000000
vt 0.289720 0.000000
vt 0.971963 0.000000
vt 0.186916 0.000000
vt 0.420561 0.000000
vt 0.429907 0.000000
vt 0.962617 0.000000
vt 0.280374 0.000000
vt 0.439252 0.000000
vt 0.196262 0.000000
vt 0.448598 0.000000
vt 0.953271 0.000000
vt 0.271028 0.000000
vt 0.457944 0.000000
vt 0.943925 0.000000
vt 0.261682 0.000000
vt 0.467290 0.000000
vt 0.205607 0.000000
vt 0.934579 0.000000
vt 0.252336 0.000000
vt 0.476636 0.000000
vt 0.925234 0.000000
vt 0.242991 0.000000
vt 0.214953 0.000000
vt 0.485981 0.000000
vt 0.915888 0.000000
vt 0.233645 0.000000
vt 0.495327 0.000000
vt 0.224299 0.000000
vt 0.906542 0.000000
vt 0.504673 0.000000
vt 0.897196 0.000000
vt 0.514019 0.000000
vt 0.887850 0.000000
vt 0.878505 0.000000
vt 0.523364 0.000000
vt 0.869159 0.000000
vt 0.532710 0.000000
vt 0.859813 0.000000
vt 0.542056 0.000000
vt 0.850467 0.000000
vt 0.551402 0.000000
vt 0.841121 0.000000
vt 0.831776 0.000000
vt 0.560748 0.000000
vt 0.822430 0.000000
vt 0.570093 0.000000
vt 0.579439 0.000000
vt 0.813084 0.000000
vt 0.588785 0.000000
vt 0.803738 0.000000
vt 0.598131 0.000000
vt 0.794393 0.000000
vt 0.607477 0.000000
vt 0.785047 0.000000
vt 0.616822 0.000000
vt 0.775701 0.000000
vt 0.766355 0.000000
vt 0.626168 0.000000
vt 0.757009 0.000000
vt 0.635514 0.000000
vt 0.747664 0.000000
vt 0.644860 0.000000
vt 0.738318 0.000000
vt 0.728972 0.000000
vt 0.654206 0.000000
vt 0.719626 0.000000
vt 0.710280 0.000000
vt 0.663551 0.000000
vt 0.700935 0.000000
vt 0.691589 0.000000
vt 0.672897 0.000000
vt 0.682243 0.000000
vt 0.000000 1.000000
vt 0.009259 1.000000
vt 0.009259 0.000000
vt 0.018519 1.000000
vt 0.018519 0.000000
vt 0.027778 1.000000
vt 0.027778 0.000000
vt 0.037037 1.000000
vt 0.037037 0.000000
vt 0.046296 1.000000
vt 0.046296 0.000000
vt 0.055556 1.000000
vt 0.055556 0.000000
vt 0.064815 1.000000
vt 0.064815 0.000000
vt 0.074074 1.000000
vt 0.074074 0.000000
vt 0.083333 1.000000
vt 0.083333 0.000000
vt 0.092593 1.000000
vt 0.092593 0.000000
vt 0.101852 1.000000
vt 0.101852 0.000000
vt 0.111111 1.000000
vt 0.111111 0.000000
vt 0.120370 1.000000
vt 0.120370 0.000000
vt 0.129630 1.000000
vt 0.129630 0.000000
vt 0.138889 1.000000
vt 0.138889 0.000000
vt 0.148148 1.000000
vt 0.148148 0.000000
vt 0.157407 1.000000
vt 0.157407 0.000000
vt 0.166667 1.000000
vt 0.166667 0.000000
vt 0.175926 1.000000
vt 0.175926 0.000000
vt 0.185185 1.000000
vt 0.185185 0.000000
vt 0.194444 1.000000
vt 0.194444 0.000000
vt 0.203704 1.000000
vt 0.203704 0.000000
vt 0.212963 1.000000
vt 0.212963 0.000000
vt 0.222222 1.000000
vt 0.222222 0.000000
vt 0.231481 1.000000
vt 0.231481 0.000000
vt 0.240741 1.000000
vt 0.240741 0.000000
vt 0.250000 1.000000
vt 0.250000 0.000000
vt 0.259259 1.000000
vt 0.259259 0.000000
vt 0.268519 1.000000
vt 0.268519 0.000000
vt 0.277778 1.000000
vt 0.277778 0.000000
vt 0.287037 1.000000
vt 0.287037 0.000000
vt 0.296296 1.000000
vt 0.296296 0.000000
vt 0.305556 1.000000
vt 0.305556 0.000000
vt 0.314815 1.000000
vt 0.314815 0.000000
vt 0.324074 1.000000
vt 0.324074 0.000000
vt 0.333333 1.000000
vt 0.333333 0.000000
vt 0.342593 1.000000
vt 0.342593 0.000000
vt 0.351852 1.000000
vt 0.351852 0.000000
vt 0.361111 1.000000
vt 0.361111 0.000000
vt 0.370370 1.000000
vt 0.370370 0.000000
vt 0.379630 1.000000
vt 0.379630 0.000000
vt 0.388889 1.000000
vt 0.388889 0.000000
vt 0.398148 1.000000
vt 0.398148 0.000000
vt 0.407407 1.000000
vt 0.407407 0.000000
vt 0.416667 1.000000
vt 0.416667 0.000000
vt 0.425926 1.000000
vt 0.425926 0.000000
vt 0.435185 1.000000
vt 0.435185 0.000000
vt 0.444444 1.000000
vt 0.444444 0.000000
vt 0.453704 1.000000
vt 0.453704 0.000000
vt 0.462963 1.000000
vt 0.462963 0.000000
vt 0.472222 1.000000
vt 0.472222 0.000000
vt 0.481481 1.000000
vt 0.481481 0.000000
vt 0.490741 1.000000
vt 0.490741 0.000000
vt 0.500000 1.000000
vt 0.500000 0.000000
vt 0.509259 1.000000
vt 0.509259 0.000000
vt 0.518519 1.000000
vt 0.518519 0.000000
vt 0.527778 1.000000
vt 0.527778 0.000000
vt 0.537037 1.000000
vt 0.537037 0.000000
vt 0.546296 1.000000
vt 0.546296 0.000000
vt 0.555556 1.000000
vt 0.555556 0.000000
vt 0.564815 1.000000
vt 0.564815 0.000000
vt 0.574074 1.000000
vt 0.574074 0.000000
vt 0.583333 1.000000
vt 0.583333 0.000000
vt 0.592593 1.000000
vt 0.592593 0.000000
vt 0.601852 1.000000
vt 0.601852 0.000000
vt 0.611111 1.000000
vt 0.611111 0.000000
vt 0.620370 1.000000
vt 0.620370 0.000000
vt 0.629630 1.000000
vt 0.629630 0.000000
vt 0.638889 1.000000
vt 0.638889 0.000000
vt 0.648148 1.000000
vt 0.648148 0.000000
vt 0.657407 1.000000
vt 0.657407 0.000000
vt 0.666667 1.000000
vt 0.666667 0.000000
vt 0.675926 1.000000
vt 0.675926 0.000000
vt 0.685185 1.000000
vt 0.685185 0.000000
vt 0.694444 1.000000
vt 0.694444 0.000000
vt 0.703704 1.000000
vt 0.703704 0.000000
vt 0.712963 1.000000
vt 0.712963 0.000000
vt 0.722222 1.000000
vt 0.722222 0.000000
vt 0.731481 1.000000
vt 0.731481 0.000000
vt 0.740741 1.000000
vt 0.740741 0.000000
vt 0.750000 1.000000
vt 0.750000 0.000000
vt 0.759259 1.000000
vt 0.759259 0.000000
vt 0.768519 1.000000
vt 0.768519 0.000000
vt 0.777778 1.000000
vt 0.777778 0.000000
vt 0.787037 1.000000
vt 0.787037 0.000000
vt 0.796296 1.000000
vt 0.796296 0.000000
vt 0.805556 1.000000
vt 0.805556 0.000000
vt 0.814815 1.000000
vt 0.814815 0.000000
vt 0.824074 1.000000
vt 0.824074 0.000000
vt 0.833333 1.000000
vt 0.833333 0.000000
vt 0.842593 1.000000
vt 0.842593 0.000000
vt 0.851852 1.000000
vt 0.851852 0.000000
vt 0.861111 1.000000
vt 0.861111 0.000000
vt 0.870370 1.000000
vt 0.870370 0.000000
vt 0.879630 1.000000
vt 0.879630 0.000000
vt 0.888889 1.000000
vt 0.888889 0.000000
vt 0.898148 1.000000
vt 0.898148 0.000000
vt 0.907407 1.000000
vt 0.907407 0.000000
vt 0.916667 1.000000
vt 0.916667 0.000000
vt 0.925926 1.000000
vt 0.925926 0.000000
vt 0.935185 1.000000
vt 0.935185 0.000000
vt 0.944444 1.000000
vt 0.944444 0.000000
vt 0.953704 1.000000
vt 0.953704 0.000000
vt 0.962963 1.000000
vt 0.962963 0.000000
vt 0.972222 1.000000
vt 0.972222 0.000000
vt 0.981481 1.000000
vt 0.981481 0.000000
vt 0.990741 1.000000
vt 0.990741 0.000000
vt 1.000000 1.000000
s 0
usemtl SVGMat.012
f 444/325/101 446/326/101 445/327/101
f 443/328/101 446/326/101 444/325/101
f 442/329/101 446/326/101 443/328/101
f 442/329/101 447/330/101 446/326/101
f 441/331/101 447/330/101 442/329/101
f 440/332/101 447/330/101 441/331/101
f 440/332/101 448/333/101 447/330/101
f 439/334/101 448/333/101 440/332/101
f 438/335/101 448/333/101 439/334/101
f 438/335/101 449/336/101 448/333/101
f 437/337/101 449/336/101 438/335/101
f 436/338/101 449/336/101 437/337/101
f 436/338/101 450/339/101 449/336/101
f 435/340/101 469/341/101 436/338/101
f 469/341/101 450/339/101 436/338/101
f 434/342/101 469/341/101 435/340/101
f 434/342/101 470/343/101 469/341/101
f 468/344/101 450/339/101 469/341/101
f 468/344/101 451/345/101 450/339/101
f 433/346/101 470/343/101 434/342/101
f 433/346/101 471/347/101 470/343/101
f 467/348/101 451/345/101 468/344/101
f 433/346/101 472/349/101 471/347/101
f 540/350/101 472/349/101 433/346/101
f 540/350/101 473/351/101 472/349/101
f 466/352/101 451/345/101 467/348/101
f 540/350/101 474/353/101 473/351/101
f 539/354/101 474/353/101 540/350/101
f 466/352/101 452/355/101 451/345/101
f 539/354/101 475/356/101 474/353/101
f 465/357/101 452/355/101 466/352/101
f 538/358/101 475/356/101 539/354/101
f 538/358/101 476/359/101 475/356/101
f 538/358/101 477/360/101 476/359/101
f 464/361/101 452/355/101 465/357/101
f 537/362/101 477/360/101 538/358/101
f 464/361/101 453/363/101 452/355/101
f 537/362/101 478/364/101 477/360/101
f 537/362/101 479/365/101 478/364/101
f 536/366/101 479/365/101 537/362/101
f 463/367/101 453/363/101 464/361/101
f 536/366/101 480/368/101 479/365/101
f 463/367/101 454/369/101 453/363/101
f 536/366/101 481/370/101 480/368/101
f 535/371/101 481/370/101 536/366/101
f 462/372/101 454/369/101 463/367/101
f 535/371/101 482/373/101 481/370/101
f 534/374/101 482/373/101 535/371/101
f 461/375/101 454/369/101 462/372/101
f 534/374/101 483/376/101 482/373/101
f 461/375/101 455/377/101 454/369/101
f 533/378/101 483/376/101 534/374/101
f 460/379/101 455/377/101 461/375/101
f 533/378/101 484/380/101 483/376/101
f 532/381/101 484/380/101 533/378/101
f 459/382/101 455/377/101 460/379/101
f 459/382/101 456/383/101 455/377/101
f 532/381/101 485/384/101 484/380/101
f 531/385/101 485/384/101 532/381/101
f 458/386/101 456/383/101 459/382/101
f 531/385/101 486/387/101 485/384/101
f 458/386/101 457/388/101 456/383/101
f 530/389/101 486/387/101 531/385/101
f 530/389/101 487/390/101 486/387/101
f 529/391/101 487/390/101 530/389/101
f 529/391/101 488/392/101 487/390/101
f 528/393/101 488/392/101 529/391/101
f 527/394/101 488/392/101 528/393/101
f 527/394/101 489/395/101 488/392/101
f 526/396/101 489/395/101 527/394/101
f 526/396/101 490/397/101 489/395/101
f 525/398/101 490/397/101 526/396/101
f 525/398/101 491/399/101 490/397/101
f 524/400/101 491/399/101 525/398/101
f 524/400/101 492/401/101 491/399/101
f 523/402/101 492/401/101 524/400/101
f 522/403/101 492/401/101 523/402/101
f 522/403/101 493/404/101 492/401/101
f 521/405/101 493/404/101 522/403/101
f 521/405/101 494/406/101 493/404/101
f 521/405/101 495/407/101 494/406/101
f 520/408/101 495/407/101 521/405/101
f 520/408/101 496/409/101 495/407/101
f 519/410/101 496/409/101 520/408/101
f 519/410/101 497/411/101 496/409/101
f 518/412/101 497/411/101 519/410/101
f 518/412/101 498/413/101 497/411/101
f 517/414/101 498/413/101 518/412/101
f 517/414/101 499/415/101 498/413/101
f 516/416/101 499/415/101 517/414/101
f 515/417/101 499/415/101 516/416/101
f 515/417/101 500/418/101 499/415/101
f 514/419/101 500/418/101 515/417/101
f 514/419/101 501/420/101 500/418/101
f 513/421/101 501/420/101 514/419/101
f 513/421/101 502/422/101 501/420/101
f 512/423/101 502/422/101 513/421/101
f 511/424/101 502/422/101 512/423/101
f 511/424/101 503/425/101 502/422/101
f 510/426/101 503/425/101 511/424/101
f 509/427/101 503/425/101 510/426/101
f 509/427/101 504/428/101 503/425/101
f 508/429/101 504/428/101 509/427/101
f 507/430/101 504/428/101 508/429/101
f 507/430/101 505/431/101 504/428/101
f 506/432/101 505/431/101 507/430/101
f 552/325/102 553/327/102 554/326/102
f 551/328/102 552/325/102 554/326/102
f 550/329/102 551/328/102 554/326/102
f 550/329/102 554/326/102 555/330/102
f 549/331/102 550/329/102 555/330/102
f 548/332/102 549/331/102 555/330/102
f 548/332/102 555/330/102 556/333/102
f 547/334/102 548/332/102 556/333/102
f 546/335/102 547/334/102 556/333/102
f 546/335/102 556/333/102 557/336/102
f 545/337/102 546/335/102 557/336/102
f 544/338/102 545/337/102 557/336/102
f 544/338/102 557/336/102 558/339/102
f 543/340/102 544/338/102 577/341/102
f 577/341/102 544/338/102 558/339/102
f 542/342/102 543/340/102 577/341/102
f 542/342/102 577/341/102 578/343/102
f 576/344/102 577/341/102 558/339/102
f 576/344/102 558/339/102 559/345/102
f 541/346/102 542/342/102 578/343/102
f 541/346/102 578/343/102 579/347/102
f 575/348/102 576/344/102 559/345/102
f 541/346/102 579/347/102 580/349/102
f 648/350/102 541/346/102 580/349/102
f 648/350/102 580/349/102 581/351/102
f 574/352/102 575/348/102 559/345/102
f 648/350/102 581/351/102 582/353/102
f 647/354/102 648/350/102 582/353/102
f 574/352/102 559/345/102 560/355/102
f 647/354/102 582/353/102 583/356/102
f 573/357/102 574/352/102 560/355/102
f 646/358/102 647/354/102 583/356/102
f 646/358/102 583/356/102 584/359/102
f 646/358/102 584/359/102 585/360/102
f 572/361/102 573/357/102 560/355/102
f 645/362/102 646/358/102 585/360/102
f 572/361/102 560/355/102 561/363/102
f 645/362/102 585/360/102 586/364/102
f 645/362/102 586/364/102 587/365/102
f 644/366/102 645/362/102 587/365/102
f 571/367/102 572/361/102 561/363/102
f 644/366/102 587/365/102 588/368/102
f 571/367/102 561/363/102 562/369/102
f 644/366/102 588/368/102 589/370/102
f 643/371/102 644/366/102 589/370/102
f 570/372/102 571/367/102 562/369/102
f 643/371/102 589/370/102 590/373/102
f 642/374/102 643/371/102 590/373/102
f 569/375/102 570/372/102 562/369/102
f 642/374/102 590/373/102 591/376/102
f 569/375/102 562/369/102 563/377/102
f 641/378/102 642/374/102 591/376/102
f 568/379/102 569/375/102 563/377/102
f 641/378/102 591/376/102 592/380/102
f 640/381/102 641/378/102 592/380/102
f 567/382/102 568/379/102 563/377/102
f 567/382/102 563/377/102 564/383/102
f 640/381/102 592/380/102 593/384/102
f 639/385/102 640/381/102 593/384/102
f 566/386/102 567/382/102 564/383/102
f 639/385/102 593/384/102 594/387/102
f 566/386/102 564/383/102 565/388/102
f 638/389/102 639/385/102 594/387/102
f 638/389/102 594/387/102 595/390/102
f 637/391/102 638/389/102 595/390/102
f 637/391/102 595/390/102 596/392/102
f 636/393/102 637/391/102 596/392/102
f 635/394/102 636/393/102 596/392/102
f 635/394/102 596/392/102 597/395/102
f 634/396/102 635/394/102 597/395/102
f 634/396/102 597/395/102 598/397/102
f 633/398/102 634/396/102 598/397/102
f 633/398/102 598/397/102 599/399/102
f 632/400/102 633/398/102 599/399/102
f 632/400/102 599/399/102 600/401/102
f 631/402/102 632/400/102 600/401/102
f 630/403/102 631/402/102 600/401/102
f 630/403/102 600/401/102 601/404/102
f 629/405/102 630/403/102 601/404/102
f 629/405/102 601/404/102 602/406/102
f 629/405/102 602/406/102 603/407/102
f 628/408/102 629/405/102 603/407/102
f 628/408/102 603/407/102 604/409/102
f 627/410/102 628/408/102 604/409/102
f 627/410/102 604/409/102 605/411/102
f 626/412/102 627/410/102 605/411/102
f 626/412/102 605/411/102 606/413/102
f 625/414/102 626/412/102 606/413/102
f 625/414/102 606/413/102 607/415/102
f 624/416/102 625/414/102 607/415/102
f 623/417/102 624/416/102 607/415/102
f 623/417/102 607/415/102 608/418/102
f 622/419/102 623/417/102 608/418/102
f 622/419/102 608/418/102 609/420/102
f 621/421/102 622/419/102 609/420/102
f 621/421/102 609/420/102 610/422/102
f 620/423/102 621/421/102 610/422/102
f 619/424/102 620/423/102 610/422/102
f 619/424/102 610/422/102 611/425/102
f 618/426/102 619/424/102 611/425/102
f 617/427/102 618/426/102 611/425/102
f 617/427/102 611/425/102 612/428/102
f 616/429/102 617/427/102 612/428/102
f 615/430/102 616/429/102 612/428/102
f 615/430/102 612/428/102 613/431/102
f 614/432/102 615/430/102 613/431/102
s 1
f 650/433/103 652/434/104 651/435/104 649/346/103
f 652/434/104 654/436/105 653/437/105 651/435/104
f 654/436/105 656/438/106 655/439/106 653/437/105
f 656/438/106 658/440/107 657/441/107 655/439/106
f 658/440/107 660/442/108 659/443/108 657/441/107
f 660/442/108 662/444/109 661/445/109 659/443/108
f 662/444/109 664/446/110 663/447/110 661/445/109
f 664/446/110 666/448/111 665/449/111 663/447/110
f 666/448/111 668/450/112 667/451/112 665/449/111
f 668/450/112 670/452/113 669/453/113 667/451/112
f 670/452/113 672/454/114 671/455/114 669/453/113
f 672/454/114 674/456/115 673/457/115 671/455/114
f 674/456/115 676/458/116 675/459/116 673/457/115
f 676/458/116 678/460/117 677/461/117 675/459/116
f 678/460/117 680/462/118 679/463/118 677/461/117
f 680/462/118 682/464/119 681/465/119 679/463/118
f 682/464/119 684/466/120 683/467/120 681/465/119
f 684/466/120 686/468/121 685/469/121 683/467/120
f 686/468/121 688/470/122 687/471/122 685/469/121
f 688/470/122 690/472/123 689/473/123 687/471/122
f 690/472/123 692/474/124 691/475/124 689/473/123
f 692/474/124 694/476/125 693/477/125 691/475/124
f 694/476/125 696/478/126 695/479/126 693/477/125
f 696/478/126 698/480/127 697/481/127 695/479/126
f 698/480/127 700/482/128 699/483/128 697/481/127
f 700/482/128 702/484/129 701/485/129 699/483/128
f 702/484/129 704/486/130 703/487/130 701/485/129
f 704/486/130 706/488/131 705/489/131 703/487/130
f 706/488/131 708/490/132 707/491/132 705/489/131
f 708/490/132 710/492/133 709/493/133 707/491/132
f 710/492/133 712/494/134 711/495/134 709/493/133
f 712/494/134 714/496/135 713/497/135 711/495/134
f 714/496/135 716/498/136 715/499/136 713/497/135
f 716/498/136 718/500/137 717/501/137 715/499/136
f 718/500/137 720/502/138 719/503/138 717/501/137
f 720/502/138 722/504/139 721/505/139 719/503/138
f 722/504/139 724/506/140 723/507/140 721/505/139
f 724/506/140 726/508/141 725/509/141 723/507/140
f 726/508/141 728/510/142 727/511/142 725/509/141
f 728/510/142 730/512/143 729/513/143 727/511/142
f 730/512/143 732/514/144 731/515/144 729/513/143
f 732/514/144 734/516/145 733/517/145 731/515/144
f 734/516/145 736/518/146 735/519/146 733/517/145
f 736/518/146 738/520/147 737/521/147 735/519/146
f 738/520/147 740/522/148 739/523/148 737/521/147
f 740/522/148 742/524/149 741/525/149 739/523/148
f 742/524/149 744/526/150 743/527/150 741/525/149
f 744/526/150 746/528/151 745/529/151 743/527/150
f 746/528/151 748/530/152 747/531/152 745/529/151
f 748/530/152 750/532/152 749/533/152 747/531/152
f 750/532/152 752/534/152 751/535/152 749/533/152
f 752/534/152 754/536/152 753/537/152 751/535/152
f 754/536/152 756/538/152 755/539/152 753/537/152
f 756/538/152 758/540/152 757/541/152 755/539/152
f 758/540/152 760/542/152 759/543/152 757/541/152
f 760/542/152 762/544/152 761/545/152 759/543/152
f 762/544/152 764/546/152 763/547/152 761/545/152
f 764/546/152 766/548/152 765/549/152 763/547/152
f 766/548/152 768/550/152 767/551/152 765/549/152
f 768/550/152 770/552/153 769/553/153 767/551/152
f 770/552/153 772/554/154 771/555/154 769/553/153
f 772/554/154 774/556/155 773/557/155 771/555/154
f 774/556/155 776/558/156 775/559/156 773/557/155
f 776/558/156 778/560/157 777/561/157 775/559/156
f 778/560/157 780/562/158 779/563/158 777/561/157
f 780/562/158 782/564/159 781/565/159 779/563/158
f 782/564/159 784/566/160 783/567/160 781/565/159
f 784/566/160 786/568/161 785/569/161 783/567/160
f 786/568/161 788/570/162 787/571/162 785/569/161
f 788/570/162 790/572/163 789/573/163 787/571/162
f 790/572/163 792/574/164 791/575/164 789/573/163
f 792/574/164 794/576/165 793/577/165 791/575/164
f 794/576/165 796/578/166 795/579/166 793/577/165
f 796/578/166 798/580/167 797/581/167 795/579/166
f 798/580/167 800/582/168 799/583/168 797/581/167
f 800/582/168 802/584/169 801/585/169 799/583/168
f 802/584/169 804/586/170 803/587/170 801/585/169
f 804/586/170 806/588/171 805/589/171 803/587/170
f 806/588/171 808/590/172 807/591/172 805/589/171
f 808/590/172 810/592/173 809/593/173 807/591/172
f 810/592/173 812/594/174 811/595/174 809/593/173
f 812/594/174 814/596/175 813/597/175 811/595/174
f 814/596/175 816/598/176 815/599/176 813/597/175
f 816/598/176 818/600/177 817/601/177 815/599/176
f 818/600/177 820/602/178 819/603/178 817/601/177
f 820/602/178 822/604/179 821/605/179 819/603/178
f 822/604/179 824/606/180 823/607/180 821/605/179
f 824/606/180 826/608/181 825/609/181 823/607/180
f 826/608/181 828/610/182 827/611/182 825/609/181
f 828/610/182 830/612/183 829/613/183 827/611/182
f 830/612/183 832/614/184 831/615/184 829/613/183
f 832/614/184 834/616/185 833/617/185 831/615/184
f 834/616/185 836/618/186 835/619/186 833/617/185
f 836/618/186 838/620/187 837/621/187 835/619/186
f 838/620/187 840/622/188 839/623/188 837/621/187
f 840/622/188 842/624/189 841/625/189 839/623/188
f 842/624/189 844/626/190 843/627/190 841/625/189
f 844/626/190 846/628/191 845/629/191 843/627/190
f 846/628/191 848/630/192 847/631/192 845/629/191
f 848/630/192 850/632/193 849/633/193 847/631/192
f 850/632/193 852/634/194 851/635/194 849/633/193
f 852/634/194 854/636/195 853/637/195 851/635/194
f 854/636/195 856/638/196 855/639/196 853/637/195
f 856/638/196 858/640/197 857/641/197 855/639/196
f 858/640/197 860/642/198 859/643/198 857/641/197
f 860/642/198 862/644/199 861/645/199 859/643/198
f 862/644/199 864/646/200 863/647/200 861/645/199
f 864/646/200 650/648/103 649/350/103 863/647/200
o Curve.001
v 6.752531 0.266096 -1.380792
v 6.829057 0.266096 -1.116030
v 6.879913 0.266096 -0.850084
v 6.905463 0.266096 -0.582971
v 6.906071 0.266096 -0.314707
v 6.882100 0.266096 -0.045310
v 6.833913 0.266096 0.225204
v 6.761874 0.266096 0.496819
v 6.666346 0.266096 0.769519
v 6.547692 0.266096 1.043286
v 6.406276 0.266096 1.318102
v 6.242461 0.266096 1.593954
v 6.056612 0.266096 1.870821
v 5.947009 0.266096 1.232654
v 5.719853 0.266096 0.666206
v 5.393938 0.266096 0.176092
v 4.988060 0.266096 -0.233073
v 4.521014 0.266096 -0.556675
v 4.011597 0.266096 -0.790097
v 3.478602 0.266096 -0.928726
v 2.940825 0.266096 -0.967946
v 2.417063 0.266096 -0.903142
v 1.926109 0.266096 -0.729700
v 1.486761 0.266096 -0.443005
v 1.117812 0.266096 -0.038442
v 0.959500 0.266096 -0.350084
v 0.845334 0.266096 -0.650490
v 0.775396 0.266096 -0.939493
v 0.749773 0.266096 -1.216924
v 0.768548 0.266096 -1.482616
v 0.831806 0.266096 -1.736401
v 0.939632 0.266096 -1.978109
v 1.092111 0.266096 -2.207575
v 1.289326 0.266096 -2.424630
v 1.531362 0.266096 -2.629105
v 1.818304 0.266096 -2.820833
v 2.150238 0.266096 -2.999645
v 2.529877 0.266096 -3.144678
v 2.947994 0.266096 -3.234039
v 3.393258 0.266096 -3.269160
v 3.854337 0.266096 -3.251473
v 4.319901 0.266096 -3.182411
v 4.778615 0.266096 -3.063407
v 5.219151 0.266096 -2.895892
v 5.630175 0.266096 -2.681299
v 6.000357 0.266096 -2.421060
v 6.318365 0.266096 -2.116607
v 6.572867 0.266096 -1.769374
v 6.752531 -0.266096 -1.380792
v 6.829057 -0.266096 -1.116030
v 6.879913 -0.266096 -0.850084
v 6.905463 -0.266096 -0.582971
v 6.906071 -0.266096 -0.314707
v 6.882100 -0.266096 -0.045310
v 6.833913 -0.266096 0.225204
v 6.761874 -0.266096 0.496819
v 6.666346 -0.266096 0.769519
v 6.547692 -0.266096 1.043286
v 6.406276 -0.266096 1.318102
v 6.242461 -0.266096 1.593954
v 6.056612 -0.266096 1.870821
v 5.947009 -0.266096 1.232654
v 5.719853 -0.266096 0.666206
v 5.393938 -0.266096 0.176092
v 4.988060 -0.266096 -0.233073
v 4.521014 -0.266096 -0.556675
v 4.011597 -0.266096 -0.790097
v 3.478602 -0.266096 -0.928726
v 2.940825 -0.266096 -0.967946
v 2.417063 -0.266096 -0.903142
v 1.926109 -0.266096 -0.729700
v 1.486761 -0.266096 -0.443005
v 1.117812 -0.266096 -0.038442
v 0.959500 -0.266096 -0.350084
v 0.845334 -0.266096 -0.650490
v 0.775396 -0.266096 -0.939493
v 0.749773 -0.266096 -1.216924
v 0.768548 -0.266096 -1.482616
v 0.831806 -0.266096 -1.736401
v 0.939632 -0.266096 -1.978109
v 1.092111 -0.266096 -2.207575
v 1.289326 -0.266096 -2.424630
v 1.531362 -0.266096 -2.629105
v 1.818304 -0.266096 -2.820833
v 2.150238 -0.266096 -2.999645
v 2.529877 -0.266096 -3.144678
v 2.947994 -0.266096 -3.234039
v 3.393258 -0.266096 -3.269160
v 3.854337 -0.266096 -3.251473
v 4.319901 -0.266096 -3.182411
v 4.778615 -0.266096 -3.063407
v 5.219151 -0.266096 -2.895892
v 5.630175 -0.266096 -2.681299
v 6.000357 -0.266096 -2.421060
v 6.318365 -0.266096 -2.116607
v 6.572867 -0.266096 -1.769374
v 6.752531 -0.266096 -1.380792
v 6.752531 0.266096 -1.380792
v 6.829057 -0.266096 -1.116030
v 6.829057 0.266096 -1.116030
v 6.879913 -0.266096 -0.850084
v 6.879913 0.266096 -0.850084
v 6.905463 -0.266096 -0.582971
v 6.905463 0.266096 -0.582971
v 6.906071 -0.266096 -0.314707
v 6.906071 0.266096 -0.314707
v 6.882100 -0.266096 -0.045310
v 6.882100 0.266096 -0.045310
v 6.833913 -0.266096 0.225204
v 6.833913 0.266096 0.225204
v 6.761874 -0.266096 0.496819
v 6.761874 0.266096 0.496819
v 6.666346 -0.266096 0.769519
v 6.666346 0.266096 0.769519
v 6.547692 -0.266096 1.043286
v 6.547692 0.266096 1.043286
v 6.406276 -0.266096 1.318102
v 6.406276 0.266096 1.318102
v 6.242461 -0.266096 1.593954
v 6.242461 0.266096 1.593954
v 6.056612 -0.266096 1.870821
v 6.056612 0.266096 1.870821
v 5.947009 -0.266096 1.232654
v 5.947009 0.266096 1.232654
v 5.719853 -0.266096 0.666206
v 5.719853 0.266096 0.666206
v 5.393938 -0.266096 0.176092
v 5.393938 0.266096 0.176092
v 4.988060 -0.266096 -0.233073
v 4.988060 0.266096 -0.233073
v 4.521014 -0.266096 -0.556675
v 4.521014 0.266096 -0.556675
v 4.011597 -0.266096 -0.790097
v 4.011597 0.266096 -0.790097
v 3.478602 -0.266096 -0.928726
v 3.478602 0.266096 -0.928726
v 2.940825 -0.266096 -0.967946
v 2.940825 0.266096 -0.967946
v 2.417063 -0.266096 -0.903142
v 2.417063 0.266096 -0.903142
v 1.926109 -0.266096 -0.729700
v 1.926109 0.266096 -0.729700
v 1.486761 -0.266096 -0.443005
v 1.486761 0.266096 -0.443005
v 1.117812 -0.266096 -0.038442
v 1.117812 0.266096 -0.038442
v 0.959500 -0.266096 -0.350084
v 0.959500 0.266096 -0.350084
v 0.845334 -0.266096 -0.650490
v 0.845334 0.266096 -0.650490
v 0.775396 -0.266096 -0.939493
v 0.775396 0.266096 -0.939493
v 0.749773 -0.266096 -1.216924
v 0.749773 0.266096 -1.216924
v 0.768548 -0.266096 -1.482616
v 0.768548 0.266096 -1.482616
v 0.831806 -0.266096 -1.736401
v 0.831806 0.266096 -1.736401
v 0.939632 -0.266096 -1.978109
v 0.939632 0.266096 -1.978109
v 1.092111 -0.266096 -2.207575
v 1.092111 0.266096 -2.207575
v 1.289326 -0.266096 -2.424630
v 1.289326 0.266096 -2.424630
v 1.531362 -0.266096 -2.629105
v 1.531362 0.266096 -2.629105
v 1.818304 -0.266096 -2.820833
v 1.818304 0.266096 -2.820833
v 2.150238 -0.266096 -2.999645
v 2.150238 0.266096 -2.999645
v 2.529877 -0.266096 -3.144678
v 2.529877 0.266096 -3.144678
v 2.947994 -0.266096 -3.234039
v 2.947994 0.266096 -3.234039
v 3.393258 -0.266096 -3.269160
v 3.393258 0.266096 -3.269160
v 3.854337 -0.266096 -3.251473
v 3.854337 0.266096 -3.251473
v 4.319901 -0.266096 -3.182411
v 4.319901 0.266096 -3.182411
v 4.778615 -0.266096 -3.063407
v 4.778615 0.266096 -3.063407
v 5.219151 -0.266096 -2.895892
v 5.219151 0.266096 -2.895892
v 5.630175 -0.266096 -2.681299
v 5.630175 0.266096 -2.681299
v 6.000357 -0.266096 -2.421060
v 6.000357 0.266096 -2.421060
v 6.318365 -0.266096 -2.116607
v 6.318365 0.266096 -2.116607
v 6.572867 -0.266096 -1.769374
v 6.572867 0.266096 -1.769374
vn -0.0000 1.0000 -0.0000
vn -0.0000 -1.0000 -0.0000
vn 0.9369 -0.0000 -0.3497
vn 0.9725 -0.0000 -0.2330
vn 0.9899 -0.0000 -0.1417
vn 0.9988 -0.0000 -0.0488
vn 0.9991 -0.0000 0.0432
vn 0.9912 -0.0000 0.1321
vn 0.9764 -0.0000 0.2161
vn 0.9559 -0.0000 0.2937
vn 0.9313 -0.0000 0.3644
vn 0.9039 -0.0000 0.4278
vn 0.8749 -0.0000 0.4843
vn 0.8454 -0.0000 0.5342
vn -0.2090 -0.0000 0.9779
vn -0.9622 -0.0000 0.2723
vn -0.8851 -0.0000 0.4654
vn -0.7750 -0.0000 0.6320
vn -0.6424 -0.0000 0.7663
vn -0.4950 -0.0000 0.8689
vn -0.3354 -0.0000 0.9421
vn -0.1629 -0.0000 0.9866
vn 0.0251 -0.0000 0.9997
vn 0.2293 -0.0000 0.9734
vn 0.4429 -0.0000 0.8966
vn 0.6479 -0.0000 0.7618
vn -0.1343 -0.0000 0.9909
vn -0.9145 -0.0000 0.4047
vn -0.9552 -0.0000 0.2958
vn -0.9865 -0.0000 0.1640
vn -0.9999 -0.0000 0.0108
vn -0.9876 -0.0000 -0.1568
vn -0.9454 -0.0000 -0.3259
vn -0.8761 -0.0000 -0.4821
vn -0.7888 -0.0000 -0.6147
vn -0.6942 -0.0000 -0.7197
vn -0.6014 -0.0000 -0.7989
vn -0.5155 -0.0000 -0.8569
vn -0.4164 -0.0000 -0.9092
vn -0.2838 -0.0000 -0.9589
vn -0.1441 -0.0000 -0.9896
vn -0.0202 -0.0000 -0.9998
vn 0.0927 -0.0000 -0.9957
vn 0.1992 -0.0000 -0.9800
vn 0.3037 -0.0000 -0.9528
vn 0.4098 -0.0000 -0.9122
vn 0.5201 -0.0000 -0.8541
vn 0.6351 -0.0000 -0.7724
vn 0.7519 -0.0000 -0.6593
vn 0.8614 -0.0000 -0.5079
vt 0.234043 0.000000
vt 0.276596 0.000000
vt 0.255319 0.000000
vt 0.212766 0.000000
vt 0.191489 0.000000
vt 0.297872 0.000000
vt 0.170213 0.000000
vt 0.148936 0.000000
vt 0.319149 0.000000
vt 0.127660 0.000000
vt 0.106383 0.000000
vt 0.340426 0.000000
vt 0.489362 0.000000
vt 0.531915 0.000000
vt 0.510638 0.000000
vt 0.085106 0.000000
vt 0.361702 0.000000
vt 0.063830 0.000000
vt 0.553191 0.000000
vt 0.468085 0.000000
vt 0.382979 0.000000
vt 0.042553 0.000000
vt 0.574468 0.000000
vt 0.446809 0.000000
vt 0.404255 0.000000
vt 0.021277 0.000000
vt 0.425532 0.000000
vt 0.595745 0.000000
vt 0.000000 0.000000
vt 0.617021 0.000000
vt 1.000000 0.000000
vt 0.638298 0.000000
vt 0.659574 0.000000
vt 0.978723 0.000000
vt 0.680851 0.000000
vt 0.957447 0.000000
vt 0.702128 0.000000
vt 0.936170 0.000000
vt 0.723404 0.000000
vt 0.744681 0.000000
vt 0.914894 0.000000
vt 0.765957 0.000000
vt 0.893617 0.000000
vt 0.787234 0.000000
vt 0.872340 0.000000
vt 0.808511 0.000000
vt 0.851064 0.000000
vt 0.829787 0.000000
vt 0.000000 1.000000
vt 0.020833 1.000000
vt 0.020833 0.000000
vt 0.041667 1.000000
vt 0.041667 0.000000
vt 0.062500 1.000000
vt 0.062500 0.000000
vt 0.083333 1.000000
vt 0.083333 0.000000
vt 0.104167 1.000000
vt 0.104167 0.000000
vt 0.125000 1.000000
vt 0.125000 0.000000
vt 0.145833 1.000000
vt 0.145833 0.000000
vt 0.166667 1.000000
vt 0.166667 0.000000
vt 0.187500 1.000000
vt 0.187500 0.000000
vt 0.208333 1.000000
vt 0.208333 0.000000
vt 0.229167 1.000000
vt 0.229167 0.000000
vt 0.250000 1.000000
vt 0.250000 0.000000
vt 0.270833 1.000000
vt 0.270833 0.000000
vt 0.291667 1.000000
vt 0.291667 0.000000
vt 0.312500 1.000000
vt 0.312500 0.000000
vt 0.333333 1.000000
vt 0.333333 0.000000
vt 0.354167 1.000000
vt 0.354167 0.000000
vt 0.375000 1.000000
vt 0.375000 0.000000
vt 0.395833 1.000000
vt 0.395833 0.000000
vt 0.416667 1.000000
vt 0.416667 0.000000
vt 0.437500 1.000000
vt 0.437500 0.000000
vt 0.458333 1.000000
vt 0.458333 0.000000
vt 0.479167 1.000000
vt 0.479167 0.000000
vt 0.500000 1.000000
vt 0.500000 0.000000
vt 0.520833 1.000000
vt 0.520833 0.000000
vt 0.541667 1.000000
vt 0.541667 0.000000
vt 0.562500 1.000000
vt 0.562500 0.000000
vt 0.583333 1.000000
vt 0.583333 0.000000
vt 0.604167 1.000000
vt 0.604167 0.000000
vt 0.625000 1.000000
vt 0.625000 0.000000
vt 0.645833 1.000000
vt 0.645833 0.000000
vt 0.666667 1.000000
vt 0.666667 0.000000
vt 0.687500 1.000000
vt 0.687500 0.000000
vt 0.708333 1.000000
vt 0.708333 0.000000
vt 0.729167 1.000000
vt 0.729167 0.000000
vt 0.750000 1.000000
vt 0.750000 0.000000
vt 0.770833 1.000000
vt 0.770833 0.000000
vt 0.791667 1.000000
vt 0.791667 0.000000
vt 0.812500 1.000000
vt 0.812500 0.000000
vt 0.833333 1.000000
vt 0.833333 0.000000
vt 0.854167 1.000000
vt 0.854167 0.000000
vt 0.875000 1.000000
vt 0.875000 0.000000
vt 0.895833 1.000000
vt 0.895833 0.000000
vt 0.916667 1.000000
vt 0.916667 0.000000
vt 0.937500 1.000000
vt 0.937500 0.000000
vt 0.958333 1.000000
vt 0.958333 0.000000
vt 0.979167 1.000000
vt 0.979167 0.000000
vt 1.000000 1.000000
s 0
usemtl SVGMat.012
f 876/649/201 878/650/201 877/651/201
f 875/652/201 878/650/201 876/649/201
f 874/653/201 878/650/201 875/652/201
f 874/653/201 879/654/201 878/650/201
f 873/655/201 879/654/201 874/653/201
f 872/656/201 879/654/201 873/655/201
f 872/656/201 880/657/201 879/654/201
f 871/658/201 880/657/201 872/656/201
f 870/659/201 880/657/201 871/658/201
f 870/659/201 881/660/201 880/657/201
f 888/661/201 890/662/201 889/663/201
f 869/664/201 881/660/201 870/659/201
f 869/664/201 882/665/201 881/660/201
f 868/666/201 882/665/201 869/664/201
f 888/661/201 891/667/201 890/662/201
f 887/668/201 891/667/201 888/661/201
f 868/666/201 883/669/201 882/665/201
f 867/670/201 883/669/201 868/666/201
f 887/668/201 892/671/201 891/667/201
f 886/672/201 892/671/201 887/668/201
f 867/670/201 884/673/201 883/669/201
f 866/674/201 884/673/201 867/670/201
f 885/675/201 892/671/201 886/672/201
f 866/674/201 885/675/201 884/673/201
f 885/675/201 893/676/201 892/671/201
f 866/674/201 893/676/201 885/675/201
f 865/677/201 893/676/201 866/674/201
f 865/677/201 894/678/201 893/676/201
f 912/679/201 894/678/201 865/677/201
f 912/679/201 895/680/201 894/678/201
f 912/679/201 896/681/201 895/680/201
f 911/682/201 896/681/201 912/679/201
f 911/682/201 897/683/201 896/681/201
f 910/684/201 897/683/201 911/682/201
f 910/684/201 898/685/201 897/683/201
f 909/686/201 898/685/201 910/684/201
f 909/686/201 899/687/201 898/685/201
f 909/686/201 900/688/201 899/687/201
f 908/689/201 900/688/201 909/686/201
f 908/689/201 901/690/201 900/688/201
f 907/691/201 901/690/201 908/689/201
f 907/691/201 902/692/201 901/690/201
f 906/693/201 902/692/201 907/691/201
f 906/693/201 903/694/201 902/692/201
f 905/695/201 903/694/201 906/693/201
f 905/695/201 904/696/201 903/694/201
f 924/649/202 925/651/202 926/650/202
f 923/652/202 924/649/202 926/650/202
f 922/653/202 923/652/202 926/650/202
f 922/653/202 926/650/202 927/654/202
f 921/655/202 922/653/202 927/654/202
f 920/656/202 921/655/202 927/654/202
f 920/656/202 927/654/202 928/657/202
f 919/658/202 920/656/202 928/657/202
f 918/659/202 919/658/202 928/657/202
f 918/659/202 928/657/202 929/660/202
f 936/661/202 937/663/202 938/662/202
f 917/664/202 918/659/202 929/660/202
f 917/664/202 929/660/202 930/665/202
f 916/666/202 917/664/202 930/665/202
f 936/661/202 938/662/202 939/667/202
f 935/668/202 936/661/202 939/667/202
f 916/666/202 930/665/202 931/669/202
f 915/670/202 916/666/202 931/669/202
f 935/668/202 939/667/202 940/671/202
f 934/672/202 935/668/202 940/671/202
f 915/670/202 931/669/202 932/673/202
f 914/674/202 915/670/202 932/673/202
f 933/675/202 934/672/202 940/671/202
f 914/674/202 932/673/202 933/675/202
f 933/675/202 940/671/202 941/676/202
f 914/674/202 933/675/202 941/676/202
f 913/677/202 914/674/202 941/676/202
f 913/677/202 941/676/202 942/678/202
f 960/679/202 913/677/202 942/678/202
f 960/679/202 942/678/202 943/680/202
f 960/679/202 943/680/202 944/681/202
f 959/682/202 960/679/202 944/681/202
f 959/682/202 944/681/202 945/683/202
f 958/684/202 959/682/202 945/683/202
f 958/684/202 945/683/202 946/685/202
f 957/686/202 958/684/202 946/685/202
f 957/686/202 946/685/202 947/687/202
f 957/686/202 947/687/202 948/688/202
f 956/689/202 957/686/202 948/688/202
f 956/689/202 948/688/202 949/690/202
f 955/691/202 956/689/202 949/690/202
f 955/691/202 949/690/202 950/692/202
f 954/693/202 955/691/202 950/692/202
f 954/693/202 950/692/202 951/694/202
f 953/695/202 954/693/202 951/694/202
f 953/695/202 951/694/202 952/696/202
s 1
f 962/697/203 964/698/204 963/699/204 961/677/203
f 964/698/204 966/700/205 965/701/205 963/699/204
f 966/700/205 968/702/206 967/703/206 965/701/205
f 968/702/206 970/704/207 969/705/207 967/703/206
f 970/704/207 972/706/208 971/707/208 969/705/207
f 972/706/208 974/708/209 973/709/209 971/707/208
f 974/708/209 976/710/210 975/711/210 973/709/209
f 976/710/210 978/712/211 977/713/211 975/711/210
f 978/712/211 980/714/212 979/715/212 977/713/211
f 980/714/212 982/716/213 981/717/213 979/715/212
f 982/716/213 984/718/214 983/719/214 981/717/213
f 984/718/214 986/720/215 985/721/215 983/719/214
f 986/720/215 988/722/216 987/723/216 985/721/215
f 988/722/216 990/724/217 989/725/217 987/723/216
f 990/724/217 992/726/218 991/727/218 989/725/217
f 992/726/218 994/728/219 993/729/219 991/727/218
f 994/728/219 996/730/220 995/731/220 993/729/219
f 996/730/220 998/732/221 997/733/221 995/731/220
f 998/732/221 1000/734/222 999/735/222 997/733/221
f 1000/734/222 1002/736/223 1001/737/223 999/735/222
f 1002/736/223 1004/738/224 1003/739/224 1001/737/223
f 1004/738/224 1006/740/225 1005/741/225 1003/739/224
f 1006/740/225 1008/742/226 1007/743/226 1005/741/225
f 1008/742/226 1010/744/227 1009/745/227 1007/743/226
f 1010/744/227 1012/746/228 1011/747/228 1009/745/227
f 1012/746/228 1014/748/229 1013/749/229 1011/747/228
f 1014/748/229 1016/750/230 1015/751/230 1013/749/229
f 1016/750/230 1018/752/231 1017/753/231 1015/751/230
f 1018/752/231 1020/754/232 1019/755/232 1017/753/231
f 1020/754/232 1022/756/233 1021/757/233 1019/755/232
f 1022/756/233 1024/758/234 1023/759/234 1021/757/233
f 1024/758/234 1026/760/235 1025/761/235 1023/759/234
f 1026/760/235 1028/762/236 1027/763/236 1025/761/235
f 1028/762/236 1030/764/237 1029/765/237 1027/763/236
f 1030/764/237 1032/766/238 1031/767/238 1029/765/237
f 1032/766/238 1034/768/239 1033/769/239 1031/767/238
f 1034/768/239 1036/770/240 1035/771/240 1033/769/239
f 1036/770/240 1038/772/241 1037/773/241 1035/771/240
f 1038/772/241 1040/774/242 1039/775/242 1037/773/241
f 1040/774/242 1042/776/243 1041/777/243 1039/775/242
f 1042/776/243 1044/778/244 1043/779/244 1041/777/243
f 1044/778/244 1046/780/245 1045/781/245 1043/779/244
f 1046/780/245 1048/782/246 1047/783/246 1045/781/245
f 1048/782/246 1050/784/247 1049/785/247 1047/783/246
f 1050/784/247 1052/786/248 1051/787/248 1049/785/247
f 1052/786/248 1054/788/249 1053/789/249 1051/787/248
f 1054/788/249 1056/790/250 1055/791/250 1053/789/249
f 1056/790/250 962/792/203 961/679/203 1055/791/250
o Curve.001
v 6.752531 0.266096 -1.380792
v 6.829057 0.266096 -1.116030
v 6.879913 0.266096 -0.850084
v 6.905463 0.266096 -0.582971
v 6.906071 0.266096 -0.314707
v 6.882100 0.266096 -0.045310
v 6.833913 0.266096 0.225204
v 6.761874 0.266096 0.496819
v 6.666346 0.266096 0.769519
v 6.547692 0.266096 1.043286
v 6.406276 0.266096 1.318102
v 6.242461 0.266096 1.593954
v 6.056612 0.266096 1.870821
v 5.947009 0.266096 1.232654
v 5.719853 0.266096 0.666206
v 5.393938 0.266096 0.176092
v 4.988060 0.266096 -0.233073
v 4.521014 0.266096 -0.556675
v 4.011597 0.266096 -0.790097
v 3.478602 0.266096 -0.928726
v 2.940825 0.266096 -0.967946
v 2.417063 0.266096 -0.903142
v 1.926109 0.266096 -0.729700
v 1.486761 0.266096 -0.443005
v 1.117812 0.266096 -0.038442
v 0.959500 0.266096 -0.350084
v 0.845334 0.266096 -0.650490
v 0.775396 0.266096 -0.939493
v 0.749773 0.266096 -1.216924
v 0.768548 0.266096 -1.482616
v 0.831806 0.266096 -1.736401
v 0.939632 0.266096 -1.978109
v 1.092111 0.266096 -2.207575
v 1.289326 0.266096 -2.424630
v 1.531362 0.266096 -2.629105
v 1.818304 0.266096 -2.820833
v 2.150238 0.266096 -2.999645
v 2.529877 0.266096 -3.144678
v 2.947994 0.266096 -3.234039
v 3.393258 0.266096 -3.269160
v 3.854337 0.266096 -3.251473
v 4.319901 0.266096 -3.182411
v 4.778615 0.266096 -3.063407
v 5.219151 0.266096 -2.895892
v 5.630175 0.266096 -2.681299
v 6.000357 0.266096 -2.421060
v 6.318365 0.266096 -2.116607
v 6.572867 0.266096 -1.769374
v 6.752531 -0.266096 -1.380792
v 6.829057 -0.266096 -1.116030
v 6.879913 -0.266096 -0.850084
v 6.905463 -0.266096 -0.582971
v 6.906071 -0.266096 -0.314707
v 6.882100 -0.266096 -0.045310
v 6.833913 -0.266096 0.225204
v 6.761874 -0.266096 0.496819
v 6.666346 -0.266096 0.769519
v 6.547692 -0.266096 1.043286
v 6.406276 -0.266096 1.318102
v 6.242461 -0.266096 1.593954
v 6.056612 -0.266096 1.870821
v 5.947009 -0.266096 1.232654
v 5.719853 -0.266096 0.666206
v 5.393938 -0.266096 0.176092
v 4.988060 -0.266096 -0.233073
v 4.521014 -0.266096 -0.556675
v 4.011597 -0.266096 -0.790097
v 3.478602 -0.266096 -0.928726
v 2.940825 -0.266096 -0.967946
v 2.417063 -0.266096 -0.903142
v 1.926109 -0.266096 -0.729700
v 1.486761 -0.266096 -0.443005
v 1.117812 -0.266096 -0.038442
v 0.959500 -0.266096 -0.350084
v 0.845334 -0.266096 -0.650490
v 0.775396 -0.266096 -0.939493
v 0.749773 -0.266096 -1.216924
v 0.768548 -0.266096 -1.482616
v 0.831806 -0.266096 -1.736401
v 0.939632 -0.266096 -1.978109
v 1.092111 -0.266096 -2.207575
v 1.289326 -0.266096 -2.424630
v 1.531362 -0.266096 -2.629105
v 1.818304 -0.266096 -2.820833
v 2.150238 -0.266096 -2.999645
v 2.529877 -0.266096 -3.144678
v 2.947994 -0.266096 -3.234039
v 3.393258 -0.266096 -3.269160
v 3.854337 -0.266096 -3.251473
v 4.319901 -0.266096 -3.182411
v 4.778615 -0.266096 -3.063407
v 5.219151 -0.266096 -2.895892
v 5.630175 -0.266096 -2.681299
v 6.000357 -0.266096 -2.421060
v 6.318365 -0.266096 -2.116607
v 6.572867 -0.266096 -1.769374
v 6.752531 -0.266096 -1.380792
v 6.752531 0.266096 -1.380792
v 6.829057 -0.266096 -1.116030
v 6.829057 0.266096 -1.116030
v 6.879913 -0.266096 -0.850084
v 6.879913 0.266096 -0.850084
v 6.905463 -0.266096 -0.582971
v 6.905463 0.266096 -0.582971
v 6.906071 -0.266096 -0.314707
v 6.906071 0.266096 -0.314707
v 6.882100 -0.266096 -0.045310
v 6.882100 0.266096 -0.045310
v 6.833913 -0.266096 0.225204
v 6.833913 0.266096 0.225204
v 6.761874 -0.266096 0.496819
v 6.761874 0.266096 0.496819
v 6.666346 -0.266096 0.769519
v 6.666346 0.266096 0.769519
v 6.547692 -0.266096 1.043286
v 6.547692 0.266096 1.043286
v 6.406276 -0.266096 1.318102
v 6.406276 0.266096 1.318102
v 6.242461 -0.266096 1.593954
v 6.242461 0.266096 1.593954
v 6.056612 -0.266096 1.870821
v 6.056612 0.266096 1.870821
v 5.947009 -0.266096 1.232654
v 5.947009 0.266096 1.232654
v 5.719853 -0.266096 0.666206
v 5.719853 0.266096 0.666206
v 5.393938 -0.266096 0.176092
v 5.393938 0.266096 0.176092
v 4.988060 -0.266096 -0.233073
v 4.988060 0.266096 -0.233073
v 4.521014 -0.266096 -0.556675
v 4.521014 0.266096 -0.556675
v 4.011597 -0.266096 -0.790097
v 4.011597 0.266096 -0.790097
v 3.478602 -0.266096 -0.928726
v 3.478602 0.266096 -0.928726
v 2.940825 -0.266096 -0.967946
v 2.940825 0.266096 -0.967946
v 2.417063 -0.266096 -0.903142
v 2.417063 0.266096 -0.903142
v 1.926109 -0.266096 -0.729700
v 1.926109 0.266096 -0.729700
v 1.486761 -0.266096 -0.443005
v 1.486761 0.266096 -0.443005
v 1.117812 -0.266096 -0.038442
v 1.117812 0.266096 -0.038442
v 0.959500 -0.266096 -0.350084
v 0.959500 0.266096 -0.350084
v 0.845334 -0.266096 -0.650490
v 0.845334 0.266096 -0.650490
v 0.775396 -0.266096 -0.939493
v 0.775396 0.266096 -0.939493
v 0.749773 -0.266096 -1.216924
v 0.749773 0.266096 -1.216924
v 0.768548 -0.266096 -1.482616
v 0.768548 0.266096 -1.482616
v 0.831806 -0.266096 -1.736401
v 0.831806 0.266096 -1.736401
v 0.939632 -0.266096 -1.978109
v 0.939632 0.266096 -1.978109
v 1.092111 -0.266096 -2.207575
v 1.092111 0.266096 -2.207575
v 1.289326 -0.266096 -2.424630
v 1.289326 0.266096 -2.424630
v 1.531362 -0.266096 -2.629105
v 1.531362 0.266096 -2.629105
v 1.818304 -0.266096 -2.820833
v 1.818304 0.266096 -2.820833
v 2.150238 -0.266096 -2.999645
v 2.150238 0.266096 -2.999645
v 2.529877 -0.266096 -3.144678
v 2.529877 0.266096 -3.144678
v 2.947994 -0.266096 -3.234039
v 2.947994 0.266096 -3.234039
v 3.393258 -0.266096 -3.269160
v 3.393258 0.266096 -3.269160
v 3.854337 -0.266096 -3.251473
v 3.854337 0.266096 -3.251473
v 4.319901 -0.266096 -3.182411
v 4.319901 0.266096 -3.182411
v 4.778615 -0.266096 -3.063407
v 4.778615 0.266096 -3.063407
v 5.219151 -0.266096 -2.895892
v 5.219151 0.266096 -2.895892
v 5.630175 -0.266096 -2.681299
v 5.630175 0.266096 -2.681299
v 6.000357 -0.266096 -2.421060
v 6.000357 0.266096 -2.421060
v 6.318365 -0.266096 -2.116607
v 6.318365 0.266096 -2.116607
v 6.572867 -0.266096 -1.769374
v 6.572867 0.266096 -1.769374
vn -0.0000 1.0000 -0.0000
vn -0.0000 -1.0000 -0.0000
vn 0.9369 -0.0000 -0.3497
vn 0.9725 -0.0000 -0.2330
vn 0.9899 -0.0000 -0.1417
vn 0.9988 -0.0000 -0.0488
vn 0.9991 -0.0000 0.0432
vn 0.9912 -0.0000 0.1321
vn 0.9764 -0.0000 0.2161
vn 0.9559 -0.0000 0.2937
vn 0.9313 -0.0000 0.3644
vn 0.9039 -0.0000 0.4278
vn 0.8749 -0.0000 0.4843
vn 0.8454 -0.0000 0.5342
vn -0.2090 -0.0000 0.9779
vn -0.9622 -0.0000 0.2723
vn -0.8851 -0.0000 0.4654
vn -0.7750 -0.0000 0.6320
vn -0.6424 -0.0000 0.7663
vn -0.4950 -0.0000 0.8689
vn -0.3354 -0.0000 0.9421
vn -0.1629 -0.0000 0.9866
vn 0.0251 -0.0000 0.9997
vn 0.2293 -0.0000 0.9734
vn 0.4429 -0.0000 0.8966
vn 0.6479 -0.0000 0.7618
vn -0.1343 -0.0000 0.9909
vn -0.9145 -0.0000 0.4047
vn -0.9552 -0.0000 0.2958
vn -0.9865 -0.0000 0.1640
vn -0.9999 -0.0000 0.0108
vn -0.9876 -0.0000 -0.1568
vn -0.9454 -0.0000 -0.3259
vn -0.8761 -0.0000 -0.4821
vn -0.7888 -0.0000 -0.6147
vn -0.6942 -0.0000 -0.7197
vn -0.6014 -0.0000 -0.7989
vn -0.5155 -0.0000 -0.8569
vn -0.4164 -0.0000 -0.9092
vn -0.2838 -0.0000 -0.9589
vn -0.1441 -0.0000 -0.9896
vn -0.0202 -0.0000 -0.9998
vn 0.0927 -0.0000 -0.9957
vn 0.1992 -0.0000 -0.9800
vn 0.3037 -0.0000 -0.9528
vn 0.4098 -0.0000 -0.9122
vn 0.5201 -0.0000 -0.8541
vn 0.6351 -0.0000 -0.7724
vn 0.7519 -0.0000 -0.6593
vn 0.8614 -0.0000 -0.5079
vt 0.234043 0.000000
vt 0.276596 0.000000
vt 0.255319 0.000000
vt 0.212766 0.000000
vt 0.191489 0.000000
vt 0.297872 0.000000
vt 0.170213 0.000000
vt 0.148936 0.000000
vt 0.319149 0.000000
vt 0.127660 0.000000
vt 0.106383 0.000000
vt 0.340426 0.000000
vt 0.489362 0.000000
vt 0.531915 0.000000
vt 0.510638 0.000000
vt 0.085106 0.000000
vt 0.361702 0.000000
vt 0.063830 0.000000
vt 0.553191 0.000000
vt 0.468085 0.000000
vt 0.382979 0.000000
vt 0.042553 0.000000
vt 0.574468 0.000000
vt 0.446809 0.000000
vt 0.404255 0.000000
vt 0.021277 0.000000
vt 0.425532 0.000000
vt 0.595745 0.000000
vt 0.000000 0.000000
vt 0.617021 0.000000
vt 1.000000 0.000000
vt 0.638298 0.000000
vt 0.659574 0.000000
vt 0.978723 0.000000
vt 0.680851 0.000000
vt 0.957447 0.000000
vt 0.702128 0.000000
vt 0.936170 0.000000
vt 0.723404 0.000000
vt 0.744681 0.000000
vt 0.914894 0.000000
vt 0.765957 0.000000
vt 0.893617 0.000000
vt 0.787234 0.000000
vt 0.872340 0.000000
vt 0.808511 0.000000
vt 0.851064 0.000000
vt 0.829787 0.000000
vt 0.000000 1.000000
vt 0.020833 1.000000
vt 0.020833 0.000000
vt 0.041667 1.000000
vt 0.041667 0.000000
vt 0.062500 1.000000
vt 0.062500 0.000000
vt 0.083333 1.000000
vt 0.083333 0.000000
vt 0.104167 1.000000
vt 0.104167 0.000000
vt 0.125000 1.000000
vt 0.125000 0.000000
vt 0.145833 1.000000
vt 0.145833 0.000000
vt 0.166667 1.000000
vt 0.166667 0.000000
vt 0.187500 1.000000
vt 0.187500 0.000000
vt 0.208333 1.000000
vt 0.208333 0.000000
vt 0.229167 1.000000
vt 0.229167 0.000000
vt 0.250000 1.000000
vt 0.250000 0.000000
vt 0.270833 1.000000
vt 0.270833 0.000000
vt 0.291667 1.000000
vt 0.291667 0.000000
vt 0.312500 1.000000
vt 0.312500 0.000000
vt 0.333333 1.000000
vt 0.333333 0.000000
vt 0.354167 1.000000
vt 0.354167 0.000000
vt 0.375000 1.000000
vt 0.375000 0.000000
vt 0.395833 1.000000
vt 0.395833 0.000000
vt 0.416667 1.000000
vt 0.416667 0.000000
vt 0.437500 1.000000
vt 0.437500 0.000000
vt 0.458333 1.000000
vt 0.458333 0.000000
vt 0.479167 1.000000
vt 0.479167 0.000000
vt 0.500000 1.000000
vt 0.500000 0.000000
vt 0.520833 1.000000
vt 0.520833 0.000000
vt 0.541667 1.000000
vt 0.541667 0.000000
vt 0.562500 1.000000
vt 0.562500 0.000000
vt 0.583333 1.000000
vt 0.583333 0.000000
vt 0.604167 1.000000
vt 0.604167 0.000000
vt 0.625000 1.000000
vt 0.625000 0.000000
vt 0.645833 1.000000
vt 0.645833 0.000000
vt 0.666667 1.000000
vt 0.666667 0.000000
vt 0.687500 1.000000
vt 0.687500 0.000000
vt 0.708333 1.000000
vt 0.708333 0.000000
vt 0.729167 1.000000
vt 0.729167 0.000000
vt 0.750000 1.000000
vt 0.750000 0.000000
vt 0.770833 1.000000
vt 0.770833 0.000000
vt 0.791667 1.000000
vt 0.791667 0.000000
vt 0.812500 1.000000
vt 0.812500 0.000000
vt 0.833333 1.000000
vt 0.833333 0.000000
vt 0.854167 1.000000
vt 0.854167 0.000000
vt 0.875000 1.000000
vt 0.875000 0.000000
vt 0.895833 1.000000
vt 0.895833 0.000000
vt 0.916667 1.000000
vt 0.916667 0.000000
vt 0.937500 1.000000
vt 0.937500 0.000000
vt 0.958333 1.000000
vt 0.958333 0.000000
vt 0.979167 1.000000
vt 0.979167 0.000000
vt 1.000000 1.000000
s 0
usemtl SVGMat.012
f 1068/793/251 1070/794/251 1069/795/251
f 1067/796/251 1070/794/251 1068/793/251
f 1066/797/251 1070/794/251 1067/796/251
f 1066/797/251 1071/798/251 1070/794/251
f 1065/799/251 1071/798/251 1066/797/251
f 1064/800/251 1071/798/251 1065/799/251
f 1064/800/251 1072/801/251 1071/798/251
f 1063/802/251 1072/801/251 1064/800/251
f 1062/803/251 1072/801/251 1063/802/251
f 1062/803/251 1073/804/251 1072/801/251
f 1080/805/251 1082/806/251 1081/807/251
f 1061/808/251 1073/804/251 1062/803/251
f 1061/808/251 1074/809/251 1073/804/251
f 1060/810/251 1074/809/251 1061/808/251
f 1080/805/251 1083/811/251 1082/806/251
f 1079/812/251 1083/811/251 1080/805/251
f 1060/810/251 1075/813/251 1074/809/251
f 1059/814/251 1075/813/251 1060/810/251
f 1079/812/251 1084/815/251 1083/811/251
f 1078/816/251 1084/815/251 1079/812/251
f 1059/814/251 1076/817/251 1075/813/251
f 1058/818/251 1076/817/251 1059/814/251
f 1077/819/251 1084/815/251 1078/816/251
f 1058/818/251 1077/819/251 1076/817/251
f 1077/819/251 1085/820/251 1084/815/251
f 1058/818/251 1085/820/251 1077/819/251
f 1057/821/251 1085/820/251 1058/818/251
f 1057/821/251 1086/822/251 1085/820/251
f 1104/823/251 1086/822/251 1057/821/251
f 1104/823/251 1087/824/251 1086/822/251
f 1104/823/251 1088/825/251 1087/824/251
f 1103/826/251 1088/825/251 1104/823/251
f 1103/826/251 1089/827/251 1088/825/251
f 1102/828/251 1089/827/251 1103/826/251
f 1102/828/251 1090/829/251 1089/827/251
f 1101/830/251 1090/829/251 1102/828/251
f 1101/830/251 1091/831/251 1090/829/251
f 1101/830/251 1092/832/251 1091/831/251
f 1100/833/251 1092/832/251 1101/830/251
f 1100/833/251 1093/834/251 1092/832/251
f 1099/835/251 1093/834/251 1100/833/251
f 1099/835/251 1094/836/251 1093/834/251
f 1098/837/251 1094/836/251 1099/835/251
f 1098/837/251 1095/838/251 1094/836/251
f 1097/839/251 1095/838/251 1098/837/251
f 1097/839/251 1096/840/251 1095/838/251
f 1116/793/252 1117/795/252 1118/794/252
f 1115/796/252 1116/793/252 1118/794/252
f 1114/797/252 1115/796/252 1118/794/252
f 1114/797/252 1118/794/252 1119/798/252
f 1113/799/252 1114/797/252 1119/798/252
f 1112/800/252 1113/799/252 1119/798/252
f 1112/800/252 1119/798/252 1120/801/252
f 1111/802/252 1112/800/252 1120/801/252
f 1110/803/252 1111/802/252 1120/801/252
f 1110/803/252 1120/801/252 1121/804/252
f 1128/805/252 1129/807/252 1130/806/252
f 1109/808/252 1110/803/252 1121/804/252
f 1109/808/252 1121/804/252 1122/809/252
f 1108/810/252 1109/808/252 1122/809/252
f 1128/805/252 1130/806/252 1131/811/252
f 1127/812/252 1128/805/252 1131/811/252
f 1108/810/252 1122/809/252 1123/813/252
f 1107/814/252 1108/810/252 1123/813/252
f 1127/812/252 1131/811/252 1132/815/252
f 1126/816/252 1127/812/252 1132/815/252
f 1107/814/252 1123/813/252 1124/817/252
f 1106/818/252 1107/814/252 1124/817/252
f 1125/819/252 1126/816/252 1132/815/252
f 1106/818/252 1124/817/252 1125/819/252
f 1125/819/252 1132/815/252 1133/820/252
f 1106/818/252 1125/819/252 1133/820/252
f 1105/821/252 1106/818/252 1133/820/252
f 1105/821/252 1133/820/252 1134/822/252
f 1152/823/252 1105/821/252 1134/822/252
f 1152/823/252 1134/822/252 1135/824/252
f 1152/823/252 1135/824/252 1136/825/252
f 1151/826/252 1152/823/252 1136/825/252
f 1151/826/252 1136/825/252 1137/827/252
f 1150/828/252 1151/826/252 1137/827/252
f 1150/828/252 1137/827/252 1138/829/252
f 1149/830/252 1150/828/252 1138/829/252
f 1149/830/252 1138/829/252 1139/831/252
f 1149/830/252 1139/831/252 1140/832/252
f 1148/833/252 1149/830/252 1140/832/252
f 1148/833/252 1140/832/252 1141/834/252
f 1147/835/252 1148/833/252 1141/834/252
f 1147/835/252 1141/834/252 1142/836/252
f 1146/837/252 1147/835/252 1142/836/252
f 1146/837/252 1142/836/252 1143/838/252
f 1145/839/252 1146/837/252 1143/838/252
f 1145/839/252 1143/838/252 1144/840/252
s 1
f 1154/841/253 1156/842/254 1155/843/254 1153/821/253
f 1156/842/254 1158/844/255 1157/845/255 1155/843/254
f 1158/844/255 1160/846/256 1159/847/256 1157/845/255
f 1160/846/256 1162/848/257 1161/849/257 1159/847/256
f 1162/848/257 1164/850/258 1163/851/258 1161/849/257
f 1164/850/258 1166/852/259 1165/853/259 1163/851/258
f 1166/852/259 1168/854/260 1167/855/260 1165/853/259
f 1168/854/260 1170/856/261 1169/857/261 1167/855/260
f 1170/856/261 1172/858/262 1171/859/262 1169/857/261
f 1172/858/262 1174/860/263 1173/861/263 1171/859/262
f 1174/860/263 1176/862/264 1175/863/264 1173/861/263
f 1176/862/264 1178/864/265 1177/865/265 1175/863/264
f 1178/864/265 1180/866/266 1179/867/266 1177/865/265
f 1180/866/266 1182/868/267 1181/869/267 1179/867/266
f 1182/868/267 1184/870/268 1183/871/268 1181/869/267
f 1184/870/268 1186/872/269 1185/873/269 1183/871/268
f 1186/872/269 1188/874/270 1187/875/270 1185/873/269
f 1188/874/270 1190/876/271 1189/877/271 1187/875/270
f 1190/876/271 1192/878/272 1191/879/272 1189/877/271
f 1192/878/272 1194/880/273 1193/881/273 1191/879/272
f 1194/880/273 1196/882/274 1195/883/274 1193/881/273
f 1196/882/274 1198/884/275 1197/885/275 1195/883/274
f 1198/884/275 1200/886/276 1199/887/276 1197/885/275
f 1200/886/276 1202/888/277 1201/889/277 1199/887/276
f 1202/888/277 1204/890/278 1203/891/278 1201/889/277
f 1204/890/278 1206/892/279 1205/893/279 1203/891/278
f 1206/892/279 1208/894/280 1207/895/280 1205/893/279
f 1208/894/280 1210/896/281 1209/897/281 1207/895/280
f 1210/896/281 1212/898/282 1211/899/282 1209/897/281
f 1212/898/282 1214/900/283 1213/901/283 1211/899/282
f 1214/900/283 1216/902/284 1215/903/284 1213/901/283
f 1216/902/284 1218/904/285 1217/905/285 1215/903/284
f 1218/904/285 1220/906/286 1219/907/286 1217/905/285
f 1220/906/286 1222/908/287 1221/909/287 1219/907/286
f 1222/908/287 1224/910/288 1223/911/288 1221/909/287
f 1224/910/288 1226/912/289 1225/913/289 1223/911/288
f 1226/912/289 1228/914/290 1227/915/290 1225/913/289
f 1228/914/290 1230/916/291 1229/917/291 1227/915/290
f 1230/916/291 1232/918/292 1231/919/292 1229/917/291
f 1232/918/292 1234/920/293 1233/921/293 1231/919/292
f 1234/920/293 1236/922/294 1235/923/294 1233/921/293
f 1236/922/294 1238/924/295 1237/925/295 1235/923/294
f 1238/924/295 1240/926/296 1239/927/296 1237/925/295
f 1240/926/296 1242/928/297 1241/929/297 1239/927/296
f 1242/928/297 1244/930/298 1243/931/298 1241/929/297
f 1244/930/298 1246/932/299 1245/933/299 1243/931/298
f 1246/932/299 1248/934/300 1247/935/300 1245/933/299
f 1248/934/300 1154/936/253 1153/823/253 1247/935/300
o Curve.002
v 3.124207 0.266096 -3.638249
v 2.600260 0.266096 -3.481796
v 2.118515 0.266096 -3.307133
v 1.681425 0.266096 -3.113202
v 1.291445 0.266096 -2.898943
v 0.951031 0.266096 -2.663298
v 0.662636 0.266096 -2.405207
v 0.428715 0.266096 -2.123610
v 0.251723 0.266096 -1.817449
v 0.134115 0.266096 -1.485665
v 0.078345 0.266096 -1.127199
v 0.086868 0.266096 -0.740992
v 0.162138 0.266096 -0.325983
v 0.099230 0.266096 -0.366268
v 0.037618 0.266096 -0.408656
v -0.022719 0.266096 -0.453116
v -0.081798 0.266096 -0.499620
v -0.139638 0.266096 -0.548137
v -0.196257 0.266096 -0.598637
v -0.251674 0.266096 -0.651091
v -0.305908 0.266096 -0.705469
v -0.358976 0.266096 -0.761742
v -0.410897 0.266096 -0.819879
v -0.461690 0.266096 -0.879850
v -0.511373 0.266096 -0.941627
v -0.592508 0.266096 -1.039002
v -0.678523 0.266096 -1.130812
v -0.768909 0.266096 -1.217088
v -0.863163 0.266096 -1.297863
v -0.960774 0.266096 -1.373169
v -1.061240 0.266096 -1.443041
v -1.164053 0.266096 -1.507509
v -1.268707 0.266096 -1.566607
v -1.374695 0.266096 -1.620368
v -1.481512 0.266096 -1.668824
v -1.588651 0.266096 -1.712007
v -1.695606 0.266096 -1.749950
v -2.007996 0.266096 -1.840832
v -2.309507 0.266096 -1.902549
v -2.599033 0.266096 -1.934120
v -2.875463 0.266096 -1.934562
v -3.137685 0.266096 -1.902891
v -3.384590 0.266096 -1.838125
v -3.615070 0.266096 -1.739282
v -3.828012 0.266096 -1.605379
v -4.022307 0.266096 -1.435433
v -4.196846 0.266096 -1.228462
v -4.350517 0.266096 -0.983482
v -4.482213 0.266096 -0.699512
v -4.650950 0.266096 -0.875090
v -4.789261 0.266096 -1.048766
v -4.897727 0.266096 -1.220578
v -4.976928 0.266096 -1.390561
v -5.027444 0.266096 -1.558751
v -5.049858 0.266096 -1.725185
v -5.044748 0.266096 -1.889900
v -5.012699 0.266096 -2.052931
v -4.954289 0.266096 -2.214315
v -4.870100 0.266096 -2.374089
v -4.760713 0.266096 -2.532288
v -4.626703 0.266096 -2.688949
v -4.416721 0.266096 -2.882207
v -4.185589 0.266096 -3.038368
v -3.934404 0.266096 -3.159097
v -3.664265 0.266096 -3.246061
v -3.376267 0.266096 -3.300928
v -3.071511 0.266096 -3.325364
v -2.751094 0.266096 -3.321035
v -2.416113 0.266096 -3.289610
v -2.067666 0.266096 -3.232754
v -1.706851 0.266096 -3.152135
v -1.334766 0.266096 -3.049419
v -0.952508 0.266096 -2.926274
v -0.976124 0.266096 -3.224240
v -1.044716 0.266096 -3.500700
v -1.157202 0.266096 -3.756172
v -1.312499 0.266096 -3.991174
v -1.509525 0.266096 -4.206223
v -1.747198 0.266096 -4.401835
v -2.024433 0.266096 -4.578531
v -2.340150 0.266096 -4.736827
v -2.693264 0.266096 -4.877240
v -3.082695 0.266096 -5.000288
v -3.507359 0.266096 -5.106489
v -3.966171 0.266096 -5.196360
v -3.971857 0.266096 -5.208745
v -3.987577 0.266096 -5.242985
v -4.011325 0.266096 -5.294710
v -4.041092 0.266096 -5.359549
v -4.074874 0.266096 -5.433130
v -4.110662 0.266096 -5.511082
v -4.146451 0.266096 -5.589034
v -4.180232 0.266096 -5.662614
v -4.210000 0.266096 -5.727453
v -4.233747 0.266096 -5.779178
v -4.249468 0.266096 -5.813419
v -4.255156 0.266096 -5.825804
v -3.711462 0.266096 -5.840402
v -3.200457 0.266096 -5.873215
v -2.722595 0.266096 -5.924500
v -2.278337 0.266096 -5.994509
v -1.868138 0.266096 -6.083500
v -1.492458 0.266096 -6.191727
v -1.151755 0.266096 -6.319444
v -0.846485 0.266096 -6.466908
v -0.577107 0.266096 -6.634372
v -0.344079 0.266096 -6.822092
v -0.147858 0.266096 -7.030324
v 0.011097 0.266096 -7.259320
v 0.224740 0.266096 -7.010736
v 0.463615 0.266096 -6.784637
v 0.727953 0.266096 -6.581229
v 1.017982 0.266096 -6.400713
v 1.333929 0.266096 -6.243296
v 1.676022 0.266096 -6.109178
v 2.044491 0.266096 -5.998563
v 2.439564 0.266096 -5.911656
v 2.861469 0.266096 -5.848660
v 3.310435 0.266096 -5.809778
v 3.786689 0.266096 -5.795213
v 4.290462 0.266096 -5.805170
v 4.285588 0.266096 -5.793191
v 4.272114 0.266096 -5.760073
v 4.251759 0.266096 -5.710043
v 4.226244 0.266096 -5.647330
v 4.197289 0.266096 -5.576161
v 4.166614 0.266096 -5.500765
v 4.135939 0.266096 -5.425368
v 4.106984 0.266096 -5.354199
v 4.081469 0.266096 -5.291486
v 4.061114 0.266096 -5.241456
v 4.047641 0.266096 -5.208338
v 4.042768 0.266096 -5.196359
v 3.623344 0.266096 -5.130923
v 3.235141 0.266096 -5.045679
v 2.877880 0.266096 -4.940804
v 2.551277 0.266096 -4.816475
v 2.255052 0.266096 -4.672873
v 1.988923 0.266096 -4.510176
v 1.752611 0.266096 -4.328561
v 1.545834 0.266096 -4.128207
v 1.368310 0.266096 -3.909292
v 1.219759 0.266096 -3.671994
v 1.099899 0.266096 -3.416493
v 1.008451 0.266096 -3.142965
v 1.204950 0.266096 -3.244782
v 1.397319 0.266096 -3.334214
v 1.585697 0.266096 -3.411673
v 1.770221 0.266096 -3.477573
v 1.951029 0.266096 -3.532327
v 2.128259 0.266096 -3.576350
v 2.302048 0.266096 -3.610053
v 2.472535 0.266096 -3.633851
v 2.639856 0.266096 -3.648156
v 2.804150 0.266096 -3.653381
v 2.965555 0.266096 -3.649941
v 3.124207 -0.266096 -3.638249
v 2.600260 -0.266096 -3.481796
v 2.118515 -0.266096 -3.307133
v 1.681425 -0.266096 -3.113202
v 1.291445 -0.266096 -2.898943
v 0.951031 -0.266096 -2.663298
v 0.662636 -0.266096 -2.405207
v 0.428715 -0.266096 -2.123610
v 0.251723 -0.266096 -1.817449
v 0.134115 -0.266096 -1.485665
v 0.078345 -0.266096 -1.127199
v 0.086868 -0.266096 -0.740992
v 0.162138 -0.266096 -0.325983
v 0.099230 -0.266096 -0.366268
v 0.037618 -0.266096 -0.408656
v -0.022719 -0.266096 -0.453116
v -0.081798 -0.266096 -0.499620
v -0.139638 -0.266096 -0.548137
v -0.196257 -0.266096 -0.598637
v -0.251674 -0.266096 -0.651091
v -0.305908 -0.266096 -0.705469
v -0.358976 -0.266096 -0.761742
v -0.410897 -0.266096 -0.819879
v -0.461690 -0.266096 -0.879850
v -0.511373 -0.266096 -0.941627
v -0.592508 -0.266096 -1.039002
v -0.678523 -0.266096 -1.130812
v -0.768909 -0.266096 -1.217088
v -0.863163 -0.266096 -1.297863
v -0.960774 -0.266096 -1.373169
v -1.061240 -0.266096 -1.443041
v -1.164053 -0.266096 -1.507509
v -1.268707 -0.266096 -1.566607
v -1.374695 -0.266096 -1.620368
v -1.481512 -0.266096 -1.668824
v -1.588651 -0.266096 -1.712007
v -1.695606 -0.266096 -1.749950
v -2.007996 -0.266096 -1.840832
v -2.309507 -0.266096 -1.902549
v -2.599033 -0.266096 -1.934120
v -2.875463 -0.266096 -1.934562
v -3.137685 -0.266096 -1.902891
v -3.384590 -0.266096 -1.838125
v -3.615070 -0.266096 -1.739282
v -3.828012 -0.266096 -1.605379
v -4.022307 -0.266096 -1.435433
v -4.196846 -0.266096 -1.228462
v -4.350517 -0.266096 -0.983482
v -4.482213 -0.266096 -0.699512
v -4.650950 -0.266096 -0.875090
v -4.789261 -0.266096 -1.048766
v -4.897727 -0.266096 -1.220578
v -4.976928 -0.266096 -1.390561
v -5.027444 -0.266096 -1.558751
v -5.049858 -0.266096 -1.725185
v -5.044748 -0.266096 -1.889900
v -5.012699 -0.266096 -2.052931
v -4.954289 -0.266096 -2.214315
v -4.870100 -0.266096 -2.374089
v -4.760713 -0.266096 -2.532288
v -4.626703 -0.266096 -2.688949
v -4.416721 -0.266096 -2.882207
v -4.185589 -0.266096 -3.038368
v -3.934404 -0.266096 -3.159097
v -3.664265 -0.266096 -3.246061
v -3.376267 -0.266096 -3.300928
v -3.071511 -0.266096 -3.325364
v -2.751094 -0.266096 -3.321035
v -2.416113 -0.266096 -3.289610
v -2.067666 -0.266096 -3.232754
v -1.706851 -0.266096 -3.152135
v -1.334766 -0.266096 -3.049419
v -0.952508 -0.266096 -2.926274
v -0.976124 -0.266096 -3.224240
v -1.044716 -0.266096 -3.500700
v -1.157202 -0.266096 -3.756172
v -1.312499 -0.266096 -3.991174
v -1.509525 -0.266096 -4.206223
v -1.747198 -0.266096 -4.401835
v -2.024433 -0.266096 -4.578531
v -2.340150 -0.266096 -4.736827
v -2.693264 -0.266096 -4.877240
v -3.082695 -0.266096 -5.000288
v -3.507359 -0.266096 -5.106489
v -3.966171 -0.266096 -5.196360
v -3.971857 -0.266096 -5.208745
v -3.987577 -0.266096 -5.242985
v -4.011325 -0.266096 -5.294710
v -4.041092 -0.266096 -5.359549
v -4.074874 -0.266096 -5.433130
v -4.110662 -0.266096 -5.511082
v -4.146451 -0.266096 -5.589034
v -4.180232 -0.266096 -5.662614
v -4.210000 -0.266096 -5.727453
v -4.233747 -0.266096 -5.779178
v -4.249468 -0.266096 -5.813419
v -4.255156 -0.266096 -5.825804
v -3.711462 -0.266096 -5.840402
v -3.200457 -0.266096 -5.873215
v -2.722595 -0.266096 -5.924500
v -2.278337 -0.266096 -5.994509
v -1.868138 -0.266096 -6.083500
v -1.492458 -0.266096 -6.191727
v -1.151755 -0.266096 -6.319444
v -0.846485 -0.266096 -6.466908
v -0.577107 -0.266096 -6.634372
v -0.344079 -0.266096 -6.822092
v -0.147858 -0.266096 -7.030324
v 0.011097 -0.266096 -7.259320
v 0.224740 -0.266096 -7.010736
v 0.463615 -0.266096 -6.784637
v 0.727953 -0.266096 -6.581229
v 1.017982 -0.266096 -6.400713
v 1.333929 -0.266096 -6.243296
v 1.676022 -0.266096 -6.109178
v 2.044491 -0.266096 -5.998563
v 2.439564 -0.266096 -5.911656
v 2.861469 -0.266096 -5.848660
v 3.310435 -0.266096 -5.809778
v 3.786689 -0.266096 -5.795213
v 4.290462 -0.266096 -5.805170
v 4.285588 -0.266096 -5.793191
v 4.272114 -0.266096 -5.760073
v 4.251759 -0.266096 -5.710043
v 4.226244 -0.266096 -5.647330
v 4.197289 -0.266096 -5.576161
v 4.166614 -0.266096 -5.500765
v 4.135939 -0.266096 -5.425368
v 4.106984 -0.266096 -5.354199
v 4.081469 -0.266096 -5.291486
v 4.061114 -0.266096 -5.241456
v 4.047641 -0.266096 -5.208338
v 4.042768 -0.266096 -5.196359
v 3.623344 -0.266096 -5.130923
v 3.235141 -0.266096 -5.045679
v 2.877880 -0.266096 -4.940804
v 2.551277 -0.266096 -4.816475
v 2.255052 -0.266096 -4.672873
v 1.988923 -0.266096 -4.510176
v 1.752611 -0.266096 -4.328561
v 1.545834 -0.266096 -4.128207
v 1.368310 -0.266096 -3.909292
v 1.219759 -0.266096 -3.671994
v 1.099899 -0.266096 -3.416493
v 1.008451 -0.266096 -3.142965
v 1.204950 -0.266096 -3.244782
v 1.397319 -0.266096 -3.334214
v 1.585697 -0.266096 -3.411673
v 1.770221 -0.266096 -3.477573
v 1.951029 -0.266096 -3.532327
v 2.128259 -0.266096 -3.576350
v 2.302048 -0.266096 -3.610053
v 2.472535 -0.266096 -3.633851
v 2.639856 -0.266096 -3.648156
v 2.804150 -0.266096 -3.653381
v 2.965555 -0.266096 -3.649941
v 3.124207 -0.266096 -3.638249
v 3.124207 0.266096 -3.638249
v 2.600260 -0.266096 -3.481796
v 2.600260 0.266096 -3.481796
v 2.118515 -0.266096 -3.307133
v 2.118515 0.266096 -3.307133
v 1.681425 -0.266096 -3.113202
v 1.681425 0.266096 -3.113202
v 1.291445 -0.266096 -2.898943
v 1.291445 0.266096 -2.898943
v 0.951031 -0.266096 -2.663298
v 0.951031 0.266096 -2.663298
v 0.662636 -0.266096 -2.405207
v 0.662636 0.266096 -2.405207
v 0.428715 -0.266096 -2.123610
v 0.428715 0.266096 -2.123610
v 0.251723 -0.266096 -1.817449
v 0.251723 0.266096 -1.817449
v 0.134115 -0.266096 -1.485665
v 0.134115 0.266096 -1.485665
v 0.078345 -0.266096 -1.127199
v 0.078345 0.266096 -1.127199
v 0.086868 -0.266096 -0.740992
v 0.086868 0.266096 -0.740992
v 0.162138 -0.266096 -0.325983
v 0.162138 0.266096 -0.325983
v 0.099230 -0.266096 -0.366268
v 0.099230 0.266096 -0.366268
v 0.037618 -0.266096 -0.408656
v 0.037618 0.266096 -0.408656
v -0.022719 -0.266096 -0.453116
v -0.022719 0.266096 -0.453116
v -0.081798 -0.266096 -0.499620
v -0.081798 0.266096 -0.499620
v -0.139638 -0.266096 -0.548137
v -0.139638 0.266096 -0.548137
v -0.196257 -0.266096 -0.598637
v -0.196257 0.266096 -0.598637
v -0.251674 -0.266096 -0.651091
v -0.251674 0.266096 -0.651091
v -0.305908 -0.266096 -0.705469
v -0.305908 0.266096 -0.705469
v -0.358976 -0.266096 -0.761742
v -0.358976 0.266096 -0.761742
v -0.410897 -0.266096 -0.819879
v -0.410897 0.266096 -0.819879
v -0.461690 -0.266096 -0.879850
v -0.461690 0.266096 -0.879850
v -0.511373 -0.266096 -0.941627
v -0.511373 0.266096 -0.941627
v -0.592508 -0.266096 -1.039002
v -0.592508 0.266096 -1.039002
v -0.678523 -0.266096 -1.130812
v -0.678523 0.266096 -1.130812
v -0.768909 -0.266096 -1.217088
v -0.768909 0.266096 -1.217088
v -0.863163 -0.266096 -1.297863
v -0.863163 0.266096 -1.297863
v -0.960774 -0.266096 -1.373169
v -0.960774 0.266096 -1.373169
v -1.061240 -0.266096 -1.443041
v -1.061240 0.266096 -1.443041
v -1.164053 -0.266096 -1.507509
v -1.164053 0.266096 -1.507509
v -1.268707 -0.266096 -1.566607
v -1.268707 0.266096 -1.566607
v -1.374695 -0.266096 -1.620368
v -1.374695 0.266096 -1.620368
v -1.481512 -0.266096 -1.668824
v -1.481512 0.266096 -1.668824
v -1.588651 -0.266096 -1.712007
v -1.588651 0.266096 -1.712007
v -1.695606 -0.266096 -1.749950
v -1.695606 0.266096 -1.749950
v -2.007996 -0.266096 -1.840832
v -2.007996 0.266096 -1.840832
v -2.309507 -0.266096 -1.902549
v -2.309507 0.266096 -1.902549
v -2.599033 -0.266096 -1.934120
v -2.599033 0.266096 -1.934120
v -2.875463 -0.266096 -1.934562
v -2.875463 0.266096 -1.934562
v -3.137685 -0.266096 -1.902891
v -3.137685 0.266096 -1.902891
v -3.384590 -0.266096 -1.838125
v -3.384590 0.266096 -1.838125
v -3.615070 -0.266096 -1.739282
v -3.615070 0.266096 -1.739282
v -3.828012 -0.266096 -1.605379
v -3.828012 0.266096 -1.605379
v -4.022307 -0.266096 -1.435433
v -4.022307 0.266096 -1.435433
v -4.196846 -0.266096 -1.228462
v -4.196846 0.266096 -1.228462
v -4.350517 -0.266096 -0.983482
v -4.350517 0.266096 -0.983482
v -4.482213 -0.266096 -0.699512
v -4.482213 0.266096 -0.699512
v -4.650950 -0.266096 -0.875090
v -4.650950 0.266096 -0.875090
v -4.789261 -0.266096 -1.048766
v -4.789261 0.266096 -1.048766
v -4.897727 -0.266096 -1.220578
v -4.897727 0.266096 -1.220578
v -4.976928 -0.266096 -1.390561
v -4.976928 0.266096 -1.390561
v -5.027444 -0.266096 -1.558751
v -5.027444 0.266096 -1.558751
v -5.049858 -0.266096 -1.725185
v -5.049858 0.266096 -1.725185
v -5.044748 -0.266096 -1.889900
v -5.044748 0.266096 -1.889900
v -5.012699 -0.266096 -2.052931
v -5.012699 0.266096 -2.052931
v -4.954289 -0.266096 -2.214315
v -4.954289 0.266096 -2.214315
v -4.870100 -0.266096 -2.374089
v -4.870100 0.266096 -2.374089
v -4.760713 -0.266096 -2.532288
v -4.760713 0.266096 -2.532288
v -4.626703 -0.266096 -2.688949
v -4.626703 0.266096 -2.688949
v -4.416721 -0.266096 -2.882207
v -4.416721 0.266096 -2.882207
v -4.185589 -0.266096 -3.038368
v -4.185589 0.266096 -3.038368
v -3.934404 -0.266096 -3.159097
v -3.934404 0.266096 -3.159097
v -3.664265 -0.266096 -3.246061
v -3.664265 0.266096 -3.246061
v -3.376267 -0.266096 -3.300928
v -3.376267 0.266096 -3.300928
v -3.071511 -0.266096 -3.325364
v -3.071511 0.266096 -3.325364
v -2.751094 -0.266096 -3.321035
v -2.751094 0.266096 -3.321035
v -2.416113 -0.266096 -3.289610
v -2.416113 0.266096 -3.289610
v -2.067666 -0.266096 -3.232754
v -2.067666 0.266096 -3.232754
v -1.706851 -0.266096 -3.152135
v -1.706851 0.266096 -3.152135
v -1.334766 -0.266096 -3.049419
v -1.334766 0.266096 -3.049419
v -0.952508 -0.266096 -2.926274
v -0.952508 0.266096 -2.926274
v -0.976124 -0.266096 -3.224240
v -0.976124 0.266096 -3.224240
v -1.044716 -0.266096 -3.500700
v -1.044716 0.266096 -3.500700
v -1.157202 -0.266096 -3.756172
v -1.157202 0.266096 -3.756172
v -1.312499 -0.266096 -3.991174
v -1.312499 0.266096 -3.991174
v -1.509525 -0.266096 -4.206223
v -1.509525 0.266096 -4.206223
v -1.747198 -0.266096 -4.401835
v -1.747198 0.266096 -4.401835
v -2.024433 -0.266096 -4.578531
v -2.024433 0.266096 -4.578531
v -2.340150 -0.266096 -4.736827
v -2.340150 0.266096 -4.736827
v -2.693264 -0.266096 -4.877240
v -2.693264 0.266096 -4.877240
v -3.082695 -0.266096 -5.000288
v -3.082695 0.266096 -5.000288
v -3.507359 -0.266096 -5.106489
v -3.507359 0.266096 -5.106489
v -3.966171 -0.266096 -5.196360
v -3.966171 0.266096 -5.196360
v -3.971857 -0.266096 -5.208745
v -3.971857 0.266096 -5.208745
v -3.987577 -0.266096 -5.242985
v -3.987577 0.266096 -5.242985
v -4.011325 -0.266096 -5.294710
v -4.011325 0.266096 -5.294710
v -4.041092 -0.266096 -5.359549
v -4.041092 0.266096 -5.359549
v -4.074874 -0.266096 -5.433130
v -4.074874 0.266096 -5.433130
v -4.110662 -0.266096 -5.511082
v -4.110662 0.266096 -5.511082
v -4.146451 -0.266096 -5.589034
v -4.146451 0.266096 -5.589034
v -4.180232 -0.266096 -5.662614
v -4.180232 0.266096 -5.662614
v -4.210000 -0.266096 -5.727453
v -4.210000 0.266096 -5.727453
v -4.233747 -0.266096 -5.779178
v -4.233747 0.266096 -5.779178
v -4.249468 -0.266096 -5.813419
v -4.249468 0.266096 -5.813419
v -4.255156 -0.266096 -5.825804
v -4.255156 0.266096 -5.825804
v -3.711462 -0.266096 -5.840402
v -3.711462 0.266096 -5.840402
v -3.200457 -0.266096 -5.873215
v -3.200457 0.266096 -5.873215
v -2.722595 -0.266096 -5.924500
v -2.722595 0.266096 -5.924500
v -2.278337 -0.266096 -5.994509
v -2.278337 0.266096 -5.994509
v -1.868138 -0.266096 -6.083500
v -1.868138 0.266096 -6.083500
v -1.492458 -0.266096 -6.191727
v -1.492458 0.266096 -6.191727
v -1.151755 -0.266096 -6.319444
v -1.151755 0.266096 -6.319444
v -0.846485 -0.266096 -6.466908
v -0.846485 0.266096 -6.466908
v -0.577107 -0.266096 -6.634372
v -0.577107 0.266096 -6.634372
v -0.344079 -0.266096 -6.822092
v -0.344079 0.266096 -6.822092
v -0.147858 -0.266096 -7.030324
v -0.147858 0.266096 -7.030324
v 0.011097 -0.266096 -7.259320
v 0.011097 0.266096 -7.259320
v 0.224740 -0.266096 -7.010736
v 0.224740 0.266096 -7.010736
v 0.463615 -0.266096 -6.784637
v 0.463615 0.266096 -6.784637
v 0.727953 -0.266096 -6.581229
v 0.727953 0.266096 -6.581229
v 1.017982 -0.266096 -6.400713
v 1.017982 0.266096 -6.400713
v 1.333929 -0.266096 -6.243296
v 1.333929 0.266096 -6.243296
v 1.676022 -0.266096 -6.109178
v 1.676022 0.266096 -6.109178
v 2.044491 -0.266096 -5.998563
v 2.044491 0.266096 -5.998563
v 2.439564 -0.266096 -5.911656
v 2.439564 0.266096 -5.911656
v 2.861469 -0.266096 -5.848660
v 2.861469 0.266096 -5.848660
v 3.310435 -0.266096 -5.809778
v 3.310435 0.266096 -5.809778
v 3.786689 -0.266096 -5.795213
v 3.786689 0.266096 -5.795213
v 4.290462 -0.266096 -5.805170
v 4.290462 0.266096 -5.805170
v 4.285588 -0.266096 -5.793191
v 4.285588 0.266096 -5.793191
v 4.272114 -0.266096 -5.760073
v 4.272114 0.266096 -5.760073
v 4.251759 -0.266096 -5.710043
v 4.251759 0.266096 -5.710043
v 4.226244 -0.266096 -5.647330
v 4.226244 0.266096 -5.647330
v 4.197289 -0.266096 -5.576161
v 4.197289 0.266096 -5.576161
v 4.166614 -0.266096 -5.500765
v 4.166614 0.266096 -5.500765
v 4.135939 -0.266096 -5.425368
v 4.135939 0.266096 -5.425368
v 4.106984 -0.266096 -5.354199
v 4.106984 0.266096 -5.354199
v 4.081469 -0.266096 -5.291486
v 4.081469 0.266096 -5.291486
v 4.061114 -0.266096 -5.241456
v 4.061114 0.266096 -5.241456
v 4.047641 -0.266096 -5.208338
v 4.047641 0.266096 -5.208338
v 4.042768 -0.266096 -5.196359
v 4.042768 0.266096 -5.196359
v 3.623344 -0.266096 -5.130923
v 3.623344 0.266096 -5.130923
v 3.235141 -0.266096 -5.045679
v 3.235141 0.266096 -5.045679
v 2.877880 -0.266096 -4.940804
v 2.877880 0.266096 -4.940804
v 2.551277 -0.266096 -4.816475
v 2.551277 0.266096 -4.816475
v 2.255052 -0.266096 -4.672873
v 2.255052 0.266096 -4.672873
v 1.988923 -0.266096 -4.510176
v 1.988923 0.266096 -4.510176
v 1.752611 -0.266096 -4.328561
v 1.752611 0.266096 -4.328561
v 1.545834 -0.266096 -4.128207
v 1.545834 0.266096 -4.128207
v 1.368310 -0.266096 -3.909292
v 1.368310 0.266096 -3.909292
v 1.219759 -0.266096 -3.671994
v 1.219759 0.266096 -3.671994
v 1.099899 -0.266096 -3.416493
v 1.099899 0.266096 -3.416493
v 1.008451 -0.266096 -3.142965
v 1.008451 0.266096 -3.142965
v 1.204950 -0.266096 -3.244782
v 1.204950 0.266096 -3.244782
v 1.397319 -0.266096 -3.334214
v 1.397319 0.266096 -3.334214
v 1.585697 -0.266096 -3.411673
v 1.585697 0.266096 -3.411673
v 1.770221 -0.266096 -3.477573
v 1.770221 0.266096 -3.477573
v 1.951029 -0.266096 -3.532327
v 1.951029 0.266096 -3.532327
v 2.128259 -0.266096 -3.576350
v 2.128259 0.266096 -3.576350
v 2.302048 -0.266096 -3.610053
v 2.302048 0.266096 -3.610053
v 2.472535 -0.266096 -3.633851
v 2.472535 0.266096 -3.633851
v 2.639856 -0.266096 -3.648156
v 2.639856 0.266096 -3.648156
v 2.804150 -0.266096 -3.653381
v 2.804150 0.266096 -3.653381
v 2.965555 -0.266096 -3.649941
v 2.965555 0.266096 -3.649941
vn -0.0000 1.0000 -0.0000
vn -0.0000 -1.0000 -0.0000
vn 0.9941 -0.0000 -0.1081
vn 0.3136 -0.0000 0.9495
vn 0.3734 -0.0000 0.9277
vn 0.4439 -0.0000 0.8961
vn 0.5260 -0.0000 0.8505
vn 0.6192 -0.0000 0.7852
vn 0.7200 -0.0000 0.6940
vn 0.8204 -0.0000 0.5718
vn 0.9080 -0.0000 0.4191
vn 0.9695 -0.0000 0.2450
vn 0.9978 -0.0000 0.0661
vn 0.9949 -0.0000 -0.1006
vn 0.5566 -0.0000 0.8308
vn -0.5531 -0.0000 0.8331
vn -0.5801 -0.0000 0.8146
vn -0.6059 -0.0000 0.7955
vn -0.6307 -0.0000 0.7761
vn -0.6542 -0.0000 0.7563
vn -0.6766 -0.0000 0.7363
vn -0.6978 -0.0000 0.7163
vn -0.7179 -0.0000 0.6962
vn -0.7368 -0.0000 0.6762
vn -0.7545 -0.0000 0.6563
vn -0.7712 -0.0000 0.6366
vn -0.7738 -0.0000 0.6334
vn -0.7493 -0.0000 0.6622
vn -0.7104 -0.0000 0.7038
vn -0.6708 -0.0000 0.7416
vn -0.6310 -0.0000 0.7758
vn -0.5911 -0.0000 0.8066
vn -0.5513 -0.0000 0.8343
vn -0.5116 -0.0000 0.8592
vn -0.4722 -0.0000 0.8815
vn -0.4328 -0.0000 0.9015
vn -0.3936 -0.0000 0.9193
vn -0.3542 -0.0000 0.9352
vn -0.3070 -0.0000 0.9517
vn -0.2401 -0.0000 0.9707
vn -0.1546 -0.0000 0.9880
vn -0.0551 -0.0000 0.9985
vn 0.0593 -0.0000 0.9982
vn 0.1873 -0.0000 0.9823
vn 0.3248 -0.0000 0.9458
vn 0.4647 -0.0000 0.8855
vn 0.5972 -0.0000 0.8021
vn 0.7135 -0.0000 0.7007
vn 0.8078 -0.0000 0.5895
vn 0.8789 -0.0000 0.4770
vn 0.1649 -0.0000 0.9863
vn -0.7524 -0.0000 0.6587
vn -0.8151 -0.0000 0.5793
vn -0.8778 -0.0000 0.4791
vn -0.9345 -0.0000 0.3559
vn -0.9774 -0.0000 0.2112
vn -0.9987 -0.0000 0.0514
vn -0.9937 -0.0000 -0.1123
vn -0.9636 -0.0000 -0.2674
vn -0.9147 -0.0000 -0.4042
vn -0.8551 -0.0000 -0.5184
vn -0.7923 -0.0000 -0.6102
vn -0.7198 -0.0000 -0.6941
vn -0.6203 -0.0000 -0.7844
vn -0.4978 -0.0000 -0.8673
vn -0.3707 -0.0000 -0.9288
vn -0.2473 -0.0000 -0.9689
vn -0.1337 -0.0000 -0.9910
vn -0.0332 -0.0000 -0.9994
vn 0.0535 -0.0000 -0.9986
vn 0.1273 -0.0000 -0.9919
vn 0.1896 -0.0000 -0.9819
vn 0.2422 -0.0000 -0.9702
vn 0.2864 -0.0000 -0.9581
vn -0.9870 -0.0000 0.1604
vn -0.9464 -0.0000 0.3231
vn -0.8779 -0.0000 0.4789
vn -0.7883 -0.0000 0.6153
vn -0.6881 -0.0000 0.7256
vn -0.5876 -0.0000 0.8092
vn -0.4935 -0.0000 0.8698
vn -0.4092 -0.0000 0.9124
vn -0.3356 -0.0000 0.9420
vn -0.2721 -0.0000 0.9623
vn -0.2175 -0.0000 0.9761
vn -0.6186 -0.0000 0.7857
vn -0.9088 -0.0000 0.4172
vn -0.9088 -0.0000 0.4173
vn -0.8490 -0.0000 -0.5284
vn -0.0455 -0.0000 -0.9990
vn -0.0854 -0.0000 -0.9963
vn -0.1312 -0.0000 -0.9914
vn -0.1839 -0.0000 -0.9829
vn -0.2446 -0.0000 -0.9696
vn -0.3142 -0.0000 -0.9494
vn -0.3934 -0.0000 -0.9194
vn -0.4821 -0.0000 -0.8761
vn -0.5787 -0.0000 -0.8155
vn -0.6792 -0.0000 -0.7340
vn -0.7768 -0.0000 -0.6298
vn -0.0516 -0.0000 -0.9987
vn 0.7239 -0.0000 -0.6899
vn 0.6495 -0.0000 -0.7604
vn 0.5698 -0.0000 -0.8218
vn 0.4877 -0.0000 -0.8730
vn 0.4059 -0.0000 -0.9139
vn 0.3265 -0.0000 -0.9452
vn 0.2514 -0.0000 -0.9679
vn 0.1814 -0.0000 -0.9834
vn 0.1170 -0.0000 -0.9931
vn 0.0584 -0.0000 -0.9983
vn 0.0054 -0.0000 -1.0000
vn 0.8242 -0.0000 -0.5664
vn 0.9263 -0.0000 0.3768
vn 0.9263 -0.0000 0.3769
vn 0.6207 -0.0000 0.7841
vn 0.1844 -0.0000 0.9829
vn 0.2482 -0.0000 0.9687
vn 0.3190 -0.0000 0.9478
vn 0.3964 -0.0000 0.9181
vn 0.4795 -0.0000 0.8776
vn 0.5663 -0.0000 0.8242
vn 0.6537 -0.0000 0.7568
vn 0.7376 -0.0000 0.6752
vn 0.8137 -0.0000 0.5813
vn 0.8781 -0.0000 0.4785
vn 0.9284 -0.0000 0.3715
vn 0.6501 -0.0000 -0.7599
vn -0.4409 -0.0000 -0.8975
vn -0.4010 -0.0000 -0.9161
vn -0.3584 -0.0000 -0.9336
vn -0.3132 -0.0000 -0.9497
vn -0.2655 -0.0000 -0.9641
vn -0.2158 -0.0000 -0.9764
vn -0.1644 -0.0000 -0.9864
vn -0.1118 -0.0000 -0.9937
vn -0.0585 -0.0000 -0.9983
vn -0.0052 -0.0000 -1.0000
vn 0.0474 -0.0000 -0.9989
vt 0.070968 0.000000
vt 0.083871 0.000000
vt 0.077419 0.000000
vt 0.090323 0.000000
vt 0.096774 0.000000
vt 0.103226 0.000000
vt 0.109677 0.000000
vt 0.116129 0.000000
vt 0.122581 0.000000
vt 0.129032 0.000000
vt 0.303226 0.000000
vt 0.316129 0.000000
vt 0.309677 0.000000
vt 0.135484 0.000000
vt 0.064516 0.000000
vt 0.141935 0.000000
vt 0.148387 0.000000
vt 0.322581 0.000000
vt 0.154839 0.000000
vt 0.161290 0.000000
vt 0.296774 0.000000
vt 0.167742 0.000000
vt 0.329032 0.000000
vt 0.058065 0.000000
vt 0.174194 0.000000
vt 0.180645 0.000000
vt 0.335484 0.000000
vt 0.290323 0.000000
vt 0.187097 0.000000
vt 0.193548 0.000000
vt 0.341935 0.000000
vt 0.283871 0.000000
vt 0.200000 0.000000
vt 0.051613 0.000000
vt 0.206452 0.000000
vt 0.348387 0.000000
vt 0.212903 0.000000
vt 0.277419 0.000000
vt 0.219355 0.000000
vt 0.225806 0.000000
vt 0.232258 0.000000
vt 0.354839 0.000000
vt 0.270968 0.000000
vt 0.238710 0.000000
vt 0.045161 0.000000
vt 0.264516 0.000000
vt 0.245161 0.000000
vt 0.361290 0.000000
vt 0.251613 0.000000
vt 0.258065 0.000000
vt 0.367742 0.000000
vt 0.038710 0.000000
vt 0.374194 0.000000
vt 0.380645 0.000000
vt 0.032258 0.000000
vt 0.387097 0.000000
vt 0.025806 0.000000
vt 0.393548 0.000000
vt 0.464516 0.000000
vt 0.400000 0.000000
vt 0.019355 0.000000
vt 0.470968 0.000000
vt 0.458065 0.000000
vt 0.406452 0.000000
vt 0.451613 0.000000
vt 0.012903 0.000000
vt 0.929032 0.000000
vt 0.935484 0.000000
vt 0.922581 0.000000
vt 0.445161 0.000000
vt 0.412903 0.000000
vt 0.477419 0.000000
vt 0.438710 0.000000
vt 0.941935 0.000000
vt 0.419355 0.000000
vt 0.432258 0.000000
vt 0.425806 0.000000
vt 0.006452 0.000000
vt 0.948387 0.000000
vt 0.954839 0.000000
vt 0.916129 0.000000
vt 0.961290 0.000000
vt 0.000000 0.000000
vt 0.483871 0.000000
vt 0.967742 0.000000
vt 0.974194 0.000000
vt 0.980645 0.000000
vt 0.987097 0.000000
vt 1.000000 0.000000
vt 0.993548 0.000000
vt 0.909677 0.000000
vt 0.490323 0.000000
vt 0.903226 0.000000
vt 0.496774 0.000000
vt 0.896774 0.000000
vt 0.503226 0.000000
vt 0.890323 0.000000
vt 0.509677 0.000000
vt 0.883871 0.000000
vt 0.516129 0.000000
vt 0.877419 0.000000
vt 0.522581 0.000000
vt 0.870968 0.000000
vt 0.529032 0.000000
vt 0.864516 0.000000
vt 0.535484 0.000000
vt 0.858065 0.000000
vt 0.541936 0.000000
vt 0.851613 0.000000
vt 0.845161 0.000000
vt 0.548387 0.000000
vt 0.838710 0.000000
vt 0.554839 0.000000
vt 0.832258 0.000000
vt 0.561290 0.000000
vt 0.825806 0.000000
vt 0.567742 0.000000
vt 0.819355 0.000000
vt 0.574194 0.000000
vt 0.812903 0.000000
vt 0.580645 0.000000
vt 0.806452 0.000000
vt 0.587097 0.000000
vt 0.800000 0.000000
vt 0.593548 0.000000
vt 0.793548 0.000000
vt 0.600000 0.000000
vt 0.787097 0.000000
vt 0.606452 0.000000
vt 0.780645 0.000000
vt 0.612903 0.000000
vt 0.774194 0.000000
vt 0.767742 0.000000
vt 0.761290 0.000000
vt 0.754839 0.000000
vt 0.619355 0.000000
vt 0.625806 0.000000
vt 0.632258 0.000000
vt 0.748387 0.000000
vt 0.638710 0.000000
vt 0.741935 0.000000
vt 0.645161 0.000000
vt 0.651613 0.000000
vt 0.735484 0.000000
vt 0.658065 0.000000
vt 0.729032 0.000000
vt 0.664516 0.000000
vt 0.722581 0.000000
vt 0.670968 0.000000
vt 0.716129 0.000000
vt 0.677419 0.000000
vt 0.709677 0.000000
vt 0.683871 0.000000
vt 0.703226 0.000000
vt 0.690323 0.000000
vt 0.696774 0.000000
vt 0.000000 1.000000
vt 0.006410 1.000000
vt 0.006410 0.000000
vt 0.012821 1.000000
vt 0.012821 0.000000
vt 0.019231 1.000000
vt 0.019231 0.000000
vt 0.025641 1.000000
vt 0.025641 0.000000
vt 0.032051 1.000000
vt 0.032051 0.000000
vt 0.038462 1.000000
vt 0.038462 0.000000
vt 0.044872 1.000000
vt 0.044872 0.000000
vt 0.051282 1.000000
vt 0.051282 0.000000
vt 0.057692 1.000000
vt 0.057692 0.000000
vt 0.064103 1.000000
vt 0.064103 0.000000
vt 0.070513 1.000000
vt 0.070513 0.000000
vt 0.076923 1.000000
vt 0.076923 0.000000
vt 0.083333 1.000000
vt 0.083333 0.000000
vt 0.089744 1.000000
vt 0.089744 0.000000
vt 0.096154 1.000000
vt 0.096154 0.000000
vt 0.102564 1.000000
vt 0.102564 0.000000
vt 0.108974 1.000000
vt 0.108974 0.000000
vt 0.115385 1.000000
vt 0.115385 0.000000
vt 0.121795 1.000000
vt 0.121795 0.000000
vt 0.128205 1.000000
vt 0.128205 0.000000
vt 0.134615 1.000000
vt 0.134615 0.000000
vt 0.141026 1.000000
vt 0.141026 0.000000
vt 0.147436 1.000000
vt 0.147436 0.000000
vt 0.153846 1.000000
vt 0.153846 0.000000
vt 0.160256 1.000000
vt 0.160256 0.000000
vt 0.166667 1.000000
vt 0.166667 0.000000
vt 0.173077 1.000000
vt 0.173077 0.000000
vt 0.179487 1.000000
vt 0.179487 0.000000
vt 0.185897 1.000000
vt 0.185897 0.000000
vt 0.192308 1.000000
vt 0.192308 0.000000
vt 0.198718 1.000000
vt 0.198718 0.000000
vt 0.205128 1.000000
vt 0.205128 0.000000
vt 0.211538 1.000000
vt 0.211538 0.000000
vt 0.217949 1.000000
vt 0.217949 0.000000
vt 0.224359 1.000000
vt 0.224359 0.000000
vt 0.230769 1.000000
vt 0.230769 0.000000
vt 0.237179 1.000000
vt 0.237179 0.000000
vt 0.243590 1.000000
vt 0.243590 0.000000
vt 0.250000 1.000000
vt 0.250000 0.000000
vt 0.256410 1.000000
vt 0.256410 0.000000
vt 0.262821 1.000000
vt 0.262821 0.000000
vt 0.269231 1.000000
vt 0.269231 0.000000
vt 0.275641 1.000000
vt 0.275641 0.000000
vt 0.282051 1.000000
vt 0.282051 0.000000
vt 0.288462 1.000000
vt 0.288462 0.000000
vt 0.294872 1.000000
vt 0.294872 0.000000
vt 0.301282 1.000000
vt 0.301282 0.000000
vt 0.307692 1.000000
vt 0.307692 0.000000
vt 0.314103 1.000000
vt 0.314103 0.000000
vt 0.320513 1.000000
vt 0.320513 0.000000
vt 0.326923 1.000000
vt 0.326923 0.000000
vt 0.333333 1.000000
vt 0.333333 0.000000
vt 0.339744 1.000000
vt 0.339744 0.000000
vt 0.346154 1.000000
vt 0.346154 0.000000
vt 0.352564 1.000000
vt 0.352564 0.000000
vt 0.358974 1.000000
vt 0.358974 0.000000
vt 0.365385 1.000000
vt 0.365385 0.000000
vt 0.371795 1.000000
vt 0.371795 0.000000
vt 0.378205 1.000000
vt 0.378205 0.000000
vt 0.384615 1.000000
vt 0.384615 0.000000
vt 0.391026 1.000000
vt 0.391026 0.000000
vt 0.397436 1.000000
vt 0.397436 0.000000
vt 0.403846 1.000000
vt 0.403846 0.000000
vt 0.410256 1.000000
vt 0.410256 0.000000
vt 0.416667 1.000000
vt 0.416667 0.000000
vt 0.423077 1.000000
vt 0.423077 0.000000
vt 0.429487 1.000000
vt 0.429487 0.000000
vt 0.435897 1.000000
vt 0.435897 0.000000
vt 0.442308 1.000000
vt 0.442308 0.000000
vt 0.448718 1.000000
vt 0.448718 0.000000
vt 0.455128 1.000000
vt 0.455128 0.000000
vt 0.461538 1.000000
vt 0.461538 0.000000
vt 0.467949 1.000000
vt 0.467949 0.000000
vt 0.474359 1.000000
vt 0.474359 0.000000
vt 0.480769 1.000000
vt 0.480769 0.000000
vt 0.487179 1.000000
vt 0.487179 0.000000
vt 0.493590 1.000000
vt 0.493590 0.000000
vt 0.500000 1.000000
vt 0.500000 0.000000
vt 0.506410 1.000000
vt 0.506410 0.000000
vt 0.512821 1.000000
vt 0.512821 0.000000
vt 0.519231 1.000000
vt 0.519231 0.000000
vt 0.525641 1.000000
vt 0.525641 0.000000
vt 0.532051 1.000000
vt 0.532051 0.000000
vt 0.538462 1.000000
vt 0.538462 0.000000
vt 0.544872 1.000000
vt 0.544872 0.000000
vt 0.551282 1.000000
vt 0.551282 0.000000
vt 0.557692 1.000000
vt 0.557692 0.000000
vt 0.564103 1.000000
vt 0.564103 0.000000
vt 0.570513 1.000000
vt 0.570513 0.000000
vt 0.576923 1.000000
vt 0.576923 0.000000
vt 0.583333 1.000000
vt 0.583333 0.000000
vt 0.589744 1.000000
vt 0.589744 0.000000
vt 0.596154 1.000000
vt 0.596154 0.000000
vt 0.602564 1.000000
vt 0.602564 0.000000
vt 0.608974 1.000000
vt 0.608974 0.000000
vt 0.615385 1.000000
vt 0.615385 0.000000
vt 0.621795 1.000000
vt 0.621795 0.000000
vt 0.628205 1.000000
vt 0.628205 0.000000
vt 0.634615 1.000000
vt 0.634615 0.000000
vt 0.641026 1.000000
vt 0.641026 0.000000
vt 0.647436 1.000000
vt 0.647436 0.000000
vt 0.653846 1.000000
vt 0.653846 0.000000
vt 0.660256 1.000000
vt 0.660256 0.000000
vt 0.666667 1.000000
vt 0.666667 0.000000
vt 0.673077 1.000000
vt 0.673077 0.000000
vt 0.679487 1.000000
vt 0.679487 0.000000
vt 0.685897 1.000000
vt 0.685897 0.000000
vt 0.692308 1.000000
vt 0.692308 0.000000
vt 0.698718 1.000000
vt 0.698718 0.000000
vt 0.705128 1.000000
vt 0.705128 0.000000
vt 0.711538 1.000000
vt 0.711538 0.000000
vt 0.717949 1.000000
vt 0.717949 0.000000
vt 0.724359 1.000000
vt 0.724359 0.000000
vt 0.730769 1.000000
vt 0.730769 0.000000
vt 0.737179 1.000000
vt 0.737179 0.000000
vt 0.743590 1.000000
vt 0.743590 0.000000
vt 0.750000 1.000000
vt 0.750000 0.000000
vt 0.756410 1.000000
vt 0.756410 0.000000
vt 0.762821 1.000000
vt 0.762821 0.000000
vt 0.769231 1.000000
vt 0.769231 0.000000
vt 0.775641 1.000000
vt 0.775641 0.000000
vt 0.782051 1.000000
vt 0.782051 0.000000
vt 0.788462 1.000000
vt 0.788462 0.000000
vt 0.794872 1.000000
vt 0.794872 0.000000
vt 0.801282 1.000000
vt 0.801282 0.000000
vt 0.807692 1.000000
vt 0.807692 0.000000
vt 0.814103 1.000000
vt 0.814103 0.000000
vt 0.820513 1.000000
vt 0.820513 0.000000
vt 0.826923 1.000000
vt 0.826923 0.000000
vt 0.833333 1.000000
vt 0.833333 0.000000
vt 0.839744 1.000000
vt 0.839744 0.000000
vt 0.846154 1.000000
vt 0.846154 0.000000
vt 0.852564 1.000000
vt 0.852564 0.000000
vt 0.858974 1.000000
vt 0.858974 0.000000
vt 0.865385 1.000000
vt 0.865385 0.000000
vt 0.871795 1.000000
vt 0.871795 0.000000
vt 0.878205 1.000000
vt 0.878205 0.000000
vt 0.884615 1.000000
vt 0.884615 0.000000
vt 0.891026 1.000000
vt 0.891026 0.000000
vt 0.897436 1.000000
vt 0.897436 0.000000
vt 0.903846 1.000000
vt 0.903846 0.000000
vt 0.910256 1.000000
vt 0.910256 0.000000
vt 0.916667 1.000000
vt 0.916667 0.000000
vt 0.923077 1.000000
vt 0.923077 0.000000
vt 0.929487 1.000000
vt 0.929487 0.000000
vt 0.935897 1.000000
vt 0.935897 0.000000
vt 0.942308 1.000000
vt 0.942308 0.000000
vt 0.948718 1.000000
vt 0.948718 0.000000
vt 0.955128 1.000000
vt 0.955128 0.000000
vt 0.961538 1.000000
vt 0.961538 0.000000
vt 0.967949 1.000000
vt 0.967949 0.000000
vt 0.974359 1.000000
vt 0.974359 0.000000
vt 0.980769 1.000000
vt 0.980769 0.000000
vt 0.987179 1.000000
vt 0.987179 0.000000
vt 0.993590 1.000000
vt 0.993590 0.000000
vt 1.000000 1.000000
s 0
usemtl SVGMat.012
f 1260/937/301 1262/938/301 1261/939/301
f 1260/937/301 1263/940/301 1262/938/301
f 1260/937/301 1264/941/301 1263/940/301
f 1260/937/301 1265/942/301 1264/941/301
f 1260/937/301 1266/943/301 1265/942/301
f 1260/937/301 1267/944/301 1266/943/301
f 1260/937/301 1268/945/301 1267/944/301
f 1260/937/301 1269/946/301 1268/945/301
f 1296/947/301 1298/948/301 1297/949/301
f 1260/937/301 1270/950/301 1269/946/301
f 1259/951/301 1270/950/301 1260/937/301
f 1259/951/301 1271/952/301 1270/950/301
f 1259/951/301 1272/953/301 1271/952/301
f 1296/947/301 1299/954/301 1298/948/301
f 1259/951/301 1273/955/301 1272/953/301
f 1259/951/301 1274/956/301 1273/955/301
f 1295/957/301 1299/954/301 1296/947/301
f 1259/951/301 1275/958/301 1274/956/301
f 1295/957/301 1300/959/301 1299/954/301
f 1258/960/301 1275/958/301 1259/951/301
f 1258/960/301 1276/961/301 1275/958/301
f 1258/960/301 1277/962/301 1276/961/301
f 1295/957/301 1301/963/301 1300/959/301
f 1294/964/301 1301/963/301 1295/957/301
f 1258/960/301 1278/965/301 1277/962/301
f 1258/960/301 1279/966/301 1278/965/301
f 1294/964/301 1302/967/301 1301/963/301
f 1293/968/301 1302/967/301 1294/964/301
f 1258/960/301 1280/969/301 1279/966/301
f 1257/970/301 1280/969/301 1258/960/301
f 1257/970/301 1281/971/301 1280/969/301
f 1293/968/301 1303/972/301 1302/967/301
f 1257/970/301 1282/973/301 1281/971/301
f 1292/974/301 1303/972/301 1293/968/301
f 1257/970/301 1283/975/301 1282/973/301
f 1257/970/301 1284/976/301 1283/975/301
f 1257/970/301 1285/977/301 1284/976/301
f 1292/974/301 1304/978/301 1303/972/301
f 1291/979/301 1304/978/301 1292/974/301
f 1257/970/301 1286/980/301 1285/977/301
f 1256/981/301 1286/980/301 1257/970/301
f 1290/982/301 1304/978/301 1291/979/301
f 1256/981/301 1287/983/301 1286/980/301
f 1290/982/301 1305/984/301 1304/978/301
f 1256/981/301 1288/985/301 1287/983/301
f 1289/986/301 1305/984/301 1290/982/301
f 1256/981/301 1289/986/301 1288/985/301
f 1256/981/301 1305/984/301 1289/986/301
f 1256/981/301 1306/987/301 1305/984/301
f 1255/988/301 1306/987/301 1256/981/301
f 1255/988/301 1307/989/301 1306/987/301
f 1255/988/301 1308/990/301 1307/989/301
f 1254/991/301 1308/990/301 1255/988/301
f 1254/991/301 1309/992/301 1308/990/301
f 1253/993/301 1309/992/301 1254/991/301
f 1253/993/301 1310/994/301 1309/992/301
f 1253/993/301 1321/995/301 1310/994/301
f 1321/995/301 1311/996/301 1310/994/301
f 1252/997/301 1321/995/301 1253/993/301
f 1252/997/301 1322/998/301 1321/995/301
f 1320/999/301 1311/996/301 1321/995/301
f 1320/999/301 1312/1000/301 1311/996/301
f 1319/1001/301 1312/1000/301 1320/999/301
f 1251/1002/301 1393/1003/301 1252/997/301
f 1393/1003/301 1322/998/301 1252/997/301
f 1251/1002/301 1394/1004/301 1393/1003/301
f 1392/1005/301 1322/998/301 1393/1003/301
f 1318/1006/301 1312/1000/301 1319/1001/301
f 1318/1006/301 1313/1007/301 1312/1000/301
f 1392/1005/301 1323/1008/301 1322/998/301
f 1317/1009/301 1313/1007/301 1318/1006/301
f 1251/1002/301 1395/1010/301 1394/1004/301
f 1317/1009/301 1314/1011/301 1313/1007/301
f 1316/1012/301 1314/1011/301 1317/1009/301
f 1316/1012/301 1315/1013/301 1314/1011/301
f 1250/1014/301 1395/1010/301 1251/1002/301
f 1250/1014/301 1396/1015/301 1395/1010/301
f 1250/1014/301 1397/1016/301 1396/1015/301
f 1391/1017/301 1323/1008/301 1392/1005/301
f 1250/1014/301 1398/1018/301 1397/1016/301
f 1249/1019/301 1398/1018/301 1250/1014/301
f 1391/1017/301 1324/1020/301 1323/1008/301
f 1249/1019/301 1399/1021/301 1398/1018/301
f 1249/1019/301 1400/1022/301 1399/1021/301
f 1249/1019/301 1401/1023/301 1400/1022/301
f 1249/1019/301 1402/1024/301 1401/1023/301
f 1404/1025/301 1402/1024/301 1249/1019/301
f 1404/1025/301 1403/1026/301 1402/1024/301
f 1390/1027/301 1324/1020/301 1391/1017/301
f 1390/1027/301 1325/1028/301 1324/1020/301
f 1389/1029/301 1325/1028/301 1390/1027/301
f 1389/1029/301 1326/1030/301 1325/1028/301
f 1388/1031/301 1326/1030/301 1389/1029/301
f 1388/1031/301 1327/1032/301 1326/1030/301
f 1387/1033/301 1327/1032/301 1388/1031/301
f 1387/1033/301 1328/1034/301 1327/1032/301
f 1386/1035/301 1328/1034/301 1387/1033/301
f 1386/1035/301 1329/1036/301 1328/1034/301
f 1385/1037/301 1329/1036/301 1386/1035/301
f 1385/1037/301 1330/1038/301 1329/1036/301
f 1384/1039/301 1330/1038/301 1385/1037/301
f 1384/1039/301 1331/1040/301 1330/1038/301
f 1383/1041/301 1331/1040/301 1384/1039/301
f 1383/1041/301 1332/1042/301 1331/1040/301
f 1382/1043/301 1332/1042/301 1383/1041/301
f 1382/1043/301 1333/1044/301 1332/1042/301
f 1381/1045/301 1333/1044/301 1382/1043/301
f 1380/1046/301 1333/1044/301 1381/1045/301
f 1380/1046/301 1334/1047/301 1333/1044/301
f 1379/1048/301 1334/1047/301 1380/1046/301
f 1379/1048/301 1335/1049/301 1334/1047/301
f 1378/1050/301 1335/1049/301 1379/1048/301
f 1378/1050/301 1336/1051/301 1335/1049/301
f 1377/1052/301 1336/1051/301 1378/1050/301
f 1377/1052/301 1337/1053/301 1336/1051/301
f 1376/1054/301 1337/1053/301 1377/1052/301
f 1376/1054/301 1338/1055/301 1337/1053/301
f 1375/1056/301 1338/1055/301 1376/1054/301
f 1375/1056/301 1339/1057/301 1338/1055/301
f 1374/1058/301 1339/1057/301 1375/1056/301
f 1374/1058/301 1340/1059/301 1339/1057/301
f 1373/1060/301 1340/1059/301 1374/1058/301
f 1373/1060/301 1341/1061/301 1340/1059/301
f 1372/1062/301 1341/1061/301 1373/1060/301
f 1372/1062/301 1342/1063/301 1341/1061/301
f 1371/1064/301 1342/1063/301 1372/1062/301
f 1371/1064/301 1343/1065/301 1342/1063/301
f 1370/1066/301 1343/1065/301 1371/1064/301
f 1370/1066/301 1344/1067/301 1343/1065/301
f 1369/1068/301 1368/1069/301 1370/1066/301
f 1368/1069/301 1344/1067/301 1370/1066/301
f 1367/1070/301 1344/1067/301 1368/1069/301
f 1366/1071/301 1344/1067/301 1367/1070/301
f 1366/1071/301 1345/1072/301 1344/1067/301
f 1366/1071/301 1346/1073/301 1345/1072/301
f 1366/1071/301 1347/1074/301 1346/1073/301
f 1365/1075/301 1347/1074/301 1366/1071/301
f 1365/1075/301 1348/1076/301 1347/1074/301
f 1364/1077/301 1348/1076/301 1365/1075/301
f 1364/1077/301 1349/1078/301 1348/1076/301
f 1364/1077/301 1350/1079/301 1349/1078/301
f 1363/1080/301 1350/1079/301 1364/1077/301
f 1363/1080/301 1351/1081/301 1350/1079/301
f 1362/1082/301 1351/1081/301 1363/1080/301
f 1362/1082/301 1352/1083/301 1351/1081/301
f 1361/1084/301 1352/1083/301 1362/1082/301
f 1361/1084/301 1353/1085/301 1352/1083/301
f 1360/1086/301 1353/1085/301 1361/1084/301
f 1360/1086/301 1354/1087/301 1353/1085/301
f 1359/1088/301 1354/1087/301 1360/1086/301
f 1359/1088/301 1355/1089/301 1354/1087/301
f 1358/1090/301 1355/1089/301 1359/1088/301
f 1358/1090/301 1356/1091/301 1355/1089/301
f 1357/1092/301 1356/1091/301 1358/1090/301
f 1416/937/302 1417/939/302 1418/938/302
f 1416/937/302 1418/938/302 1419/940/302
f 1416/937/302 1419/940/302 1420/941/302
f 1416/937/302 1420/941/302 1421/942/302
f 1416/937/302 1421/942/302 1422/943/302
f 1416/937/302 1422/943/302 1423/944/302
f 1416/937/302 1423/944/302 1424/945/302
f 1416/937/302 1424/945/302 1425/946/302
f 1452/947/302 1453/949/302 1454/948/302
f 1416/937/302 1425/946/302 1426/950/302
f 1415/951/302 1416/937/302 1426/950/302
f 1415/951/302 1426/950/302 1427/952/302
f 1415/951/302 1427/952/302 1428/953/302
f 1452/947/302 1454/948/302 1455/954/302
f 1415/951/302 1428/953/302 1429/955/302
f 1415/951/302 1429/955/302 1430/956/302
f 1451/957/302 1452/947/302 1455/954/302
f 1415/951/302 1430/956/302 1431/958/302
f 1451/957/302 1455/954/302 1456/959/302
f 1414/960/302 1415/951/302 1431/958/302
f 1414/960/302 1431/958/302 1432/961/302
f 1414/960/302 1432/961/302 1433/962/302
f 1451/957/302 1456/959/302 1457/963/302
f 1450/964/302 1451/957/302 1457/963/302
f 1414/960/302 1433/962/302 1434/965/302
f 1414/960/302 1434/965/302 1435/966/302
f 1450/964/302 1457/963/302 1458/967/302
f 1449/968/302 1450/964/302 1458/967/302
f 1414/960/302 1435/966/302 1436/969/302
f 1413/970/302 1414/960/302 1436/969/302
f 1413/970/302 1436/969/302 1437/971/302
f 1449/968/302 1458/967/302 1459/972/302
f 1413/970/302 1437/971/302 1438/973/302
f 1448/974/302 1449/968/302 1459/972/302
f 1413/970/302 1438/973/302 1439/975/302
f 1413/970/302 1439/975/302 1440/976/302
f 1413/970/302 1440/976/302 1441/977/302
f 1448/974/302 1459/972/302 1460/978/302
f 1447/979/302 1448/974/302 1460/978/302
f 1413/970/302 1441/977/302 1442/980/302
f 1412/981/302 1413/970/302 1442/980/302
f 1446/982/302 1447/979/302 1460/978/302
f 1412/981/302 1442/980/302 1443/983/302
f 1446/982/302 1460/978/302 1461/984/302
f 1412/981/302 1443/983/302 1444/985/302
f 1445/986/302 1446/982/302 1461/984/302
f 1412/981/302 1444/985/302 1445/986/302
f 1412/981/302 1445/986/302 1461/984/302
f 1412/981/302 1461/984/302 1462/987/302
f 1411/988/302 1412/981/302 1462/987/302
f 1411/988/302 1462/987/302 1463/989/302
f 1411/988/302 1463/989/302 1464/990/302
f 1410/991/302 1411/988/302 1464/990/302
f 1410/991/302 1464/990/302 1465/992/302
f 1409/993/302 1410/991/302 1465/992/302
f 1409/993/302 1465/992/302 1466/994/302
f 1409/993/302 1466/994/302 1477/995/302
f 1477/995/302 1466/994/302 1467/996/302
f 1408/997/302 1409/993/302 1477/995/302
f 1408/997/302 1477/995/302 1478/998/302
f 1476/999/302 1477/995/302 1467/996/302
f 1476/999/302 1467/996/302 1468/1000/302
f 1475/1001/302 1476/999/302 1468/1000/302
f 1407/1002/302 1408/997/302 1549/1003/302
f 1549/1003/302 1408/997/302 1478/998/302
f 1407/1002/302 1549/1003/302 1550/1004/302
f 1548/1005/302 1549/1003/302 1478/998/302
f 1474/1006/302 1475/1001/302 1468/1000/302
f 1474/1006/302 1468/1000/302 1469/1007/302
f 1548/1005/302 1478/998/302 1479/1008/302
f 1473/1009/302 1474/1006/302 1469/1007/302
f 1407/1002/302 1550/1004/302 1551/1010/302
f 1473/1009/302 1469/1007/302 1470/1011/302
f 1472/1012/302 1473/1009/302 1470/1011/302
f 1472/1012/302 1470/1011/302 1471/1013/302
f 1406/1014/302 1407/1002/302 1551/1010/302
f 1406/1014/302 1551/1010/302 1552/1015/302
f 1406/1014/302 1552/1015/302 1553/1016/302
f 1547/1017/302 1548/1005/302 1479/1008/302
f 1406/1014/302 1553/1016/302 1554/1018/302
f 1405/1019/302 1406/1014/302 1554/1018/302
f 1547/1017/302 1479/1008/302 1480/1020/302
f 1405/1019/302 1554/1018/302 1555/1021/302
f 1405/1019/302 1555/1021/302 1556/1022/302
f 1405/1019/302 1556/1022/302 1557/1023/302
f 1405/1019/302 1557/1023/302 1558/1024/302
f 1560/1025/302 1405/1019/302 1558/1024/302
f 1560/1025/302 1558/1024/302 1559/1026/302
f 1546/1027/302 1547/1017/302 1480/1020/302
f 1546/1027/302 1480/1020/302 1481/1028/302
f 1545/1029/302 1546/1027/302 1481/1028/302
f 1545/1029/302 1481/1028/302 1482/1030/302
f 1544/1031/302 1545/1029/302 1482/1030/302
f 1544/1031/302 1482/1030/302 1483/1032/302
f 1543/1033/302 1544/1031/302 1483/1032/302
f 1543/1033/302 1483/1032/302 1484/1034/302
f 1542/1035/302 1543/1033/302 1484/1034/302
f 1542/1035/302 1484/1034/302 1485/1036/302
f 1541/1037/302 1542/1035/302 1485/1036/302
f 1541/1037/302 1485/1036/302 1486/1038/302
f 1540/1039/302 1541/1037/302 1486/1038/302
f 1540/1039/302 1486/1038/302 1487/1040/302
f 1539/1041/302 1540/1039/302 1487/1040/302
f 1539/1041/302 1487/1040/302 1488/1042/302
f 1538/1043/302 1539/1041/302 1488/1042/302
f 1538/1043/302 1488/1042/302 1489/1044/302
f 1537/1045/302 1538/1043/302 1489/1044/302
f 1536/1046/302 1537/1045/302 1489/1044/302
f 1536/1046/302 1489/1044/302 1490/1047/302
f 1535/1048/302 1536/1046/302 1490/1047/302
f 1535/1048/302 1490/1047/302 1491/1049/302
f 1534/1050/302 1535/1048/302 1491/1049/302
f 1534/1050/302 1491/1049/302 1492/1051/302
f 1533/1052/302 1534/1050/302 1492/1051/302
f 1533/1052/302 1492/1051/302 1493/1053/302
f 1532/1054/302 1533/1052/302 1493/1053/302
f 1532/1054/302 1493/1053/302 1494/1055/302
f 1531/1056/302 1532/1054/302 1494/1055/302
f 1531/1056/302 1494/1055/302 1495/1057/302
f 1530/1058/302 1531/1056/302 1495/1057/302
f 1530/1058/302 1495/1057/302 1496/1059/302
f 1529/1060/302 1530/1058/302 1496/1059/302
f 1529/1060/302 1496/1059/302 1497/1061/302
f 1528/1062/302 1529/1060/302 1497/1061/302
f 1528/1062/302 1497/1061/302 1498/1063/302
f 1527/1064/302 1528/1062/302 1498/1063/302
f 1527/1064/302 1498/1063/302 1499/1065/302
f 1526/1066/302 1527/1064/302 1499/1065/302
f 1526/1066/302 1499/1065/302 1500/1067/302
f 1525/1068/302 1526/1066/302 1524/1069/302
f 1524/1069/302 1526/1066/302 1500/1067/302
f 1523/1070/302 1524/1069/302 1500/1067/302
f 1522/1071/302 1523/1070/302 1500/1067/302
f 1522/1071/302 1500/1067/302 1501/1072/302
f 1522/1071/302 1501/1072/302 1502/1073/302
f 1522/1071/302 1502/1073/302 1503/1074/302
f 1521/1075/302 1522/1071/302 1503/1074/302
f 1521/1075/302 1503/1074/302 1504/1076/302
f 1520/1077/302 1521/1075/302 1504/1076/302
f 1520/1077/302 1504/1076/302 1505/1078/302
f 1520/1077/302 1505/1078/302 1506/1079/302
f 1519/1080/302 1520/1077/302 1506/1079/302
f 1519/1080/302 1506/1079/302 1507/1081/302
f 1518/1082/302 1519/1080/302 1507/1081/302
f 1518/1082/302 1507/1081/302 1508/1083/302
f 1517/1084/302 1518/1082/302 1508/1083/302
f 1517/1084/302 1508/1083/302 1509/1085/302
f 1516/1086/302 1517/1084/302 1509/1085/302
f 1516/1086/302 1509/1085/302 1510/1087/302
f 1515/1088/302 1516/1086/302 1510/1087/302
f 1515/1088/302 1510/1087/302 1511/1089/302
f 1514/1090/302 1515/1088/302 1511/1089/302
f 1514/1090/302 1511/1089/302 1512/1091/302
f 1513/1092/302 1514/1090/302 1512/1091/302
s 1
f 1562/1093/303 1564/1094/304 1563/1095/304 1561/1019/303
f 1564/1094/304 1566/1096/305 1565/1097/305 1563/1095/304
f 1566/1096/305 1568/1098/306 1567/1099/306 1565/1097/305
f 1568/1098/306 1570/1100/307 1569/1101/307 1567/1099/306
f 1570/1100/307 1572/1102/308 1571/1103/308 1569/1101/307
f 1572/1102/308 1574/1104/309 1573/1105/309 1571/1103/308
f 1574/1104/309 1576/1106/310 1575/1107/310 1573/1105/309
f 1576/1106/310 1578/1108/311 1577/1109/311 1575/1107/310
f 1578/1108/311 1580/1110/312 1579/1111/312 1577/1109/311
f 1580/1110/312 1582/1112/313 1581/1113/313 1579/1111/312
f 1582/1112/313 1584/1114/314 1583/1115/314 1581/1113/313
f 1584/1114/314 1586/1116/315 1585/1117/315 1583/1115/314
f 1586/1116/315 1588/1118/316 1587/1119/316 1585/1117/315
f 1588/1118/316 1590/1120/317 1589/1121/317 1587/1119/316
f 1590/1120/317 1592/1122/318 1591/1123/318 1589/1121/317
f 1592/1122/318 1594/1124/319 1593/1125/319 1591/1123/318
f 1594/1124/319 1596/1126/320 1595/1127/320 1593/1125/319
f 1596/1126/320 1598/1128/321 1597/1129/321 1595/1127/320
f 1598/1128/321 1600/1130/322 1599/1131/322 1597/1129/321
f 1600/1130/322 1602/1132/323 1601/1133/323 1599/1131/322
f 1602/1132/323 1604/1134/324 1603/1135/324 1601/1133/323
f 1604/1134/324 1606/1136/325 1605/1137/325 1603/1135/324
f 1606/1136/325 1608/1138/326 1607/1139/326 1605/1137/325
f 1608/1138/326 1610/1140/327 1609/1141/327 1607/1139/326
f 1610/1140/327 1612/1142/328 1611/1143/328 1609/1141/327
f 1612/1142/328 1614/1144/329 1613/1145/329 1611/1143/328
f 1614/1144/329 1616/1146/330 1615/1147/330 1613/1145/329
f 1616/1146/330 1618/1148/331 1617/1149/331 1615/1147/330
f 1618/1148/331 1620/1150/332 1619/1151/332 1617/1149/331
f 1620/1150/332 1622/1152/333 1621/1153/333 1619/1151/332
f 1622/1152/333 1624/1154/334 1623/1155/334 1621/1153/333
f 1624/1154/334 1626/1156/335 1625/1157/335 1623/1155/334
f 1626/1156/335 1628/1158/336 1627/1159/336 1625/1157/335
f 1628/1158/336 1630/1160/337 1629/1161/337 1627/1159/336
f 1630/1160/337 1632/1162/338 1631/1163/338 1629/1161/337
f 1632/1162/338 1634/1164/339 1633/1165/339 1631/1163/338
f 1634/1164/339 1636/1166/340 1635/1167/340 1633/1165/339
f 1636/1166/340 1638/1168/341 1637/1169/341 1635/1167/340
f 1638/1168/341 1640/1170/342 1639/1171/342 1637/1169/341
f 1640/1170/342 1642/1172/343 1641/1173/343 1639/1171/342
f 1642/1172/343 1644/1174/344 1643/1175/344 1641/1173/343
f 1644/1174/344 1646/1176/345 1645/1177/345 1643/1175/344
f 1646/1176/345 1648/1178/346 1647/1179/346 1645/1177/345
f 1648/1178/346 1650/1180/347 1649/1181/347 1647/1179/346
f 1650/1180/347 1652/1182/348 1651/1183/348 1649/1181/347
f 1652/1182/348 1654/1184/349 1653/1185/349 1651/1183/348
f 1654/1184/349 1656/1186/350 1655/1187/350 1653/1185/349
f 1656/1186/350 1658/1188/351 1657/1189/351 1655/1187/350
f 1658/1188/351 1660/1190/352 1659/1191/352 1657/1189/351
f 1660/1190/352 1662/1192/353 1661/1193/353 1659/1191/352
f 1662/1192/353 1664/1194/354 1663/1195/354 1661/1193/353
f 1664/1194/354 1666/1196/355 1665/1197/355 1663/1195/354
f 1666/1196/355 1668/1198/356 1667/1199/356 1665/1197/355
f 1668/1198/356 1670/1200/357 1669/1201/357 1667/1199/356
f 1670/1200/357 1672/1202/358 1671/1203/358 1669/1201/357
f 1672/1202/358 1674/1204/359 1673/1205/359 1671/1203/358
f 1674/1204/359 1676/1206/360 1675/1207/360 1673/1205/359
f 1676/1206/360 1678/1208/361 1677/1209/361 1675/1207/360
f 1678/1208/361 1680/1210/362 1679/1211/362 1677/1209/361
f 1680/1210/362 1682/1212/363 1681/1213/363 1679/1211/362
f 1682/1212/363 1684/1214/364 1683/1215/364 1681/1213/363
f 1684/1214/364 1686/1216/365 1685/1217/365 1683/1215/364
f 1686/1216/365 1688/1218/366 1687/1219/366 1685/1217/365
f 1688/1218/366 1690/1220/367 1689/1221/367 1687/1219/366
f 1690/1220/367 1692/1222/368 1691/1223/368 1689/1221/367
f 1692/1222/368 1694/1224/369 1693/1225/369 1691/1223/368
f 1694/1224/369 1696/1226/370 1695/1227/370 1693/1225/369
f 1696/1226/370 1698/1228/371 1697/1229/371 1695/1227/370
f 1698/1228/371 1700/1230/372 1699/1231/372 1697/1229/371
f 1700/1230/372 1702/1232/373 1701/1233/373 1699/1231/372
f 1702/1232/373 1704/1234/374 1703/1235/374 1701/1233/373
f 1704/1234/374 1706/1236/364 1705/1237/364 1703/1235/374
f 1706/1236/364 1708/1238/375 1707/1239/375 1705/1237/364
f 1708/1238/375 1710/1240/376 1709/1241/376 1707/1239/375
f 1710/1240/376 1712/1242/377 1711/1243/377 1709/1241/376
f 1712/1242/377 1714/1244/378 1713/1245/378 1711/1243/377
f 1714/1244/378 1716/1246/379 1715/1247/379 1713/1245/378
f 1716/1246/379 1718/1248/380 1717/1249/380 1715/1247/379
f 1718/1248/380 1720/1250/381 1719/1251/381 1717/1249/380
f 1720/1250/381 1722/1252/382 1721/1253/382 1719/1251/381
f 1722/1252/382 1724/1254/383 1723/1255/383 1721/1253/382
f 1724/1254/383 1726/1256/384 1725/1257/384 1723/1255/383
f 1726/1256/384 1728/1258/385 1727/1259/385 1725/1257/384
f 1728/1258/385 1730/1260/386 1729/1261/386 1727/1259/385
f 1730/1260/386 1732/1262/387 1731/1263/387 1729/1261/386
f 1732/1262/387 1734/1264/387 1733/1265/387 1731/1263/387
f 1734/1264/387 1736/1266/387 1735/1267/387 1733/1265/387
f 1736/1266/387 1738/1268/387 1737/1269/387 1735/1267/387
f 1738/1268/387 1740/1270/387 1739/1271/387 1737/1269/387
f 1740/1270/387 1742/1272/387 1741/1273/387 1739/1271/387
f 1742/1272/387 1744/1274/387 1743/1275/387 1741/1273/387
f 1744/1274/387 1746/1276/387 1745/1277/387 1743/1275/387
f 1746/1276/387 1748/1278/387 1747/1279/387 1745/1277/387
f 1748/1278/387 1750/1280/387 1749/1281/387 1747/1279/387
f 1750/1280/387 1752/1282/388 1751/1283/388 1749/1281/387
f 1752/1282/388 1754/1284/389 1753/1285/389 1751/1283/388
f 1754/1284/389 1756/1286/390 1755/1287/390 1753/1285/389
f 1756/1286/390 1758/1288/391 1757/1289/391 1755/1287/390
f 1758/1288/391 1760/1290/392 1759/1291/392 1757/1289/391
f 1760/1290/392 1762/1292/393 1761/1293/393 1759/1291/392
f 1762/1292/393 1764/1294/394 1763/1295/394 1761/1293/393
f 1764/1294/394 1766/1296/395 1765/1297/395 1763/1295/394
f 1766/1296/395 1768/1298/396 1767/1299/396 1765/1297/395
f 1768/1298/396 1770/1300/397 1769/1301/397 1767/1299/396
f 1770/1300/397 1772/1302/398 1771/1303/398 1769/1301/397
f 1772/1302/398 1774/1304/399 1773/1305/399 1771/1303/398
f 1774/1304/399 1776/1306/400 1775/1307/400 1773/1305/399
f 1776/1306/400 1778/1308/401 1777/1309/401 1775/1307/400
f 1778/1308/401 1780/1310/402 1779/1311/402 1777/1309/401
f 1780/1310/402 1782/1312/403 1781/1313/403 1779/1311/402
f 1782/1312/403 1784/1314/404 1783/1315/404 1781/1313/403
f 1784/1314/404 1786/1316/405 1785/1317/405 1783/1315/404
f 1786/1316/405 1788/1318/406 1787/1319/406 1785/1317/405
f 1788/1318/406 1790/1320/407 1789/1321/407 1787/1319/406
f 1790/1320/407 1792/1322/408 1791/1323/408 1789/1321/407
f 1792/1322/408 1794/1324/409 1793/1325/409 1791/1323/408
f 1794/1324/409 1796/1326/410 1795/1327/410 1793/1325/409
f 1796/1326/410 1798/1328/411 1797/1329/411 1795/1327/410
f 1798/1328/411 1800/1330/412 1799/1331/412 1797/1329/411
f 1800/1330/412 1802/1332/413 1801/1333/413 1799/1331/412
f 1802/1332/413 1804/1334/414 1803/1335/414 1801/1333/413
f 1804/1334/414 1806/1336/415 1805/1337/415 1803/1335/414
f 1806/1336/415 1808/1338/415 1807/1339/415 1805/1337/415
f 1808/1338/415 1810/1340/415 1809/1341/415 1807/1339/415
f 1810/1340/415 1812/1342/415 1811/1343/415 1809/1341/415
f 1812/1342/415 1814/1344/415 1813/1345/415 1811/1343/415
f 1814/1344/415 1816/1346/415 1815/1347/415 1813/1345/415
f 1816/1346/415 1818/1348/415 1817/1349/415 1815/1347/415
f 1818/1348/415 1820/1350/415 1819/1351/415 1817/1349/415
f 1820/1350/415 1822/1352/415 1821/1353/415 1819/1351/415
f 1822/1352/415 1824/1354/414 1823/1355/414 1821/1353/415
f 1824/1354/414 1826/1356/416 1825/1357/416 1823/1355/414
f 1826/1356/416 1828/1358/417 1827/1359/417 1825/1357/416
f 1828/1358/417 1830/1360/418 1829/1361/418 1827/1359/417
f 1830/1360/418 1832/1362/419 1831/1363/419 1829/1361/418
f 1832/1362/419 1834/1364/420 1833/1365/420 1831/1363/419
f 1834/1364/420 1836/1366/421 1835/1367/421 1833/1365/420
f 1836/1366/421 1838/1368/422 1837/1369/422 1835/1367/421
f 1838/1368/422 1840/1370/423 1839/1371/423 1837/1369/422
f 1840/1370/423 1842/1372/424 1841/1373/424 1839/1371/423
f 1842/1372/424 1844/1374/425 1843/1375/425 1841/1373/424
f 1844/1374/425 1846/1376/426 1845/1377/426 1843/1375/425
f 1846/1376/426 1848/1378/427 1847/1379/427 1845/1377/426
f 1848/1378/427 1850/1380/428 1849/1381/428 1847/1379/427
f 1850/1380/428 1852/1382/429 1851/1383/429 1849/1381/428
f 1852/1382/429 1854/1384/430 1853/1385/430 1851/1383/429
f 1854/1384/430 1856/1386/431 1855/1387/431 1853/1385/430
f 1856/1386/431 1858/1388/432 1857/1389/432 1855/1387/431
f 1858/1388/432 1860/1390/433 1859/1391/433 1857/1389/432
f 1860/1390/433 1862/1392/434 1861/1393/434 1859/1391/433
f 1862/1392/434 1864/1394/435 1863/1395/435 1861/1393/434
f 1864/1394/435 1866/1396/436 1865/1397/436 1863/1395/435
f 1866/1396/436 1868/1398/437 1867/1399/437 1865/1397/436
f 1868/1398/437 1870/1400/438 1869/1401/438 1867/1399/437
f 1870/1400/438 1872/1402/439 1871/1403/439 1869/1401/438
f 1872/1402/439 1562/1404/303 1561/1025/303 1871/1403/439
o Curve.002
v 3.124207 0.266096 -3.638249
v 2.600260 0.266096 -3.481796
v 2.118515 0.266096 -3.307133
v 1.681425 0.266096 -3.113202
v 1.291445 0.266096 -2.898943
v 0.951031 0.266096 -2.663298
v 0.662636 0.266096 -2.405207
v 0.428715 0.266096 -2.123610
v 0.251723 0.266096 -1.817449
v 0.134115 0.266096 -1.485665
v 0.078345 0.266096 -1.127199
v 0.086868 0.266096 -0.740992
v 0.162138 0.266096 -0.325983
v 0.099230 0.266096 -0.366268
v 0.037618 0.266096 -0.408656
v -0.022719 0.266096 -0.453116
v -0.081798 0.266096 -0.499620
v -0.139638 0.266096 -0.548137
v -0.196257 0.266096 -0.598637
v -0.251674 0.266096 -0.651091
v -0.305908 0.266096 -0.705469
v -0.358976 0.266096 -0.761742
v -0.410897 0.266096 -0.819879
v -0.461690 0.266096 -0.879850
v -0.511373 0.266096 -0.941627
v -0.592508 0.266096 -1.039002
v -0.678523 0.266096 -1.130812
v -0.768909 0.266096 -1.217088
v -0.863163 0.266096 -1.297863
v -0.960774 0.266096 -1.373169
v -1.061240 0.266096 -1.443041
v -1.164053 0.266096 -1.507509
v -1.268707 0.266096 -1.566607
v -1.374695 0.266096 -1.620368
v -1.481512 0.266096 -1.668824
v -1.588651 0.266096 -1.712007
v -1.695606 0.266096 -1.749950
v -2.007996 0.266096 -1.840832
v -2.309507 0.266096 -1.902549
v -2.599033 0.266096 -1.934120
v -2.875463 0.266096 -1.934562
v -3.137685 0.266096 -1.902891
v -3.384590 0.266096 -1.838125
v -3.615070 0.266096 -1.739282
v -3.828012 0.266096 -1.605379
v -4.022307 0.266096 -1.435433
v -4.196846 0.266096 -1.228462
v -4.350517 0.266096 -0.983482
v -4.482213 0.266096 -0.699512
v -4.650950 0.266096 -0.875090
v -4.789261 0.266096 -1.048766
v -4.897727 0.266096 -1.220578
v -4.976928 0.266096 -1.390561
v -5.027444 0.266096 -1.558751
v -5.049858 0.266096 -1.725185
v -5.044748 0.266096 -1.889900
v -5.012699 0.266096 -2.052931
v -4.954289 0.266096 -2.214315
v -4.870100 0.266096 -2.374089
v -4.760713 0.266096 -2.532288
v -4.626703 0.266096 -2.688949
v -4.416721 0.266096 -2.882207
v -4.185589 0.266096 -3.038368
v -3.934404 0.266096 -3.159097
v -3.664265 0.266096 -3.246061
v -3.376267 0.266096 -3.300928
v -3.071511 0.266096 -3.325364
v -2.751094 0.266096 -3.321035
v -2.416113 0.266096 -3.289610
v -2.067666 0.266096 -3.232754
v -1.706851 0.266096 -3.152135
v -1.334766 0.266096 -3.049419
v -0.952508 0.266096 -2.926274
v -0.976124 0.266096 -3.224240
v -1.044716 0.266096 -3.500700
v -1.157202 0.266096 -3.756172
v -1.312499 0.266096 -3.991174
v -1.509525 0.266096 -4.206223
v -1.747198 0.266096 -4.401835
v -2.024433 0.266096 -4.578531
v -2.340150 0.266096 -4.736827
v -2.693264 0.266096 -4.877240
v -3.082695 0.266096 -5.000288
v -3.507359 0.266096 -5.106489
v -3.966171 0.266096 -5.196360
v -3.971857 0.266096 -5.208745
v -3.987577 0.266096 -5.242985
v -4.011325 0.266096 -5.294710
v -4.041092 0.266096 -5.359549
v -4.074874 0.266096 -5.433130
v -4.110662 0.266096 -5.511082
v -4.146451 0.266096 -5.589034
v -4.180232 0.266096 -5.662614
v -4.210000 0.266096 -5.727453
v -4.233747 0.266096 -5.779178
v -4.249468 0.266096 -5.813419
v -4.255156 0.266096 -5.825804
v -3.711462 0.266096 -5.840402
v -3.200457 0.266096 -5.873215
v -2.722595 0.266096 -5.924500
v -2.278337 0.266096 -5.994509
v -1.868138 0.266096 -6.083500
v -1.492458 0.266096 -6.191727
v -1.151755 0.266096 -6.319444
v -0.846485 0.266096 -6.466908
v -0.577107 0.266096 -6.634372
v -0.344079 0.266096 -6.822092
v -0.147858 0.266096 -7.030324
v 0.011097 0.266096 -7.259320
v 0.224740 0.266096 -7.010736
v 0.463615 0.266096 -6.784637
v 0.727953 0.266096 -6.581229
v 1.017982 0.266096 -6.400713
v 1.333929 0.266096 -6.243296
v 1.676022 0.266096 -6.109178
v 2.044491 0.266096 -5.998563
v 2.439564 0.266096 -5.911656
v 2.861469 0.266096 -5.848660
v 3.310435 0.266096 -5.809778
v 3.786689 0.266096 -5.795213
v 4.290462 0.266096 -5.805170
v 4.285588 0.266096 -5.793191
v 4.272114 0.266096 -5.760073
v 4.251759 0.266096 -5.710043
v 4.226244 0.266096 -5.647330
v 4.197289 0.266096 -5.576161
v 4.166614 0.266096 -5.500765
v 4.135939 0.266096 -5.425368
v 4.106984 0.266096 -5.354199
v 4.081469 0.266096 -5.291486
v 4.061114 0.266096 -5.241456
v 4.047641 0.266096 -5.208338
v 4.042768 0.266096 -5.196359
v 3.623344 0.266096 -5.130923
v 3.235141 0.266096 -5.045679
v 2.877880 0.266096 -4.940804
v 2.551277 0.266096 -4.816475
v 2.255052 0.266096 -4.672873
v 1.988923 0.266096 -4.510176
v 1.752611 0.266096 -4.328561
v 1.545834 0.266096 -4.128207
v 1.368310 0.266096 -3.909292
v 1.219759 0.266096 -3.671994
v 1.099899 0.266096 -3.416493
v 1.008451 0.266096 -3.142965
v 1.204950 0.266096 -3.244782
v 1.397319 0.266096 -3.334214
v 1.585697 0.266096 -3.411673
v 1.770221 0.266096 -3.477573
v 1.951029 0.266096 -3.532327
v 2.128259 0.266096 -3.576350
v 2.302048 0.266096 -3.610053
v 2.472535 0.266096 -3.633851
v 2.639856 0.266096 -3.648156
v 2.804150 0.266096 -3.653381
v 2.965555 0.266096 -3.649941
v 3.124207 -0.266096 -3.638249
v 2.600260 -0.266096 -3.481796
v 2.118515 -0.266096 -3.307133
v 1.681425 -0.266096 -3.113202
v 1.291445 -0.266096 -2.898943
v 0.951031 -0.266096 -2.663298
v 0.662636 -0.266096 -2.405207
v 0.428715 -0.266096 -2.123610
v 0.251723 -0.266096 -1.817449
v 0.134115 -0.266096 -1.485665
v 0.078345 -0.266096 -1.127199
v 0.086868 -0.266096 -0.740992
v 0.162138 -0.266096 -0.325983
v 0.099230 -0.266096 -0.366268
v 0.037618 -0.266096 -0.408656
v -0.022719 -0.266096 -0.453116
v -0.081798 -0.266096 -0.499620
v -0.139638 -0.266096 -0.548137
v -0.196257 -0.266096 -0.598637
v -0.251674 -0.266096 -0.651091
v -0.305908 -0.266096 -0.705469
v -0.358976 -0.266096 -0.761742
v -0.410897 -0.266096 -0.819879
v -0.461690 -0.266096 -0.879850
v -0.511373 -0.266096 -0.941627
v -0.592508 -0.266096 -1.039002
v -0.678523 -0.266096 -1.130812
v -0.768909 -0.266096 -1.217088
v -0.863163 -0.266096 -1.297863
v -0.960774 -0.266096 -1.373169
v -1.061240 -0.266096 -1.443041
v -1.164053 -0.266096 -1.507509
v -1.268707 -0.266096 -1.566607
v -1.374695 -0.266096 -1.620368
v -1.481512 -0.266096 -1.668824
v -1.588651 -0.266096 -1.712007
v -1.695606 -0.266096 -1.749950
v -2.007996 -0.266096 -1.840832
v -2.309507 -0.266096 -1.902549
v -2.599033 -0.266096 -1.934120
v -2.875463 -0.266096 -1.934562
v -3.137685 -0.266096 -1.902891
v -3.384590 -0.266096 -1.838125
v -3.615070 -0.266096 -1.739282
v -3.828012 -0.266096 -1.605379
v -4.022307 -0.266096 -1.435433
v -4.196846 -0.266096 -1.228462
v -4.350517 -0.266096 -0.983482
v -4.482213 -0.266096 -0.699512
v -4.650950 -0.266096 -0.875090
v -4.789261 -0.266096 -1.048766
v -4.897727 -0.266096 -1.220578
v -4.976928 -0.266096 -1.390561
v -5.027444 -0.266096 -1.558751
v -5.049858 -0.266096 -1.725185
v -5.044748 -0.266096 -1.889900
v -5.012699 -0.266096 -2.052931
v -4.954289 -0.266096 -2.214315
v -4.870100 -0.266096 -2.374089
v -4.760713 -0.266096 -2.532288
v -4.626703 -0.266096 -2.688949
v -4.416721 -0.266096 -2.882207
v -4.185589 -0.266096 -3.038368
v -3.934404 -0.266096 -3.159097
v -3.664265 -0.266096 -3.246061
v -3.376267 -0.266096 -3.300928
v -3.071511 -0.266096 -3.325364
v -2.751094 -0.266096 -3.321035
v -2.416113 -0.266096 -3.289610
v -2.067666 -0.266096 -3.232754
v -1.706851 -0.266096 -3.152135
v -1.334766 -0.266096 -3.049419
v -0.952508 -0.266096 -2.926274
v -0.976124 -0.266096 -3.224240
v -1.044716 -0.266096 -3.500700
v -1.157202 -0.266096 -3.756172
v -1.312499 -0.266096 -3.991174
v -1.509525 -0.266096 -4.206223
v -1.747198 -0.266096 -4.401835
v -2.024433 -0.266096 -4.578531
v -2.340150 -0.266096 -4.736827
v -2.693264 -0.266096 -4.877240
v -3.082695 -0.266096 -5.000288
v -3.507359 -0.266096 -5.106489
v -3.966171 -0.266096 -5.196360
v -3.971857 -0.266096 -5.208745
v -3.987577 -0.266096 -5.242985
v -4.011325 -0.266096 -5.294710
v -4.041092 -0.266096 -5.359549
v -4.074874 -0.266096 -5.433130
v -4.110662 -0.266096 -5.511082
v -4.146451 -0.266096 -5.589034
v -4.180232 -0.266096 -5.662614
v -4.210000 -0.266096 -5.727453
v -4.233747 -0.266096 -5.779178
v -4.249468 -0.266096 -5.813419
v -4.255156 -0.266096 -5.825804
v -3.711462 -0.266096 -5.840402
v -3.200457 -0.266096 -5.873215
v -2.722595 -0.266096 -5.924500
v -2.278337 -0.266096 -5.994509
v -1.868138 -0.266096 -6.083500
v -1.492458 -0.266096 -6.191727
v -1.151755 -0.266096 -6.319444
v -0.846485 -0.266096 -6.466908
v -0.577107 -0.266096 -6.634372
v -0.344079 -0.266096 -6.822092
v -0.147858 -0.266096 -7.030324
v 0.011097 -0.266096 -7.259320
v 0.224740 -0.266096 -7.010736
v 0.463615 -0.266096 -6.784637
v 0.727953 -0.266096 -6.581229
v 1.017982 -0.266096 -6.400713
v 1.333929 -0.266096 -6.243296
v 1.676022 -0.266096 -6.109178
v 2.044491 -0.266096 -5.998563
v 2.439564 -0.266096 -5.911656
v 2.861469 -0.266096 -5.848660
v 3.310435 -0.266096 -5.809778
v 3.786689 -0.266096 -5.795213
v 4.290462 -0.266096 -5.805170
v 4.285588 -0.266096 -5.793191
v 4.272114 -0.266096 -5.760073
v 4.251759 -0.266096 -5.710043
v 4.226244 -0.266096 -5.647330
v 4.197289 -0.266096 -5.576161
v 4.166614 -0.266096 -5.500765
v 4.135939 -0.266096 -5.425368
v 4.106984 -0.266096 -5.354199
v 4.081469 -0.266096 -5.291486
v 4.061114 -0.266096 -5.241456
v 4.047641 -0.266096 -5.208338
v 4.042768 -0.266096 -5.196359
v 3.623344 -0.266096 -5.130923
v 3.235141 -0.266096 -5.045679
v 2.877880 -0.266096 -4.940804
v 2.551277 -0.266096 -4.816475
v 2.255052 -0.266096 -4.672873
v 1.988923 -0.266096 -4.510176
v 1.752611 -0.266096 -4.328561
v 1.545834 -0.266096 -4.128207
v 1.368310 -0.266096 -3.909292
v 1.219759 -0.266096 -3.671994
v 1.099899 -0.266096 -3.416493
v 1.008451 -0.266096 -3.142965
v 1.204950 -0.266096 -3.244782
v 1.397319 -0.266096 -3.334214
v 1.585697 -0.266096 -3.411673
v 1.770221 -0.266096 -3.477573
v 1.951029 -0.266096 -3.532327
v 2.128259 -0.266096 -3.576350
v 2.302048 -0.266096 -3.610053
v 2.472535 -0.266096 -3.633851
v 2.639856 -0.266096 -3.648156
v 2.804150 -0.266096 -3.653381
v 2.965555 -0.266096 -3.649941
v 3.124207 -0.266096 -3.638249
v 3.124207 0.266096 -3.638249
v 2.600260 -0.266096 -3.481796
v 2.600260 0.266096 -3.481796
v 2.118515 -0.266096 -3.307133
v 2.118515 0.266096 -3.307133
v 1.681425 -0.266096 -3.113202
v 1.681425 0.266096 -3.113202
v 1.291445 -0.266096 -2.898943
v 1.291445 0.266096 -2.898943
v 0.951031 -0.266096 -2.663298
v 0.951031 0.266096 -2.663298
v 0.662636 -0.266096 -2.405207
v 0.662636 0.266096 -2.405207
v 0.428715 -0.266096 -2.123610
v 0.428715 0.266096 -2.123610
v 0.251723 -0.266096 -1.817449
v 0.251723 0.266096 -1.817449
v 0.134115 -0.266096 -1.485665
v 0.134115 0.266096 -1.485665
v 0.078345 -0.266096 -1.127199
v 0.078345 0.266096 -1.127199
v 0.086868 -0.266096 -0.740992
v 0.086868 0.266096 -0.740992
v 0.162138 -0.266096 -0.325983
v 0.162138 0.266096 -0.325983
v 0.099230 -0.266096 -0.366268
v 0.099230 0.266096 -0.366268
v 0.037618 -0.266096 -0.408656
v 0.037618 0.266096 -0.408656
v -0.022719 -0.266096 -0.453116
v -0.022719 0.266096 -0.453116
v -0.081798 -0.266096 -0.499620
v -0.081798 0.266096 -0.499620
v -0.139638 -0.266096 -0.548137
v -0.139638 0.266096 -0.548137
v -0.196257 -0.266096 -0.598637
v -0.196257 0.266096 -0.598637
v -0.251674 -0.266096 -0.651091
v -0.251674 0.266096 -0.651091
v -0.305908 -0.266096 -0.705469
v -0.305908 0.266096 -0.705469
v -0.358976 -0.266096 -0.761742
v -0.358976 0.266096 -0.761742
v -0.410897 -0.266096 -0.819879
v -0.410897 0.266096 -0.819879
v -0.461690 -0.266096 -0.879850
v -0.461690 0.266096 -0.879850
v -0.511373 -0.266096 -0.941627
v -0.511373 0.266096 -0.941627
v -0.592508 -0.266096 -1.039002
v -0.592508 0.266096 -1.039002
v -0.678523 -0.266096 -1.130812
v -0.678523 0.266096 -1.130812
v -0.768909 -0.266096 -1.217088
v -0.768909 0.266096 -1.217088
v -0.863163 -0.266096 -1.297863
v -0.863163 0.266096 -1.297863
v -0.960774 -0.266096 -1.373169
v -0.960774 0.266096 -1.373169
v -1.061240 -0.266096 -1.443041
v -1.061240 0.266096 -1.443041
v -1.164053 -0.266096 -1.507509
v -1.164053 0.266096 -1.507509
v -1.268707 -0.266096 -1.566607
v -1.268707 0.266096 -1.566607
v -1.374695 -0.266096 -1.620368
v -1.374695 0.266096 -1.620368
v -1.481512 -0.266096 -1.668824
v -1.481512 0.266096 -1.668824
v -1.588651 -0.266096 -1.712007
v -1.588651 0.266096 -1.712007
v -1.695606 -0.266096 -1.749950
v -1.695606 0.266096 -1.749950
v -2.007996 -0.266096 -1.840832
v -2.007996 0.266096 -1.840832
v -2.309507 -0.266096 -1.902549
v -2.309507 0.266096 -1.902549
v -2.599033 -0.266096 -1.934120
v -2.599033 0.266096 -1.934120
v -2.875463 -0.266096 -1.934562
v -2.875463 0.266096 -1.934562
v -3.137685 -0.266096 -1.902891
v -3.137685 0.266096 -1.902891
v -3.384590 -0.266096 -1.838125
v -3.384590 0.266096 -1.838125
v -3.615070 -0.266096 -1.739282
v -3.615070 0.266096 -1.739282
v -3.828012 -0.266096 -1.605379
v -3.828012 0.266096 -1.605379
v -4.022307 -0.266096 -1.435433
v -4.022307 0.266096 -1.435433
v -4.196846 -0.266096 -1.228462
v -4.196846 0.266096 -1.228462
v -4.350517 -0.266096 -0.983482
v -4.350517 0.266096 -0.983482
v -4.482213 -0.266096 -0.699512
v -4.482213 0.266096 -0.699512
v -4.650950 -0.266096 -0.875090
v -4.650950 0.266096 -0.875090
v -4.789261 -0.266096 -1.048766
v -4.789261 0.266096 -1.048766
v -4.897727 -0.266096 -1.220578
v -4.897727 0.266096 -1.220578
v -4.976928 -0.266096 -1.390561
v -4.976928 0.266096 -1.390561
v -5.027444 -0.266096 -1.558751
v -5.027444 0.266096 -1.558751
v -5.049858 -0.266096 -1.725185
v -5.049858 0.266096 -1.725185
v -5.044748 -0.266096 -1.889900
v -5.044748 0.266096 -1.889900
v -5.012699 -0.266096 -2.052931
v -5.012699 0.266096 -2.052931
v -4.954289 -0.266096 -2.214315
v -4.954289 0.266096 -2.214315
v -4.870100 -0.266096 -2.374089
v -4.870100 0.266096 -2.374089
v -4.760713 -0.266096 -2.532288
v -4.760713 0.266096 -2.532288
v -4.626703 -0.266096 -2.688949
v -4.626703 0.266096 -2.688949
v -4.416721 -0.266096 -2.882207
v -4.416721 0.266096 -2.882207
v -4.185589 -0.266096 -3.038368
v -4.185589 0.266096 -3.038368
v -3.934404 -0.266096 -3.159097
v -3.934404 0.266096 -3.159097
v -3.664265 -0.266096 -3.246061
v -3.664265 0.266096 -3.246061
v -3.376267 -0.266096 -3.300928
v -3.376267 0.266096 -3.300928
v -3.071511 -0.266096 -3.325364
v -3.071511 0.266096 -3.325364
v -2.751094 -0.266096 -3.321035
v -2.751094 0.266096 -3.321035
v -2.416113 -0.266096 -3.289610
v -2.416113 0.266096 -3.289610
v -2.067666 -0.266096 -3.232754
v -2.067666 0.266096 -3.232754
v -1.706851 -0.266096 -3.152135
v -1.706851 0.266096 -3.152135
v -1.334766 -0.266096 -3.049419
v -1.334766 0.266096 -3.049419
v -0.952508 -0.266096 -2.926274
v -0.952508 0.266096 -2.926274
v -0.976124 -0.266096 -3.224240
v -0.976124 0.266096 -3.224240
v -1.044716 -0.266096 -3.500700
v -1.044716 0.266096 -3.500700
v -1.157202 -0.266096 -3.756172
v -1.157202 0.266096 -3.756172
v -1.312499 -0.266096 -3.991174
v -1.312499 0.266096 -3.991174
v -1.509525 -0.266096 -4.206223
v -1.509525 0.266096 -4.206223
v -1.747198 -0.266096 -4.401835
v -1.747198 0.266096 -4.401835
v -2.024433 -0.266096 -4.578531
v -2.024433 0.266096 -4.578531
v -2.340150 -0.266096 -4.736827
v -2.340150 0.266096 -4.736827
v -2.693264 -0.266096 -4.877240
v -2.693264 0.266096 -4.877240
v -3.082695 -0.266096 -5.000288
v -3.082695 0.266096 -5.000288
v -3.507359 -0.266096 -5.106489
v -3.507359 0.266096 -5.106489
v -3.966171 -0.266096 -5.196360
v -3.966171 0.266096 -5.196360
v -3.971857 -0.266096 -5.208745
v -3.971857 0.266096 -5.208745
v -3.987577 -0.266096 -5.242985
v -3.987577 0.266096 -5.242985
v -4.011325 -0.266096 -5.294710
v -4.011325 0.266096 -5.294710
v -4.041092 -0.266096 -5.359549
v -4.041092 0.266096 -5.359549
v -4.074874 -0.266096 -5.433130
v -4.074874 0.266096 -5.433130
v -4.110662 -0.266096 -5.511082
v -4.110662 0.266096 -5.511082
v -4.146451 -0.266096 -5.589034
v -4.146451 0.266096 -5.589034
v -4.180232 -0.266096 -5.662614
v -4.180232 0.266096 -5.662614
v -4.210000 -0.266096 -5.727453
v -4.210000 0.266096 -5.727453
v -4.233747 -0.266096 -5.779178
v -4.233747 0.266096 -5.779178
v -4.249468 -0.266096 -5.813419
v -4.249468 0.266096 -5.813419
v -4.255156 -0.266096 -5.825804
v -4.255156 0.266096 -5.825804
v -3.711462 -0.266096 -5.840402
v -3.711462 0.266096 -5.840402
v -3.200457 -0.266096 -5.873215
v -3.200457 0.266096 -5.873215
v -2.722595 -0.266096 -5.924500
v -2.722595 0.266096 -5.924500
v -2.278337 -0.266096 -5.994509
v -2.278337 0.266096 -5.994509
v -1.868138 -0.266096 -6.083500
v -1.868138 0.266096 -6.083500
v -1.492458 -0.266096 -6.191727
v -1.492458 0.266096 -6.191727
v -1.151755 -0.266096 -6.319444
v -1.151755 0.266096 -6.319444
v -0.846485 -0.266096 -6.466908
v -0.846485 0.266096 -6.466908
v -0.577107 -0.266096 -6.634372
v -0.577107 0.266096 -6.634372
v -0.344079 -0.266096 -6.822092
v -0.344079 0.266096 -6.822092
v -0.147858 -0.266096 -7.030324
v -0.147858 0.266096 -7.030324
v 0.011097 -0.266096 -7.259320
v 0.011097 0.266096 -7.259320
v 0.224740 -0.266096 -7.010736
v 0.224740 0.266096 -7.010736
v 0.463615 -0.266096 -6.784637
v 0.463615 0.266096 -6.784637
v 0.727953 -0.266096 -6.581229
v 0.727953 0.266096 -6.581229
v 1.017982 -0.266096 -6.400713
v 1.017982 0.266096 -6.400713
v 1.333929 -0.266096 -6.243296
v 1.333929 0.266096 -6.243296
v 1.676022 -0.266096 -6.109178
v 1.676022 0.266096 -6.109178
v 2.044491 -0.266096 -5.998563
v 2.044491 0.266096 -5.998563
v 2.439564 -0.266096 -5.911656
v 2.439564 0.266096 -5.911656
v 2.861469 -0.266096 -5.848660
v 2.861469 0.266096 -5.848660
v 3.310435 -0.266096 -5.809778
v 3.310435 0.266096 -5.809778
v 3.786689 -0.266096 -5.795213
v 3.786689 0.266096 -5.795213
v 4.290462 -0.266096 -5.805170
v 4.290462 0.266096 -5.805170
v 4.285588 -0.266096 -5.793191
v 4.285588 0.266096 -5.793191
v 4.272114 -0.266096 -5.760073
v 4.272114 0.266096 -5.760073
v 4.251759 -0.266096 -5.710043
v 4.251759 0.266096 -5.710043
v 4.226244 -0.266096 -5.647330
v 4.226244 0.266096 -5.647330
v 4.197289 -0.266096 -5.576161
v 4.197289 0.266096 -5.576161
v 4.166614 -0.266096 -5.500765
v 4.166614 0.266096 -5.500765
v 4.135939 -0.266096 -5.425368
v 4.135939 0.266096 -5.425368
v 4.106984 -0.266096 -5.354199
v 4.106984 0.266096 -5.354199
v 4.081469 -0.266096 -5.291486
v 4.081469 0.266096 -5.291486
v 4.061114 -0.266096 -5.241456
v 4.061114 0.266096 -5.241456
v 4.047641 -0.266096 -5.208338
v 4.047641 0.266096 -5.208338
v 4.042768 -0.266096 -5.196359
v 4.042768 0.266096 -5.196359
v 3.623344 -0.266096 -5.130923
v 3.623344 0.266096 -5.130923
v 3.235141 -0.266096 -5.045679
v 3.235141 0.266096 -5.045679
v 2.877880 -0.266096 -4.940804
v 2.877880 0.266096 -4.940804
v 2.551277 -0.266096 -4.816475
v 2.551277 0.266096 -4.816475
v 2.255052 -0.266096 -4.672873
v 2.255052 0.266096 -4.672873
v 1.988923 -0.266096 -4.510176
v 1.988923 0.266096 -4.510176
v 1.752611 -0.266096 -4.328561
v 1.752611 0.266096 -4.328561
v 1.545834 -0.266096 -4.128207
v 1.545834 0.266096 -4.128207
v 1.368310 -0.266096 -3.909292
v 1.368310 0.266096 -3.909292
v 1.219759 -0.266096 -3.671994
v 1.219759 0.266096 -3.671994
v 1.099899 -0.266096 -3.416493
v 1.099899 0.266096 -3.416493
v 1.008451 -0.266096 -3.142965
v 1.008451 0.266096 -3.142965
v 1.204950 -0.266096 -3.244782
v 1.204950 0.266096 -3.244782
v 1.397319 -0.266096 -3.334214
v 1.397319 0.266096 -3.334214
v 1.585697 -0.266096 -3.411673
v 1.585697 0.266096 -3.411673
v 1.770221 -0.266096 -3.477573
v 1.770221 0.266096 -3.477573
v 1.951029 -0.266096 -3.532327
v 1.951029 0.266096 -3.532327
v 2.128259 -0.266096 -3.576350
v 2.128259 0.266096 -3.576350
v 2.302048 -0.266096 -3.610053
v 2.302048 0.266096 -3.610053
v 2.472535 -0.266096 -3.633851
v 2.472535 0.266096 -3.633851
v 2.639856 -0.266096 -3.648156
v 2.639856 0.266096 -3.648156
v 2.804150 -0.266096 -3.653381
v 2.804150 0.266096 -3.653381
v 2.965555 -0.266096 -3.649941
v 2.965555 0.266096 -3.649941
vn -0.0000 1.0000 -0.0000
vn -0.0000 -1.0000 -0.0000
vn 0.9941 -0.0000 -0.1081
vn 0.3136 -0.0000 0.9495
vn 0.3734 -0.0000 0.9277
vn 0.4439 -0.0000 0.8961
vn 0.5260 -0.0000 0.8505
vn 0.6192 -0.0000 0.7852
vn 0.7200 -0.0000 0.6940
vn 0.8204 -0.0000 0.5718
vn 0.9080 -0.0000 0.4191
vn 0.9695 -0.0000 0.2450
vn 0.9978 -0.0000 0.0661
vn 0.9949 -0.0000 -0.1006
vn 0.5566 -0.0000 0.8308
vn -0.5531 -0.0000 0.8331
vn -0.5801 -0.0000 0.8146
vn -0.6059 -0.0000 0.7955
vn -0.6307 -0.0000 0.7761
vn -0.6542 -0.0000 0.7563
vn -0.6766 -0.0000 0.7363
vn -0.6978 -0.0000 0.7163
vn -0.7179 -0.0000 0.6962
vn -0.7368 -0.0000 0.6762
vn -0.7545 -0.0000 0.6563
vn -0.7712 -0.0000 0.6366
vn -0.7738 -0.0000 0.6334
vn -0.7493 -0.0000 0.6622
vn -0.7104 -0.0000 0.7038
vn -0.6708 -0.0000 0.7416
vn -0.6310 -0.0000 0.7758
vn -0.5911 -0.0000 0.8066
vn -0.5513 -0.0000 0.8343
vn -0.5116 -0.0000 0.8592
vn -0.4722 -0.0000 0.8815
vn -0.4328 -0.0000 0.9015
vn -0.3936 -0.0000 0.9193
vn -0.3542 -0.0000 0.9352
vn -0.3070 -0.0000 0.9517
vn -0.2401 -0.0000 0.9707
vn -0.1546 -0.0000 0.9880
vn -0.0551 -0.0000 0.9985
vn 0.0593 -0.0000 0.9982
vn 0.1873 -0.0000 0.9823
vn 0.3248 -0.0000 0.9458
vn 0.4647 -0.0000 0.8855
vn 0.5972 -0.0000 0.8021
vn 0.7135 -0.0000 0.7007
vn 0.8078 -0.0000 0.5895
vn 0.8789 -0.0000 0.4770
vn 0.1649 -0.0000 0.9863
vn -0.7524 -0.0000 0.6587
vn -0.8151 -0.0000 0.5793
vn -0.8778 -0.0000 0.4791
vn -0.9345 -0.0000 0.3559
vn -0.9774 -0.0000 0.2112
vn -0.9987 -0.0000 0.0514
vn -0.9937 -0.0000 -0.1123
vn -0.9636 -0.0000 -0.2674
vn -0.9147 -0.0000 -0.4042
vn -0.8551 -0.0000 -0.5184
vn -0.7923 -0.0000 -0.6102
vn -0.7198 -0.0000 -0.6941
vn -0.6203 -0.0000 -0.7844
vn -0.4978 -0.0000 -0.8673
vn -0.3707 -0.0000 -0.9288
vn -0.2473 -0.0000 -0.9689
vn -0.1337 -0.0000 -0.9910
vn -0.0332 -0.0000 -0.9994
vn 0.0535 -0.0000 -0.9986
vn 0.1273 -0.0000 -0.9919
vn 0.1896 -0.0000 -0.9819
vn 0.2422 -0.0000 -0.9702
vn 0.2864 -0.0000 -0.9581
vn -0.9870 -0.0000 0.1604
vn -0.9464 -0.0000 0.3231
vn -0.8779 -0.0000 0.4789
vn -0.7883 -0.0000 0.6153
vn -0.6881 -0.0000 0.7256
vn -0.5876 -0.0000 0.8092
vn -0.4935 -0.0000 0.8698
vn -0.4092 -0.0000 0.9124
vn -0.3356 -0.0000 0.9420
vn -0.2721 -0.0000 0.9623
vn -0.2175 -0.0000 0.9761
vn -0.6186 -0.0000 0.7857
vn -0.9088 -0.0000 0.4172
vn -0.9088 -0.0000 0.4173
vn -0.8490 -0.0000 -0.5284
vn -0.0455 -0.0000 -0.9990
vn -0.0854 -0.0000 -0.9963
vn -0.1312 -0.0000 -0.9914
vn -0.1839 -0.0000 -0.9829
vn -0.2446 -0.0000 -0.9696
vn -0.3142 -0.0000 -0.9494
vn -0.3934 -0.0000 -0.9194
vn -0.4821 -0.0000 -0.8761
vn -0.5787 -0.0000 -0.8155
vn -0.6792 -0.0000 -0.7340
vn -0.7768 -0.0000 -0.6298
vn -0.0516 -0.0000 -0.9987
vn 0.7239 -0.0000 -0.6899
vn 0.6495 -0.0000 -0.7604
vn 0.5698 -0.0000 -0.8218
vn 0.4877 -0.0000 -0.8730
vn 0.4059 -0.0000 -0.9139
vn 0.3265 -0.0000 -0.9452
vn 0.2514 -0.0000 -0.9679
vn 0.1814 -0.0000 -0.9834
vn 0.1170 -0.0000 -0.9931
vn 0.0584 -0.0000 -0.9983
vn 0.0054 -0.0000 -1.0000
vn 0.8242 -0.0000 -0.5664
vn 0.9263 -0.0000 0.3768
vn 0.9263 -0.0000 0.3769
vn 0.6207 -0.0000 0.7841
vn 0.1844 -0.0000 0.9829
vn 0.2482 -0.0000 0.9687
vn 0.3190 -0.0000 0.9478
vn 0.3964 -0.0000 0.9181
vn 0.4795 -0.0000 0.8776
vn 0.5663 -0.0000 0.8242
vn 0.6537 -0.0000 0.7568
vn 0.7376 -0.0000 0.6752
vn 0.8137 -0.0000 0.5813
vn 0.8781 -0.0000 0.4785
vn 0.9284 -0.0000 0.3715
vn 0.6501 -0.0000 -0.7599
vn -0.4409 -0.0000 -0.8975
vn -0.4010 -0.0000 -0.9161
vn -0.3584 -0.0000 -0.9336
vn -0.3132 -0.0000 -0.9497
vn -0.2655 -0.0000 -0.9641
vn -0.2158 -0.0000 -0.9764
vn -0.1644 -0.0000 -0.9864
vn -0.1118 -0.0000 -0.9937
vn -0.0585 -0.0000 -0.9983
vn -0.0052 -0.0000 -1.0000
vn 0.0474 -0.0000 -0.9989
vt 0.070968 0.000000
vt 0.083871 0.000000
vt 0.077419 0.000000
vt 0.090323 0.000000
vt 0.096774 0.000000
vt 0.103226 0.000000
vt 0.109677 0.000000
vt 0.116129 0.000000
vt 0.122581 0.000000
vt 0.129032 0.000000
vt 0.303226 0.000000
vt 0.316129 0.000000
vt 0.309677 0.000000
vt 0.135484 0.000000
vt 0.064516 0.000000
vt 0.141935 0.000000
vt 0.148387 0.000000
vt 0.322581 0.000000
vt 0.154839 0.000000
vt 0.161290 0.000000
vt 0.296774 0.000000
vt 0.167742 0.000000
vt 0.329032 0.000000
vt 0.058065 0.000000
vt 0.174194 0.000000
vt 0.180645 0.000000
vt 0.335484 0.000000
vt 0.290323 0.000000
vt 0.187097 0.000000
vt 0.193548 0.000000
vt 0.341935 0.000000
vt 0.283871 0.000000
vt 0.200000 0.000000
vt 0.051613 0.000000
vt 0.206452 0.000000
vt 0.348387 0.000000
vt 0.212903 0.000000
vt 0.277419 0.000000
vt 0.219355 0.000000
vt 0.225806 0.000000
vt 0.232258 0.000000
vt 0.354839 0.000000
vt 0.270968 0.000000
vt 0.238710 0.000000
vt 0.045161 0.000000
vt 0.264516 0.000000
vt 0.245161 0.000000
vt 0.361290 0.000000
vt 0.251613 0.000000
vt 0.258065 0.000000
vt 0.367742 0.000000
vt 0.038710 0.000000
vt 0.374194 0.000000
vt 0.380645 0.000000
vt 0.032258 0.000000
vt 0.387097 0.000000
vt 0.025806 0.000000
vt 0.393548 0.000000
vt 0.464516 0.000000
vt 0.400000 0.000000
vt 0.019355 0.000000
vt 0.470968 0.000000
vt 0.458065 0.000000
vt 0.406452 0.000000
vt 0.451613 0.000000
vt 0.012903 0.000000
vt 0.929032 0.000000
vt 0.935484 0.000000
vt 0.922581 0.000000
vt 0.445161 0.000000
vt 0.412903 0.000000
vt 0.477419 0.000000
vt 0.438710 0.000000
vt 0.941935 0.000000
vt 0.419355 0.000000
vt 0.432258 0.000000
vt 0.425806 0.000000
vt 0.006452 0.000000
vt 0.948387 0.000000
vt 0.954839 0.000000
vt 0.916129 0.000000
vt 0.961290 0.000000
vt 0.000000 0.000000
vt 0.483871 0.000000
vt 0.967742 0.000000
vt 0.974194 0.000000
vt 0.980645 0.000000
vt 0.987097 0.000000
vt 1.000000 0.000000
vt 0.993548 0.000000
vt 0.909677 0.000000
vt 0.490323 0.000000
vt 0.903226 0.000000
vt 0.496774 0.000000
vt 0.896774 0.000000
vt 0.503226 0.000000
vt 0.890323 0.000000
vt 0.509677 0.000000
vt 0.883871 0.000000
vt 0.516129 0.000000
vt 0.877419 0.000000
vt 0.522581 0.000000
vt 0.870968 0.000000
vt 0.529032 0.000000
vt 0.864516 0.000000
vt 0.535484 0.000000
vt 0.858065 0.000000
vt 0.541936 0.000000
vt 0.851613 0.000000
vt 0.845161 0.000000
vt 0.548387 0.000000
vt 0.838710 0.000000
vt 0.554839 0.000000
vt 0.832258 0.000000
vt 0.561290 0.000000
vt 0.825806 0.000000
vt 0.567742 0.000000
vt 0.819355 0.000000
vt 0.574194 0.000000
vt 0.812903 0.000000
vt 0.580645 0.000000
vt 0.806452 0.000000
vt 0.587097 0.000000
vt 0.800000 0.000000
vt 0.593548 0.000000
vt 0.793548 0.000000
vt 0.600000 0.000000
vt 0.787097 0.000000
vt 0.606452 0.000000
vt 0.780645 0.000000
vt 0.612903 0.000000
vt 0.774194 0.000000
vt 0.767742 0.000000
vt 0.761290 0.000000
vt 0.754839 0.000000
vt 0.619355 0.000000
vt 0.625806 0.000000
vt 0.632258 0.000000
vt 0.748387 0.000000
vt 0.638710 0.000000
vt 0.741935 0.000000
vt 0.645161 0.000000
vt 0.651613 0.000000
vt 0.735484 0.000000
vt 0.658065 0.000000
vt 0.729032 0.000000
vt 0.664516 0.000000
vt 0.722581 0.000000
vt 0.670968 0.000000
vt 0.716129 0.000000
vt 0.677419 0.000000
vt 0.709677 0.000000
vt 0.683871 0.000000
vt 0.703226 0.000000
vt 0.690323 0.000000
vt 0.696774 0.000000
vt 0.000000 1.000000
vt 0.006410 1.000000
vt 0.006410 0.000000
vt 0.012821 1.000000
vt 0.012821 0.000000
vt 0.019231 1.000000
vt 0.019231 0.000000
vt 0.025641 1.000000
vt 0.025641 0.000000
vt 0.032051 1.000000
vt 0.032051 0.000000
vt 0.038462 1.000000
vt 0.038462 0.000000
vt 0.044872 1.000000
vt 0.044872 0.000000
vt 0.051282 1.000000
vt 0.051282 0.000000
vt 0.057692 1.000000
vt 0.057692 0.000000
vt 0.064103 1.000000
vt 0.064103 0.000000
vt 0.070513 1.000000
vt 0.070513 0.000000
vt 0.076923 1.000000
vt 0.076923 0.000000
vt 0.083333 1.000000
vt 0.083333 0.000000
vt 0.089744 1.000000
vt 0.089744 0.000000
vt 0.096154 1.000000
vt 0.096154 0.000000
vt 0.102564 1.000000
vt 0.102564 0.000000
vt 0.108974 1.000000
vt 0.108974 0.000000
vt 0.115385 1.000000
vt 0.115385 0.000000
vt 0.121795 1.000000
vt 0.121795 0.000000
vt 0.128205 1.000000
vt 0.128205 0.000000
vt 0.134615 1.000000
vt 0.134615 0.000000
vt 0.141026 1.000000
vt 0.141026 0.000000
vt 0.147436 1.000000
vt 0.147436 0.000000
vt 0.153846 1.000000
vt 0.153846 0.000000
vt 0.160256 1.000000
vt 0.160256 0.000000
vt 0.166667 1.000000
vt 0.166667 0.000000
vt 0.173077 1.000000
vt 0.173077 0.000000
vt 0.179487 1.000000
vt 0.179487 0.000000
vt 0.185897 1.000000
vt 0.185897 0.000000
vt 0.192308 1.000000
vt 0.192308 0.000000
vt 0.198718 1.000000
vt 0.198718 0.000000
vt 0.205128 1.000000
vt 0.205128 0.000000
vt 0.211538 1.000000
vt 0.211538 0.000000
vt 0.217949 1.000000
vt 0.217949 0.000000
vt 0.224359 1.000000
vt 0.224359 0.000000
vt 0.230769 1.000000
vt 0.230769 0.000000
vt 0.237179 1.000000
vt 0.237179 0.000000
vt 0.243590 1.000000
vt 0.243590 0.000000
vt 0.250000 1.000000
vt 0.250000 0.000000
vt 0.256410 1.000000
vt 0.256410 0.000000
vt 0.262821 1.000000
vt 0.262821 0.000000
vt 0.269231 1.000000
vt 0.269231 0.000000
vt 0.275641 1.000000
vt 0.275641 0.000000
vt 0.282051 1.000000
vt 0.282051 0.000000
vt 0.288462 1.000000
vt 0.288462 0.000000
vt 0.294872 1.000000
vt 0.294872 0.000000
vt 0.301282 1.000000
vt 0.301282 0.000000
vt 0.307692 1.000000
vt 0.307692 0.000000
vt 0.314103 1.000000
vt 0.314103 0.000000
vt 0.320513 1.000000
vt 0.320513 0.000000
vt 0.326923 1.000000
vt 0.326923 0.000000
vt 0.333333 1.000000
vt 0.333333 0.000000
vt 0.339744 1.000000
vt 0.339744 0.000000
vt 0.346154 1.000000
vt 0.346154 0.000000
vt 0.352564 1.000000
vt 0.352564 0.000000
vt 0.358974 1.000000
vt 0.358974 0.000000
vt 0.365385 1.000000
vt 0.365385 0.000000
vt 0.371795 1.000000
vt 0.371795 0.000000
vt 0.378205 1.000000
vt 0.378205 0.000000
vt 0.384615 1.000000
vt 0.384615 0.000000
vt 0.391026 1.000000
vt 0.391026 0.000000
vt 0.397436 1.000000
vt 0.397436 0.000000
vt 0.403846 1.000000
vt 0.403846 0.000000
vt 0.410256 1.000000
vt 0.410256 0.000000
vt 0.416667 1.000000
vt 0.416667 0.000000
vt 0.423077 1.000000
vt 0.423077 0.000000
vt 0.429487 1.000000
vt 0.429487 0.000000
vt 0.435897 1.000000
vt 0.435897 0.000000
vt 0.442308 1.000000
vt 0.442308 0.000000
vt 0.448718 1.000000
vt 0.448718 0.000000
vt 0.455128 1.000000
vt 0.455128 0.000000
vt 0.461538 1.000000
vt 0.461538 0.000000
vt 0.467949 1.000000
vt 0.467949 0.000000
vt 0.474359 1.000000
vt 0.474359 0.000000
vt 0.480769 1.000000
vt 0.480769 0.000000
vt 0.487179 1.000000
vt 0.487179 0.000000
vt 0.493590 1.000000
vt 0.493590 0.000000
vt 0.500000 1.000000
vt 0.500000 0.000000
vt 0.506410 1.000000
vt 0.506410 0.000000
vt 0.512821 1.000000
vt 0.512821 0.000000
vt 0.519231 1.000000
vt 0.519231 0.000000
vt 0.525641 1.000000
vt 0.525641 0.000000
vt 0.532051 1.000000
vt 0.532051 0.000000
vt 0.538462 1.000000
vt 0.538462 0.000000
vt 0.544872 1.000000
vt 0.544872 0.000000
vt 0.551282 1.000000
vt 0.551282 0.000000
vt 0.557692 1.000000
vt 0.557692 0.000000
vt 0.564103 1.000000
vt 0.564103 0.000000
vt 0.570513 1.000000
vt 0.570513 0.000000
vt 0.576923 1.000000
vt 0.576923 0.000000
vt 0.583333 1.000000
vt 0.583333 0.000000
vt 0.589744 1.000000
vt 0.589744 0.000000
vt 0.596154 1.000000
vt 0.596154 0.000000
vt 0.602564 1.000000
vt 0.602564 0.000000
vt 0.608974 1.000000
vt 0.608974 0.000000
vt 0.615385 1.000000
vt 0.615385 0.000000
vt 0.621795 1.000000
vt 0.621795 0.000000
vt 0.628205 1.000000
vt 0.628205 0.000000
vt 0.634615 1.000000
vt 0.634615 0.000000
vt 0.641026 1.000000
vt 0.641026 0.000000
vt 0.647436 1.000000
vt 0.647436 0.000000
vt 0.653846 1.000000
vt 0.653846 0.000000
vt 0.660256 1.000000
vt 0.660256 0.000000
vt 0.666667 1.000000
vt 0.666667 0.000000
vt 0.673077 1.000000
vt 0.673077 0.000000
vt 0.679487 1.000000
vt 0.679487 0.000000
vt 0.685897 1.000000
vt 0.685897 0.000000
vt 0.692308 1.000000
vt 0.692308 0.000000
vt 0.698718 1.000000
vt 0.698718 0.000000
vt 0.705128 1.000000
vt 0.705128 0.000000
vt 0.711538 1.000000
vt 0.711538 0.000000
vt 0.717949 1.000000
vt 0.717949 0.000000
vt 0.724359 1.000000
vt 0.724359 0.000000
vt 0.730769 1.000000
vt 0.730769 0.000000
vt 0.737179 1.000000
vt 0.737179 0.000000
vt 0.743590 1.000000
vt 0.743590 0.000000
vt 0.750000 1.000000
vt 0.750000 0.000000
vt 0.756410 1.000000
vt 0.756410 0.000000
vt 0.762821 1.000000
vt 0.762821 0.000000
vt 0.769231 1.000000
vt 0.769231 0.000000
vt 0.775641 1.000000
vt 0.775641 0.000000
vt 0.782051 1.000000
vt 0.782051 0.000000
vt 0.788462 1.000000
vt 0.788462 0.000000
vt 0.794872 1.000000
vt 0.794872 0.000000
vt 0.801282 1.000000
vt 0.801282 0.000000
vt 0.807692 1.000000
vt 0.807692 0.000000
vt 0.814103 1.000000
vt 0.814103 0.000000
vt 0.820513 1.000000
vt 0.820513 0.000000
vt 0.826923 1.000000
vt 0.826923 0.000000
vt 0.833333 1.000000
vt 0.833333 0.000000
vt 0.839744 1.000000
vt 0.839744 0.000000
vt 0.846154 1.000000
vt 0.846154 0.000000
vt 0.852564 1.000000
vt 0.852564 0.000000
vt 0.858974 1.000000
vt 0.858974 0.000000
vt 0.865385 1.000000
vt 0.865385 0.000000
vt 0.871795 1.000000
vt 0.871795 0.000000
vt 0.878205 1.000000
vt 0.878205 0.000000
vt 0.884615 1.000000
vt 0.884615 0.000000
vt 0.891026 1.000000
vt 0.891026 0.000000
vt 0.897436 1.000000
vt 0.897436 0.000000
vt 0.903846 1.000000
vt 0.903846 0.000000
vt 0.910256 1.000000
vt 0.910256 0.000000
vt 0.916667 1.000000
vt 0.916667 0.000000
vt 0.923077 1.000000
vt 0.923077 0.000000
vt 0.929487 1.000000
vt 0.929487 0.000000
vt 0.935897 1.000000
vt 0.935897 0.000000
vt 0.942308 1.000000
vt 0.942308 0.000000
vt 0.948718 1.000000
vt 0.948718 0.000000
vt 0.955128 1.000000
vt 0.955128 0.000000
vt 0.961538 1.000000
vt 0.961538 0.000000
vt 0.967949 1.000000
vt 0.967949 0.000000
vt 0.974359 1.000000
vt 0.974359 0.000000
vt 0.980769 1.000000
vt 0.980769 0.000000
vt 0.987179 1.000000
vt 0.987179 0.000000
vt 0.993590 1.000000
vt 0.993590 0.000000
vt 1.000000 1.000000
s 0
usemtl SVGMat.012
f 1884/1405/440 1886/1406/440 1885/1407/440
f 1884/1405/440 1887/1408/440 1886/1406/440
f 1884/1405/440 1888/1409/440 1887/1408/440
f 1884/1405/440 1889/1410/440 1888/1409/440
f 1884/1405/440 1890/1411/440 1889/1410/440
f 1884/1405/440 1891/1412/440 1890/1411/440
f 1884/1405/440 1892/1413/440 1891/1412/440
f 1884/1405/440 1893/1414/440 1892/1413/440
f 1920/1415/440 1922/1416/440 1921/1417/440
f 1884/1405/440 1894/1418/440 1893/1414/440
f 1883/1419/440 1894/1418/440 1884/1405/440
f 1883/1419/440 1895/1420/440 1894/1418/440
f 1883/1419/440 1896/1421/440 1895/1420/440
f 1920/1415/440 1923/1422/440 1922/1416/440
f 1883/1419/440 1897/1423/440 1896/1421/440
f 1883/1419/440 1898/1424/440 1897/1423/440
f 1919/1425/440 1923/1422/440 1920/1415/440
f 1883/1419/440 1899/1426/440 1898/1424/440
f 1919/1425/440 1924/1427/440 1923/1422/440
f 1882/1428/440 1899/1426/440 1883/1419/440
f 1882/1428/440 1900/1429/440 1899/1426/440
f 1882/1428/440 1901/1430/440 1900/1429/440
f 1919/1425/440 1925/1431/440 1924/1427/440
f 1918/1432/440 1925/1431/440 1919/1425/440
f 1882/1428/440 1902/1433/440 1901/1430/440
f 1882/1428/440 1903/1434/440 1902/1433/440
f 1918/1432/440 1926/1435/440 1925/1431/440
f 1917/1436/440 1926/1435/440 1918/1432/440
f 1882/1428/440 1904/1437/440 1903/1434/440
f 1881/1438/440 1904/1437/440 1882/1428/440
f 1881/1438/440 1905/1439/440 1904/1437/440
f 1917/1436/440 1927/1440/440 1926/1435/440
f 1881/1438/440 1906/1441/440 1905/1439/440
f 1916/1442/440 1927/1440/440 1917/1436/440
f 1881/1438/440 1907/1443/440 1906/1441/440
f 1881/1438/440 1908/1444/440 1907/1443/440
f 1881/1438/440 1909/1445/440 1908/1444/440
f 1916/1442/440 1928/1446/440 1927/1440/440
f 1915/1447/440 1928/1446/440 1916/1442/440
f 1881/1438/440 1910/1448/440 1909/1445/440
f 1880/1449/440 1910/1448/440 1881/1438/440
f 1914/1450/440 1928/1446/440 1915/1447/440
f 1880/1449/440 1911/1451/440 1910/1448/440
f 1914/1450/440 1929/1452/440 1928/1446/440
f 1880/1449/440 1912/1453/440 1911/1451/440
f 1913/1454/440 1929/1452/440 1914/1450/440
f 1880/1449/440 1913/1454/440 1912/1453/440
f 1880/1449/440 1929/1452/440 1913/1454/440
f 1880/1449/440 1930/1455/440 1929/1452/440
f 1879/1456/440 1930/1455/440 1880/1449/440
f 1879/1456/440 1931/1457/440 1930/1455/440
f 1879/1456/440 1932/1458/440 1931/1457/440
f 1878/1459/440 1932/1458/440 1879/1456/440
f 1878/1459/440 1933/1460/440 1932/1458/440
f 1877/1461/440 1933/1460/440 1878/1459/440
f 1877/1461/440 1934/1462/440 1933/1460/440
f 1877/1461/440 1945/1463/440 1934/1462/440
f 1945/1463/440 1935/1464/440 1934/1462/440
f 1876/1465/440 1945/1463/440 1877/1461/440
f 1876/1465/440 1946/1466/440 1945/1463/440
f 1944/1467/440 1935/1464/440 1945/1463/440
f 1944/1467/440 1936/1468/440 1935/1464/440
f 1943/1469/440 1936/1468/440 1944/1467/440
f 1875/1470/440 2017/1471/440 1876/1465/440
f 2017/1471/440 1946/1466/440 1876/1465/440
f 1875/1470/440 2018/1472/440 2017/1471/440
f 2016/1473/440 1946/1466/440 2017/1471/440
f 1942/1474/440 1936/1468/440 1943/1469/440
f 1942/1474/440 1937/1475/440 1936/1468/440
f 2016/1473/440 1947/1476/440 1946/1466/440
f 1941/1477/440 1937/1475/440 1942/1474/440
f 1875/1470/440 2019/1478/440 2018/1472/440
f 1941/1477/440 1938/1479/440 1937/1475/440
f 1940/1480/440 1938/1479/440 1941/1477/440
f 1940/1480/440 1939/1481/440 1938/1479/440
f 1874/1482/440 2019/1478/440 1875/1470/440
f 1874/1482/440 2020/1483/440 2019/1478/440
f 1874/1482/440 2021/1484/440 2020/1483/440
f 2015/1485/440 1947/1476/440 2016/1473/440
f 1874/1482/440 2022/1486/440 2021/1484/440
f 1873/1487/440 2022/1486/440 1874/1482/440
f 2015/1485/440 1948/1488/440 1947/1476/440
f 1873/1487/440 2023/1489/440 2022/1486/440
f 1873/1487/440 2024/1490/440 2023/1489/440
f 1873/1487/440 2025/1491/440 2024/1490/440
f 1873/1487/440 2026/1492/440 2025/1491/440
f 2028/1493/440 2026/1492/440 1873/1487/440
f 2028/1493/440 2027/1494/440 2026/1492/440
f 2014/1495/440 1948/1488/440 2015/1485/440
f 2014/1495/440 1949/1496/440 1948/1488/440
f 2013/1497/440 1949/1496/440 2014/1495/440
f 2013/1497/440 1950/1498/440 1949/1496/440
f 2012/1499/440 1950/1498/440 2013/1497/440
f 2012/1499/440 1951/1500/440 1950/1498/440
f 2011/1501/440 1951/1500/440 2012/1499/440
f 2011/1501/440 1952/1502/440 1951/1500/440
f 2010/1503/440 1952/1502/440 2011/1501/440
f 2010/1503/440 1953/1504/440 1952/1502/440
f 2009/1505/440 1953/1504/440 2010/1503/440
f 2009/1505/440 1954/1506/440 1953/1504/440
f 2008/1507/440 1954/1506/440 2009/1505/440
f 2008/1507/440 1955/1508/440 1954/1506/440
f 2007/1509/440 1955/1508/440 2008/1507/440
f 2007/1509/440 1956/1510/440 1955/1508/440
f 2006/1511/440 1956/1510/440 2007/1509/440
f 2006/1511/440 1957/1512/440 1956/1510/440
f 2005/1513/440 1957/1512/440 2006/1511/440
f 2004/1514/440 1957/1512/440 2005/1513/440
f 2004/1514/440 1958/1515/440 1957/1512/440
f 2003/1516/440 1958/1515/440 2004/1514/440
f 2003/1516/440 1959/1517/440 1958/1515/440
f 2002/1518/440 1959/1517/440 2003/1516/440
f 2002/1518/440 1960/1519/440 1959/1517/440
f 2001/1520/440 1960/1519/440 2002/1518/440
f 2001/1520/440 1961/1521/440 1960/1519/440
f 2000/1522/440 1961/1521/440 2001/1520/440
f 2000/1522/440 1962/1523/440 1961/1521/440
f 1999/1524/440 1962/1523/440 2000/1522/440
f 1999/1524/440 1963/1525/440 1962/1523/440
f 1998/1526/440 1963/1525/440 1999/1524/440
f 1998/1526/440 1964/1527/440 1963/1525/440
f 1997/1528/440 1964/1527/440 1998/1526/440
f 1997/1528/440 1965/1529/440 1964/1527/440
f 1996/1530/440 1965/1529/440 1997/1528/440
f 1996/1530/440 1966/1531/440 1965/1529/440
f 1995/1532/440 1966/1531/440 1996/1530/440
f 1995/1532/440 1967/1533/440 1966/1531/440
f 1994/1534/440 1967/1533/440 1995/1532/440
f 1994/1534/440 1968/1535/440 1967/1533/440
f 1993/1536/440 1992/1537/440 1994/1534/440
f 1992/1537/440 1968/1535/440 1994/1534/440
f 1991/1538/440 1968/1535/440 1992/1537/440
f 1990/1539/440 1968/1535/440 1991/1538/440
f 1990/1539/440 1969/1540/440 1968/1535/440
f 1990/1539/440 1970/1541/440 1969/1540/440
f 1990/1539/440 1971/1542/440 1970/1541/440
f 1989/1543/440 1971/1542/440 1990/1539/440
f 1989/1543/440 1972/1544/440 1971/1542/440
f 1988/1545/440 1972/1544/440 1989/1543/440
f 1988/1545/440 1973/1546/440 1972/1544/440
f 1988/1545/440 1974/1547/440 1973/1546/440
f 1987/1548/440 1974/1547/440 1988/1545/440
f 1987/1548/440 1975/1549/440 1974/1547/440
f 1986/1550/440 1975/1549/440 1987/1548/440
f 1986/1550/440 1976/1551/440 1975/1549/440
f 1985/1552/440 1976/1551/440 1986/1550/440
f 1985/1552/440 1977/1553/440 1976/1551/440
f 1984/1554/440 1977/1553/440 1985/1552/440
f 1984/1554/440 1978/1555/440 1977/1553/440
f 1983/1556/440 1978/1555/440 1984/1554/440
f 1983/1556/440 1979/1557/440 1978/1555/440
f 1982/1558/440 1979/1557/440 1983/1556/440
f 1982/1558/440 1980/1559/440 1979/1557/440
f 1981/1560/440 1980/1559/440 1982/1558/440
f 2040/1405/441 2041/1407/441 2042/1406/441
f 2040/1405/441 2042/1406/441 2043/1408/441
f 2040/1405/441 2043/1408/441 2044/1409/441
f 2040/1405/441 2044/1409/441 2045/1410/441
f 2040/1405/441 2045/1410/441 2046/1411/441
f 2040/1405/441 2046/1411/441 2047/1412/441
f 2040/1405/441 2047/1412/441 2048/1413/441
f 2040/1405/441 2048/1413/441 2049/1414/441
f 2076/1415/441 2077/1417/441 2078/1416/441
f 2040/1405/441 2049/1414/441 2050/1418/441
f 2039/1419/441 2040/1405/441 2050/1418/441
f 2039/1419/441 2050/1418/441 2051/1420/441
f 2039/1419/441 2051/1420/441 2052/1421/441
f 2076/1415/441 2078/1416/441 2079/1422/441
f 2039/1419/441 2052/1421/441 2053/1423/441
f 2039/1419/441 2053/1423/441 2054/1424/441
f 2075/1425/441 2076/1415/441 2079/1422/441
f 2039/1419/441 2054/1424/441 2055/1426/441
f 2075/1425/441 2079/1422/441 2080/1427/441
f 2038/1428/441 2039/1419/441 2055/1426/441
f 2038/1428/441 2055/1426/441 2056/1429/441
f 2038/1428/441 2056/1429/441 2057/1430/441
f 2075/1425/441 2080/1427/441 2081/1431/441
f 2074/1432/441 2075/1425/441 2081/1431/441
f 2038/1428/441 2057/1430/441 2058/1433/441
f 2038/1428/441 2058/1433/441 2059/1434/441
f 2074/1432/441 2081/1431/441 2082/1435/441
f 2073/1436/441 2074/1432/441 2082/1435/441
f 2038/1428/441 2059/1434/441 2060/1437/441
f 2037/1438/441 2038/1428/441 2060/1437/441
f 2037/1438/441 2060/1437/441 2061/1439/441
f 2073/1436/441 2082/1435/441 2083/1440/441
f 2037/1438/441 2061/1439/441 2062/1441/441
f 2072/1442/441 2073/1436/441 2083/1440/441
f 2037/1438/441 2062/1441/441 2063/1443/441
f 2037/1438/441 2063/1443/441 2064/1444/441
f 2037/1438/441 2064/1444/441 2065/1445/441
f 2072/1442/441 2083/1440/441 2084/1446/441
f 2071/1447/441 2072/1442/441 2084/1446/441
f 2037/1438/441 2065/1445/441 2066/1448/441
f 2036/1449/441 2037/1438/441 2066/1448/441
f 2070/1450/441 2071/1447/441 2084/1446/441
f 2036/1449/441 2066/1448/441 2067/1451/441
f 2070/1450/441 2084/1446/441 2085/1452/441
f 2036/1449/441 2067/1451/441 2068/1453/441
f 2069/1454/441 2070/1450/441 2085/1452/441
f 2036/1449/441 2068/1453/441 2069/1454/441
f 2036/1449/441 2069/1454/441 2085/1452/441
f 2036/1449/441 2085/1452/441 2086/1455/441
f 2035/1456/441 2036/1449/441 2086/1455/441
f 2035/1456/441 2086/1455/441 2087/1457/441
f 2035/1456/441 2087/1457/441 2088/1458/441
f 2034/1459/441 2035/1456/441 2088/1458/441
f 2034/1459/441 2088/1458/441 2089/1460/441
f 2033/1461/441 2034/1459/441 2089/1460/441
f 2033/1461/441 2089/1460/441 2090/1462/441
f 2033/1461/441 2090/1462/441 2101/1463/441
f 2101/1463/441 2090/1462/441 2091/1464/441
f 2032/1465/441 2033/1461/441 2101/1463/441
f 2032/1465/441 2101/1463/441 2102/1466/441
f 2100/1467/441 2101/1463/441 2091/1464/441
f 2100/1467/441 2091/1464/441 2092/1468/441
f 2099/1469/441 2100/1467/441 2092/1468/441
f 2031/1470/441 2032/1465/441 2173/1471/441
f 2173/1471/441 2032/1465/441 2102/1466/441
f 2031/1470/441 2173/1471/441 2174/1472/441
f 2172/1473/441 2173/1471/441 2102/1466/441
f 2098/1474/441 2099/1469/441 2092/1468/441
f 2098/1474/441 2092/1468/441 2093/1475/441
f 2172/1473/441 2102/1466/441 2103/1476/441
f 2097/1477/441 2098/1474/441 2093/1475/441
f 2031/1470/441 2174/1472/441 2175/1478/441
f 2097/1477/441 2093/1475/441 2094/1479/441
f 2096/1480/441 2097/1477/441 2094/1479/441
f 2096/1480/441 2094/1479/441 2095/1481/441
f 2030/1482/441 2031/1470/441 2175/1478/441
f 2030/1482/441 2175/1478/441 2176/1483/441
f 2030/1482/441 2176/1483/441 2177/1484/441
f 2171/1485/441 2172/1473/441 2103/1476/441
f 2030/1482/441 2177/1484/441 2178/1486/441
f 2029/1487/441 2030/1482/441 2178/1486/441
f 2171/1485/441 2103/1476/441 2104/1488/441
f 2029/1487/441 2178/1486/441 2179/1489/441
f 2029/1487/441 2179/1489/441 2180/1490/441
f 2029/1487/441 2180/1490/441 2181/1491/441
f 2029/1487/441 2181/1491/441 2182/1492/441
f 2184/1493/441 2029/1487/441 2182/1492/441
f 2184/1493/441 2182/1492/441 2183/1494/441
f 2170/1495/441 2171/1485/441 2104/1488/441
f 2170/1495/441 2104/1488/441 2105/1496/441
f 2169/1497/441 2170/1495/441 2105/1496/441
f 2169/1497/441 2105/1496/441 2106/1498/441
f 2168/1499/441 2169/1497/441 2106/1498/441
f 2168/1499/441 2106/1498/441 2107/1500/441
f 2167/1501/441 2168/1499/441 2107/1500/441
f 2167/1501/441 2107/1500/441 2108/1502/441
f 2166/1503/441 2167/1501/441 2108/1502/441
f 2166/1503/441 2108/1502/441 2109/1504/441
f 2165/1505/441 2166/1503/441 2109/1504/441
f 2165/1505/441 2109/1504/441 2110/1506/441
f 2164/1507/441 2165/1505/441 2110/1506/441
f 2164/1507/441 2110/1506/441 2111/1508/441
f 2163/1509/441 2164/1507/441 2111/1508/441
f 2163/1509/441 2111/1508/441 2112/1510/441
f 2162/1511/441 2163/1509/441 2112/1510/441
f 2162/1511/441 2112/1510/441 2113/1512/441
f 2161/1513/441 2162/1511/441 2113/1512/441
f 2160/1514/441 2161/1513/441 2113/1512/441
f 2160/1514/441 2113/1512/441 2114/1515/441
f 2159/1516/441 2160/1514/441 2114/1515/441
f 2159/1516/441 2114/1515/441 2115/1517/441
f 2158/1518/441 2159/1516/441 2115/1517/441
f 2158/1518/441 2115/1517/441 2116/1519/441
f 2157/1520/441 2158/1518/441 2116/1519/441
f 2157/1520/441 2116/1519/441 2117/1521/441
f 2156/1522/441 2157/1520/441 2117/1521/441
f 2156/1522/441 2117/1521/441 2118/1523/441
f 2155/1524/441 2156/1522/441 2118/1523/441
f 2155/1524/441 2118/1523/441 2119/1525/441
f 2154/1526/441 2155/1524/441 2119/1525/441
f 2154/1526/441 2119/1525/441 2120/1527/441
f 2153/1528/441 2154/1526/441 2120/1527/441
f 2153/1528/441 2120/1527/441 2121/1529/441
f 2152/1530/441 2153/1528/441 2121/1529/441
f 2152/1530/441 2121/1529/441 2122/1531/441
f 2151/1532/441 2152/1530/441 2122/1531/441
f 2151/1532/441 2122/1531/441 2123/1533/441
f 2150/1534/441 2151/1532/441 2123/1533/441
f 2150/1534/441 2123/1533/441 2124/1535/441
f 2149/1536/441 2150/1534/441 2148/1537/441
f 2148/1537/441 2150/1534/441 2124/1535/441
f 2147/1538/441 2148/1537/441 2124/1535/441
f 2146/1539/441 2147/1538/441 2124/1535/441
f 2146/1539/441 2124/1535/441 2125/1540/441
f 2146/1539/441 2125/1540/441 2126/1541/441
f 2146/1539/441 2126/1541/441 2127/1542/441
f 2145/1543/441 2146/1539/441 2127/1542/441
f 2145/1543/441 2127/1542/441 2128/1544/441
f 2144/1545/441 2145/1543/441 2128/1544/441
f 2144/1545/441 2128/1544/441 2129/1546/441
f 2144/1545/441 2129/1546/441 2130/1547/441
f 2143/1548/441 2144/1545/441 2130/1547/441
f 2143/1548/441 2130/1547/441 2131/1549/441
f 2142/1550/441 2143/1548/441 2131/1549/441
f 2142/1550/441 2131/1549/441 2132/1551/441
f 2141/1552/441 2142/1550/441 2132/1551/441
f 2141/1552/441 2132/1551/441 2133/1553/441
f 2140/1554/441 2141/1552/441 2133/1553/441
f 2140/1554/441 2133/1553/441 2134/1555/441
f 2139/1556/441 2140/1554/441 2134/1555/441
f 2139/1556/441 2134/1555/441 2135/1557/441
f 2138/1558/441 2139/1556/441 2135/1557/441
f 2138/1558/441 2135/1557/441 2136/1559/441
f 2137/1560/441 2138/1558/441 2136/1559/441
s 1
f 2186/1561/442 2188/1562/443 2187/1563/443 2185/1487/442
f 2188/1562/443 2190/1564/444 2189/1565/444 2187/1563/443
f 2190/1564/444 2192/1566/445 2191/1567/445 2189/1565/444
f 2192/1566/445 2194/1568/446 2193/1569/446 2191/1567/445
f 2194/1568/446 2196/1570/447 2195/1571/447 2193/1569/446
f 2196/1570/447 2198/1572/448 2197/1573/448 2195/1571/447
f 2198/1572/448 2200/1574/449 2199/1575/449 2197/1573/448
f 2200/1574/449 2202/1576/450 2201/1577/450 2199/1575/449
f 2202/1576/450 2204/1578/451 2203/1579/451 2201/1577/450
f 2204/1578/451 2206/1580/452 2205/1581/452 2203/1579/451
f 2206/1580/452 2208/1582/453 2207/1583/453 2205/1581/452
f 2208/1582/453 2210/1584/454 2209/1585/454 2207/1583/453
f 2210/1584/454 2212/1586/455 2211/1587/455 2209/1585/454
f 2212/1586/455 2214/1588/456 2213/1589/456 2211/1587/455
f 2214/1588/456 2216/1590/457 2215/1591/457 2213/1589/456
f 2216/1590/457 2218/1592/458 2217/1593/458 2215/1591/457
f 2218/1592/458 2220/1594/459 2219/1595/459 2217/1593/458
f 2220/1594/459 2222/1596/460 2221/1597/460 2219/1595/459
f 2222/1596/460 2224/1598/461 2223/1599/461 2221/1597/460
f 2224/1598/461 2226/1600/462 2225/1601/462 2223/1599/461
f 2226/1600/462 2228/1602/463 2227/1603/463 2225/1601/462
f 2228/1602/463 2230/1604/464 2229/1605/464 2227/1603/463
f 2230/1604/464 2232/1606/465 2231/1607/465 2229/1605/464
f 2232/1606/465 2234/1608/466 2233/1609/466 2231/1607/465
f 2234/1608/466 2236/1610/467 2235/1611/467 2233/1609/466
f 2236/1610/467 2238/1612/468 2237/1613/468 2235/1611/467
f 2238/1612/468 2240/1614/469 2239/1615/469 2237/1613/468
f 2240/1614/469 2242/1616/470 2241/1617/470 2239/1615/469
f 2242/1616/470 2244/1618/471 2243/1619/471 2241/1617/470
f 2244/1618/471 2246/1620/472 2245/1621/472 2243/1619/471
f 2246/1620/472 2248/1622/473 2247/1623/473 2245/1621/472
f 2248/1622/473 2250/1624/474 2249/1625/474 2247/1623/473
f 2250/1624/474 2252/1626/475 2251/1627/475 2249/1625/474
f 2252/1626/475 2254/1628/476 2253/1629/476 2251/1627/475
f 2254/1628/476 2256/1630/477 2255/1631/477 2253/1629/476
f 2256/1630/477 2258/1632/478 2257/1633/478 2255/1631/477
f 2258/1632/478 2260/1634/479 2259/1635/479 2257/1633/478
f 2260/1634/479 2262/1636/480 2261/1637/480 2259/1635/479
f 2262/1636/480 2264/1638/481 2263/1639/481 2261/1637/480
f 2264/1638/481 2266/1640/482 2265/1641/482 2263/1639/481
f 2266/1640/482 2268/1642/483 2267/1643/483 2265/1641/482
f 2268/1642/483 2270/1644/484 2269/1645/484 2267/1643/483
f 2270/1644/484 2272/1646/485 2271/1647/485 2269/1645/484
f 2272/1646/485 2274/1648/486 2273/1649/486 2271/1647/485
f 2274/1648/486 2276/1650/487 2275/1651/487 2273/1649/486
f 2276/1650/487 2278/1652/488 2277/1653/488 2275/1651/487
f 2278/1652/488 2280/1654/489 2279/1655/489 2277/1653/488
f 2280/1654/489 2282/1656/490 2281/1657/490 2279/1655/489
f 2282/1656/490 2284/1658/491 2283/1659/491 2281/1657/490
f 2284/1658/491 2286/1660/492 2285/1661/492 2283/1659/491
f 2286/1660/492 2288/1662/493 2287/1663/493 2285/1661/492
f 2288/1662/493 2290/1664/494 2289/1665/494 2287/1663/493
f 2290/1664/494 2292/1666/495 2291/1667/495 2289/1665/494
f 2292/1666/495 2294/1668/496 2293/1669/496 2291/1667/495
f 2294/1668/496 2296/1670/497 2295/1671/497 2293/1669/496
f 2296/1670/497 2298/1672/498 2297/1673/498 2295/1671/497
f 2298/1672/498 2300/1674/499 2299/1675/499 2297/1673/498
f 2300/1674/499 2302/1676/500 2301/1677/500 2299/1675/499
f 2302/1676/500 2304/1678/501 2303/1679/501 2301/1677/500
f 2304/1678/501 2306/1680/502 2305/1681/502 2303/1679/501
f 2306/1680/502 2308/1682/503 2307/1683/503 2305/1681/502
f 2308/1682/503 2310/1684/504 2309/1685/504 2307/1683/503
f 2310/1684/504 2312/1686/505 2311/1687/505 2309/1685/504
f 2312/1686/505 2314/1688/506 2313/1689/506 2311/1687/505
f 2314/1688/506 2316/1690/507 2315/1691/507 2313/1689/506
f 2316/1690/507 2318/1692/508 2317/1693/508 2315/1691/507
f 2318/1692/508 2320/1694/509 2319/1695/509 2317/1693/508
f 2320/1694/509 2322/1696/510 2321/1697/510 2319/1695/509
f 2322/1696/510 2324/1698/511 2323/1699/511 2321/1697/510
f 2324/1698/511 2326/1700/512 2325/1701/512 2323/1699/511
f 2326/1700/512 2328/1702/513 2327/1703/513 2325/1701/512
f 2328/1702/513 2330/1704/503 2329/1705/503 2327/1703/513
f 2330/1704/503 2332/1706/514 2331/1707/514 2329/1705/503
f 2332/1706/514 2334/1708/515 2333/1709/515 2331/1707/514
f 2334/1708/515 2336/1710/516 2335/1711/516 2333/1709/515
f 2336/1710/516 2338/1712/517 2337/1713/517 2335/1711/516
f 2338/1712/517 2340/1714/518 2339/1715/518 2337/1713/517
f 2340/1714/518 2342/1716/519 2341/1717/519 2339/1715/518
f 2342/1716/519 2344/1718/520 2343/1719/520 2341/1717/519
f 2344/1718/520 2346/1720/521 2345/1721/521 2343/1719/520
f 2346/1720/521 2348/1722/522 2347/1723/522 2345/1721/521
f 2348/1722/522 2350/1724/523 2349/1725/523 2347/1723/522
f 2350/1724/523 2352/1726/524 2351/1727/524 2349/1725/523
f 2352/1726/524 2354/1728/525 2353/1729/525 2351/1727/524
f 2354/1728/525 2356/1730/526 2355/1731/526 2353/1729/525
f 2356/1730/526 2358/1732/526 2357/1733/526 2355/1731/526
f 2358/1732/526 2360/1734/526 2359/1735/526 2357/1733/526
f 2360/1734/526 2362/1736/526 2361/1737/526 2359/1735/526
f 2362/1736/526 2364/1738/526 2363/1739/526 2361/1737/526
f 2364/1738/526 2366/1740/526 2365/1741/526 2363/1739/526
f 2366/1740/526 2368/1742/526 2367/1743/526 2365/1741/526
f 2368/1742/526 2370/1744/526 2369/1745/526 2367/1743/526
f 2370/1744/526 2372/1746/526 2371/1747/526 2369/1745/526
f 2372/1746/526 2374/1748/526 2373/1749/526 2371/1747/526
f 2374/1748/526 2376/1750/527 2375/1751/527 2373/1749/526
f 2376/1750/527 2378/1752/528 2377/1753/528 2375/1751/527
f 2378/1752/528 2380/1754/529 2379/1755/529 2377/1753/528
f 2380/1754/529 2382/1756/530 2381/1757/530 2379/1755/529
f 2382/1756/530 2384/1758/531 2383/1759/531 2381/1757/530
f 2384/1758/531 2386/1760/532 2385/1761/532 2383/1759/531
f 2386/1760/532 2388/1762/533 2387/1763/533 2385/1761/532
f 2388/1762/533 2390/1764/534 2389/1765/534 2387/1763/533
f 2390/1764/534 2392/1766/535 2391/1767/535 2389/1765/534
f 2392/1766/535 2394/1768/536 2393/1769/536 2391/1767/535
f 2394/1768/536 2396/1770/537 2395/1771/537 2393/1769/536
f 2396/1770/537 2398/1772/538 2397/1773/538 2395/1771/537
f 2398/1772/538 2400/1774/539 2399/1775/539 2397/1773/538
f 2400/1774/539 2402/1776/540 2401/1777/540 2399/1775/539
f 2402/1776/540 2404/1778/541 2403/1779/541 2401/1777/540
f 2404/1778/541 2406/1780/542 2405/1781/542 2403/1779/541
f 2406/1780/542 2408/1782/543 2407/1783/543 2405/1781/542
f 2408/1782/543 2410/1784/544 2409/1785/544 2407/1783/543
f 2410/1784/544 2412/1786/545 2411/1787/545 2409/1785/544
f 2412/1786/545 2414/1788/546 2413/1789/546 2411/1787/545
f 2414/1788/546 2416/1790/547 2415/1791/547 2413/1789/546
f 2416/1790/547 2418/1792/548 2417/1793/548 2415/1791/547
f 2418/1792/548 2420/1794/549 2419/1795/549 2417/1793/548
f 2420/1794/549 2422/1796/550 2421/1797/550 2419/1795/549
f 2422/1796/550 2424/1798/551 2423/1799/551 2421/1797/550
f 2424/1798/551 2426/1800/552 2425/1801/552 2423/1799/551
f 2426/1800/552 2428/1802/553 2427/1803/553 2425/1801/552
f 2428/1802/553 2430/1804/554 2429/1805/554 2427/1803/553
f 2430/1804/554 2432/1806/554 2431/1807/554 2429/1805/554
f 2432/1806/554 2434/1808/554 2433/1809/554 2431/1807/554
f 2434/1808/554 2436/1810/554 2435/1811/554 2433/1809/554
f 2436/1810/554 2438/1812/554 2437/1813/554 2435/1811/554
f 2438/1812/554 2440/1814/554 2439/1815/554 2437/1813/554
f 2440/1814/554 2442/1816/554 2441/1817/554 2439/1815/554
f 2442/1816/554 2444/1818/554 2443/1819/554 2441/1817/554
f 2444/1818/554 2446/1820/554 2445/1821/554 2443/1819/554
f 2446/1820/554 2448/1822/553 2447/1823/553 2445/1821/554
f 2448/1822/553 2450/1824/555 2449/1825/555 2447/1823/553
f 2450/1824/555 2452/1826/556 2451/1827/556 2449/1825/555
f 2452/1826/556 2454/1828/557 2453/1829/557 2451/1827/556
f 2454/1828/557 2456/1830/558 2455/1831/558 2453/1829/557
f 2456/1830/558 2458/1832/559 2457/1833/559 2455/1831/558
f 2458/1832/559 2460/1834/560 2459/1835/560 2457/1833/559
f 2460/1834/560 2462/1836/561 2461/1837/561 2459/1835/560
f 2462/1836/561 2464/1838/562 2463/1839/562 2461/1837/561
f 2464/1838/562 2466/1840/563 2465/1841/563 2463/1839/562
f 2466/1840/563 2468/1842/564 2467/1843/564 2465/1841/563
f 2468/1842/564 2470/1844/565 2469/1845/565 2467/1843/564
f 2470/1844/565 2472/1846/566 2471/1847/566 2469/1845/565
f 2472/1846/566 2474/1848/567 2473/1849/567 2471/1847/566
f 2474/1848/567 2476/1850/568 2475/1851/568 2473/1849/567
f 2476/1850/568 2478/1852/569 2477/1853/569 2475/1851/568
f 2478/1852/569 2480/1854/570 2479/1855/570 2477/1853/569
f 2480/1854/570 2482/1856/571 2481/1857/571 2479/1855/570
f 2482/1856/571 2484/1858/572 2483/1859/572 2481/1857/571
f 2484/1858/572 2486/1860/573 2485/1861/573 2483/1859/572
f 2486/1860/573 2488/1862/574 2487/1863/574 2485/1861/573
f 2488/1862/574 2490/1864/575 2489/1865/575 2487/1863/574
f 2490/1864/575 2492/1866/576 2491/1867/576 2489/1865/575
f 2492/1866/576 2494/1868/577 2493/1869/577 2491/1867/576
f 2494/1868/577 2496/1870/578 2495/1871/578 2493/1869/577
f 2496/1870/578 2186/1872/442 2185/1493/442 2495/1871/578
o Curve.003
v -0.302175 0.266096 1.732275
v -0.680937 0.266096 1.973690
v -1.015280 0.266096 2.193168
v -1.305973 0.266096 2.398036
v -1.553787 0.266096 2.595617
v -1.759491 0.266096 2.793235
v -1.923855 0.266096 2.998215
v -2.047648 0.266096 3.217883
v -2.131641 0.266096 3.459561
v -2.176602 0.266096 3.730575
v -2.183303 0.266096 4.038249
v -2.152512 0.266096 4.389908
v -2.084998 0.266096 4.792876
v -3.200107 0.266096 4.120517
v -4.187626 0.266096 3.421137
v -5.037930 0.266096 2.704284
v -5.741393 0.266096 1.979505
v -6.288389 0.266096 1.256346
v -6.669291 0.266096 0.544355
v -6.874475 0.266096 -0.146922
v -6.894313 0.266096 -0.807935
v -6.719179 0.266096 -1.429140
v -6.339446 0.266096 -2.000988
v -5.745492 0.266096 -2.513932
v -4.927689 0.266096 -2.958425
v -5.158503 0.266096 -2.691238
v -5.350610 0.266096 -2.394052
v -5.493539 0.266096 -2.061897
v -5.576817 0.266096 -1.689806
v -5.589969 0.266096 -1.272811
v -5.522525 0.266096 -0.805943
v -5.364010 0.266096 -0.284233
v -5.103953 0.266096 0.297287
v -4.731882 0.266096 0.943584
v -4.237323 0.266096 1.659627
v -3.609802 0.266096 2.450386
v -2.838850 0.266096 3.320826
v -2.876549 0.266096 2.999516
v -2.898829 0.266096 2.691947
v -2.905397 0.266096 2.398379
v -2.895963 0.266096 2.119071
v -2.870231 0.266096 1.854287
v -2.827911 0.266096 1.604284
v -2.768711 0.266096 1.369324
v -2.692338 0.266096 1.149666
v -2.598500 0.266096 0.945572
v -2.486905 0.266096 0.757301
v -2.357260 0.266096 0.585113
v -2.209273 0.266096 0.429270
v -2.074180 0.266096 0.323369
v -1.923385 0.266096 0.241513
v -1.760148 0.266096 0.182267
v -1.587729 0.266096 0.144192
v -1.409388 0.266096 0.125851
v -1.228383 0.266096 0.125806
v -1.047975 0.266096 0.142621
v -0.871423 0.266096 0.174857
v -0.701986 0.266096 0.221077
v -0.542925 0.266096 0.279845
v -0.397497 0.266096 0.349722
v -0.268965 0.266096 0.429271
v -0.166786 0.266096 0.513348
v -0.080631 0.266096 0.609159
v -0.011418 0.266096 0.714521
v 0.039937 0.266096 0.827250
v 0.072515 0.266096 0.945162
v 0.085402 0.266096 1.066074
v 0.077679 0.266096 1.187803
v 0.048429 0.266096 1.308165
v -0.003264 0.266096 1.424977
v -0.078318 0.266096 1.536054
v -0.177649 0.266096 1.639214
v -0.302175 -0.266096 1.732275
v -0.680937 -0.266096 1.973690
v -1.015280 -0.266096 2.193168
v -1.305973 -0.266096 2.398036
v -1.553787 -0.266096 2.595617
v -1.759491 -0.266096 2.793235
v -1.923855 -0.266096 2.998215
v -2.047648 -0.266096 3.217883
v -2.131641 -0.266096 3.459561
v -2.176602 -0.266096 3.730575
v -2.183303 -0.266096 4.038249
v -2.152512 -0.266096 4.389908
v -2.084998 -0.266096 4.792876
v -3.200107 -0.266096 4.120517
v -4.187626 -0.266096 3.421137
v -5.037930 -0.266096 2.704284
v -5.741393 -0.266096 1.979505
v -6.288389 -0.266096 1.256346
v -6.669291 -0.266096 0.544355
v -6.874475 -0.266096 -0.146922
v -6.894313 -0.266096 -0.807935
v -6.719179 -0.266096 -1.429140
v -6.339446 -0.266096 -2.000988
v -5.745492 -0.266096 -2.513932
v -4.927689 -0.266096 -2.958425
v -5.158503 -0.266096 -2.691238
v -5.350610 -0.266096 -2.394052
v -5.493539 -0.266096 -2.061897
v -5.576817 -0.266096 -1.689806
v -5.589969 -0.266096 -1.272811
v -5.522525 -0.266096 -0.805943
v -5.364010 -0.266096 -0.284233
v -5.103953 -0.266096 0.297287
v -4.731882 -0.266096 0.943584
v -4.237323 -0.266096 1.659627
v -3.609802 -0.266096 2.450386
v -2.838850 -0.266096 3.320826
v -2.876549 -0.266096 2.999516
v -2.898829 -0.266096 2.691947
v -2.905397 -0.266096 2.398379
v -2.895963 -0.266096 2.119071
v -2.870231 -0.266096 1.854287
v -2.827911 -0.266096 1.604284
v -2.768711 -0.266096 1.369324
v -2.692338 -0.266096 1.149666
v -2.598500 -0.266096 0.945572
v -2.486905 -0.266096 0.757301
v -2.357260 -0.266096 0.585113
v -2.209273 -0.266096 0.429270
v -2.074180 -0.266096 0.323369
v -1.923385 -0.266096 0.241513
v -1.760148 -0.266096 0.182267
v -1.587729 -0.266096 0.144192
v -1.409388 -0.266096 0.125851
v -1.228383 -0.266096 0.125806
v -1.047975 -0.266096 0.142621
v -0.871423 -0.266096 0.174857
v -0.701986 -0.266096 0.221077
v -0.542925 -0.266096 0.279845
v -0.397497 -0.266096 0.349722
v -0.268965 -0.266096 0.429271
v -0.166786 -0.266096 0.513348
v -0.080631 -0.266096 0.609159
v -0.011418 -0.266096 0.714521
v 0.039937 -0.266096 0.827250
v 0.072515 -0.266096 0.945162
v 0.085402 -0.266096 1.066074
v 0.077679 -0.266096 1.187803
v 0.048429 -0.266096 1.308165
v -0.003264 -0.266096 1.424977
v -0.078318 -0.266096 1.536054
v -0.177649 -0.266096 1.639214
v -0.302175 -0.266096 1.732275
v -0.302175 0.266096 1.732275
v -0.680937 -0.266096 1.973690
v -0.680937 0.266096 1.973690
v -1.015280 -0.266096 2.193168
v -1.015280 0.266096 2.193168
v -1.305973 -0.266096 2.398036
v -1.305973 0.266096 2.398036
v -1.553787 -0.266096 2.595617
v -1.553787 0.266096 2.595617
v -1.759491 -0.266096 2.793235
v -1.759491 0.266096 2.793235
v -1.923855 -0.266096 2.998215
v -1.923855 0.266096 2.998215
v -2.047648 -0.266096 3.217883
v -2.047648 0.266096 3.217883
v -2.131641 -0.266096 3.459561
v -2.131641 0.266096 3.459561
v -2.176602 -0.266096 3.730575
v -2.176602 0.266096 3.730575
v -2.183303 -0.266096 4.038249
v -2.183303 0.266096 4.038249
v -2.152512 -0.266096 4.389908
v -2.152512 0.266096 4.389908
v -2.084998 -0.266096 4.792876
v -2.084998 0.266096 4.792876
v -3.200107 -0.266096 4.120517
v -3.200107 0.266096 4.120517
v -4.187626 -0.266096 3.421137
v -4.187626 0.266096 3.421137
v -5.037930 -0.266096 2.704284
v -5.037930 0.266096 2.704284
v -5.741393 -0.266096 1.979505
v -5.741393 0.266096 1.979505
v -6.288389 -0.266096 1.256346
v -6.288389 0.266096 1.256346
v -6.669291 -0.266096 0.544355
v -6.669291 0.266096 0.544355
v -6.874475 -0.266096 -0.146922
v -6.874475 0.266096 -0.146922
v -6.894313 -0.266096 -0.807935
v -6.894313 0.266096 -0.807935
v -6.719179 -0.266096 -1.429140
v -6.719179 0.266096 -1.429140
v -6.339446 -0.266096 -2.000988
v -6.339446 0.266096 -2.000988
v -5.745492 -0.266096 -2.513932
v -5.745492 0.266096 -2.513932
v -4.927689 -0.266096 -2.958425
v -4.927689 0.266096 -2.958425
v -5.158503 -0.266096 -2.691238
v -5.158503 0.266096 -2.691238
v -5.350610 -0.266096 -2.394052
v -5.350610 0.266096 -2.394052
v -5.493539 -0.266096 -2.061897
v -5.493539 0.266096 -2.061897
v -5.576817 -0.266096 -1.689806
v -5.576817 0.266096 -1.689806
v -5.589969 -0.266096 -1.272811
v -5.589969 0.266096 -1.272811
v -5.522525 -0.266096 -0.805943
v -5.522525 0.266096 -0.805943
v -5.364010 -0.266096 -0.284233
v -5.364010 0.266096 -0.284233
v -5.103953 -0.266096 0.297287
v -5.103953 0.266096 0.297287
v -4.731882 -0.266096 0.943584
v -4.731882 0.266096 0.943584
v -4.237323 -0.266096 1.659627
v -4.237323 0.266096 1.659627
v -3.609802 -0.266096 2.450386
v -3.609802 0.266096 2.450386
v -2.838850 -0.266096 3.320826
v -2.838850 0.266096 3.320826
v -2.876549 -0.266096 2.999516
v -2.876549 0.266096 2.999516
v -2.898829 -0.266096 2.691947
v -2.898829 0.266096 2.691947
v -2.905397 -0.266096 2.398379
v -2.905397 0.266096 2.398379
v -2.895963 -0.266096 2.119071
v -2.895963 0.266096 2.119071
v -2.870231 -0.266096 1.854287
v -2.870231 0.266096 1.854287
v -2.827911 -0.266096 1.604284
v -2.827911 0.266096 1.604284
v -2.768711 -0.266096 1.369324
v -2.768711 0.266096 1.369324
v -2.692338 -0.266096 1.149666
v -2.692338 0.266096 1.149666
v -2.598500 -0.266096 0.945572
v -2.598500 0.266096 0.945572
v -2.486905 -0.266096 0.757301
v -2.486905 0.266096 0.757301
v -2.357260 -0.266096 0.585113
v -2.357260 0.266096 0.585113
v -2.209273 -0.266096 0.429270
v -2.209273 0.266096 0.429270
v -2.074180 -0.266096 0.323369
v -2.074180 0.266096 0.323369
v -1.923385 -0.266096 0.241513
v -1.923385 0.266096 0.241513
v -1.760148 -0.266096 0.182267
v -1.760148 0.266096 0.182267
v -1.587729 -0.266096 0.144192
v -1.587729 0.266096 0.144192
v -1.409388 -0.266096 0.125851
v -1.409388 0.266096 0.125851
v -1.228383 -0.266096 0.125806
v -1.228383 0.266096 0.125806
v -1.047975 -0.266096 0.142621
v -1.047975 0.266096 0.142621
v -0.871423 -0.266096 0.174857
v -0.871423 0.266096 0.174857
v -0.701986 -0.266096 0.221077
v -0.701986 0.266096 0.221077
v -0.542925 -0.266096 0.279845
v -0.542925 0.266096 0.279845
v -0.397497 -0.266096 0.349722
v -0.397497 0.266096 0.349722
v -0.268965 -0.266096 0.429271
v -0.268965 0.266096 0.429271
v -0.166786 -0.266096 0.513348
v -0.166786 0.266096 0.513348
v -0.080631 -0.266096 0.609159
v -0.080631 0.266096 0.609159
v -0.011418 -0.266096 0.714521
v -0.011418 0.266096 0.714521
v 0.039937 -0.266096 0.827250
v 0.039937 0.266096 0.827250
v 0.072515 -0.266096 0.945162
v 0.072515 0.266096 0.945162
v 0.085402 -0.266096 1.066074
v 0.085402 0.266096 1.066074
v 0.077679 -0.266096 1.187803
v 0.077679 0.266096 1.187803
v 0.048429 -0.266096 1.308165
v 0.048429 0.266096 1.308165
v -0.003264 -0.266096 1.424977
v -0.003264 0.266096 1.424977
v -0.078318 -0.266096 1.536054
v -0.078318 0.266096 1.536054
v -0.177649 -0.266096 1.639214
v -0.177649 0.266096 1.639214
vn -0.0000 1.0000 -0.0000
vn -0.0000 -1.0000 -0.0000
vn 0.5684 -0.0000 0.8227
vn 0.5431 -0.0000 0.8396
vn 0.5625 -0.0000 0.8268
vn 0.6000 -0.0000 0.8000
vn 0.6588 -0.0000 0.7523
vn 0.7380 -0.0000 0.6748
vn 0.8284 -0.0000 0.5601
vn 0.9115 -0.0000 0.4113
vn 0.9691 -0.0000 0.2469
vn 0.9957 -0.0000 0.0930
vn 0.9995 -0.0000 -0.0328
vn 0.9920 -0.0000 -0.1263
vn 0.5622 -0.0000 0.8270
vn -0.5475 -0.0000 0.8368
vn -0.6118 -0.0000 0.7910
vn -0.6819 -0.0000 0.7314
vn -0.7590 -0.0000 0.6511
vn -0.8422 -0.0000 0.5391
vn -0.9250 -0.0000 0.3801
vn -0.9873 -0.0000 0.1586
vn -0.9925 -0.0000 -0.1221
vn -0.9088 -0.0000 -0.4173
vn -0.7503 -0.0000 -0.6611
vn -0.5688 -0.0000 -0.8224
vn 0.7788 -0.0000 -0.6273
vn 0.8002 -0.0000 0.5997
vn 0.8823 -0.0000 0.4707
vn 0.9513 -0.0000 0.3082
vn 0.9921 -0.0000 0.1255
vn 0.9984 -0.0000 -0.0559
vn 0.9761 -0.0000 -0.2175
vn 0.9367 -0.0000 -0.3502
vn 0.8909 -0.0000 -0.4542
vn 0.8454 -0.0000 -0.5341
vn 0.8035 -0.0000 -0.5953
vn 0.7662 -0.0000 -0.6426
vn -0.4085 -0.0000 -0.9128
vn -0.9955 -0.0000 0.0944
vn -0.9989 -0.0000 0.0473
vn -1.0000 -0.0000 -0.0057
vn -0.9979 -0.0000 -0.0653
vn -0.9913 -0.0000 -0.1319
vn -0.9786 -0.0000 -0.2058
vn -0.9580 -0.0000 -0.2866
vn -0.9276 -0.0000 -0.3735
vn -0.8856 -0.0000 -0.4644
vn -0.8308 -0.0000 -0.5565
vn -0.7633 -0.0000 -0.6461
vn -0.6728 -0.0000 -0.7398
vn -0.5489 -0.0000 -0.8359
vn -0.4103 -0.0000 -0.9120
vn -0.2790 -0.0000 -0.9603
vn -0.1592 -0.0000 -0.9872
vn -0.0513 -0.0000 -0.9987
vn 0.0463 -0.0000 -0.9989
vn 0.1363 -0.0000 -0.9907
vn 0.2216 -0.0000 -0.9751
vn 0.3052 -0.0000 -0.9523
vn 0.3903 -0.0000 -0.9207
vn 0.4804 -0.0000 -0.8771
vn 0.5821 -0.0000 -0.8131
vn 0.6914 -0.0000 -0.7224
vn 0.7920 -0.0000 -0.6106
vn 0.8755 -0.0000 -0.4832
vn 0.9399 -0.0000 -0.3415
vn 0.9824 -0.0000 -0.1868
vn 0.9998 -0.0000 -0.0214
vn 0.9886 -0.0000 0.1503
vn 0.9468 -0.0000 0.3217
vn 0.8750 -0.0000 0.4842
vn 0.7773 -0.0000 0.6291
vn 0.6617 -0.0000 0.7498
vt 0.154930 0.000000
vt 0.183099 0.000000
vt 0.169014 0.000000
vt 0.140845 0.000000
vt 0.197183 0.000000
vt 0.126761 0.000000
vt 0.112676 0.000000
vt 0.098592 0.000000
vt 0.507042 0.000000
vt 0.211268 0.000000
vt 0.521127 0.000000
vt 0.492958 0.000000
vt 0.084507 0.000000
vt 0.535211 0.000000
vt 0.070423 0.000000
vt 0.056338 0.000000
vt 0.225352 0.000000
vt 0.549296 0.000000
vt 0.042254 0.000000
vt 0.478873 0.000000
vt 0.563380 0.000000
vt 0.028169 0.000000
vt 0.014085 0.000000
vt 0.577465 0.000000
vt 0.239437 0.000000
vt 0.000000 0.000000
vt 0.591549 0.000000
vt 1.000000 0.000000
vt 0.464789 0.000000
vt 0.985915 0.000000
vt 0.605634 0.000000
vt 0.971831 0.000000
vt 0.957747 0.000000
vt 0.619718 0.000000
vt 0.943662 0.000000
vt 0.253521 0.000000
vt 0.929577 0.000000
vt 0.633803 0.000000
vt 0.915493 0.000000
vt 0.647887 0.000000
vt 0.901408 0.000000
vt 0.450704 0.000000
vt 0.887324 0.000000
vt 0.661972 0.000000
vt 0.873239 0.000000
vt 0.859155 0.000000
vt 0.676056 0.000000
vt 0.267606 0.000000
vt 0.845070 0.000000
vt 0.830986 0.000000
vt 0.690141 0.000000
vt 0.816901 0.000000
vt 0.704225 0.000000
vt 0.436620 0.000000
vt 0.802817 0.000000
vt 0.718310 0.000000
vt 0.788732 0.000000
vt 0.732394 0.000000
vt 0.774648 0.000000
vt 0.746479 0.000000
vt 0.760563 0.000000
vt 0.281690 0.000000
vt 0.422535 0.000000
vt 0.408451 0.000000
vt 0.295775 0.000000
vt 0.394366 0.000000
vt 0.309859 0.000000
vt 0.380282 0.000000
vt 0.323944 0.000000
vt 0.366197 0.000000
vt 0.352113 0.000000
vt 0.338028 0.000000
vt 0.000000 1.000000
vt 0.013889 1.000000
vt 0.013889 0.000000
vt 0.027778 1.000000
vt 0.027778 0.000000
vt 0.041667 1.000000
vt 0.041667 0.000000
vt 0.055556 1.000000
vt 0.055556 0.000000
vt 0.069444 1.000000
vt 0.069444 0.000000
vt 0.083333 1.000000
vt 0.083333 0.000000
vt 0.097222 1.000000
vt 0.097222 0.000000
vt 0.111111 1.000000
vt 0.111111 0.000000
vt 0.125000 1.000000
vt 0.125000 0.000000
vt 0.138889 1.000000
vt 0.138889 0.000000
vt 0.152778 1.000000
vt 0.152778 0.000000
vt 0.166667 1.000000
vt 0.166667 0.000000
vt 0.180556 1.000000
vt 0.180556 0.000000
vt 0.194444 1.000000
vt 0.194444 0.000000
vt 0.208333 1.000000
vt 0.208333 0.000000
vt 0.222222 1.000000
vt 0.222222 0.000000
vt 0.236111 1.000000
vt 0.236111 0.000000
vt 0.250000 1.000000
vt 0.250000 0.000000
vt 0.263889 1.000000
vt 0.263889 0.000000
vt 0.277778 1.000000
vt 0.277778 0.000000
vt 0.291667 1.000000
vt 0.291667 0.000000
vt 0.305556 1.000000
vt 0.305556 0.000000
vt 0.319444 1.000000
vt 0.319444 0.000000
vt 0.333333 1.000000
vt 0.333333 0.000000
vt 0.347222 1.000000
vt 0.347222 0.000000
vt 0.361111 1.000000
vt 0.361111 0.000000
vt 0.375000 1.000000
vt 0.375000 0.000000
vt 0.388889 1.000000
vt 0.388889 0.000000
vt 0.402778 1.000000
vt 0.402778 0.000000
vt 0.416667 1.000000
vt 0.416667 0.000000
vt 0.430556 1.000000
vt 0.430556 0.000000
vt 0.444444 1.000000
vt 0.444444 0.000000
vt 0.458333 1.000000
vt 0.458333 0.000000
vt 0.472222 1.000000
vt 0.472222 0.000000
vt 0.486111 1.000000
vt 0.486111 0.000000
vt 0.500000 1.000000
vt 0.500000 0.000000
vt 0.513889 1.000000
vt 0.513889 0.000000
vt 0.527778 1.000000
vt 0.527778 0.000000
vt 0.541667 1.000000
vt 0.541667 0.000000
vt 0.555556 1.000000
vt 0.555556 0.000000
vt 0.569444 1.000000
vt 0.569444 0.000000
vt 0.583333 1.000000
vt 0.583333 0.000000
vt 0.597222 1.000000
vt 0.597222 0.000000
vt 0.611111 1.000000
vt 0.611111 0.000000
vt 0.625000 1.000000
vt 0.625000 0.000000
vt 0.638889 1.000000
vt 0.638889 0.000000
vt 0.652778 1.000000
vt 0.652778 0.000000
vt 0.666667 1.000000
vt 0.666667 0.000000
vt 0.680556 1.000000
vt 0.680556 0.000000
vt 0.694444 1.000000
vt 0.694444 0.000000
vt 0.708333 1.000000
vt 0.708333 0.000000
vt 0.722222 1.000000
vt 0.722222 0.000000
vt 0.736111 1.000000
vt 0.736111 0.000000
vt 0.750000 1.000000
vt 0.750000 0.000000
vt 0.763889 1.000000
vt 0.763889 0.000000
vt 0.777778 1.000000
vt 0.777778 0.000000
vt 0.791667 1.000000
vt 0.791667 0.000000
vt 0.805556 1.000000
vt 0.805556 0.000000
vt 0.819444 1.000000
vt 0.819444 0.000000
vt 0.833333 1.000000
vt 0.833333 0.000000
vt 0.847222 1.000000
vt 0.847222 0.000000
vt 0.861111 1.000000
vt 0.861111 0.000000
vt 0.875000 1.000000
vt 0.875000 0.000000
vt 0.888889 1.000000
vt 0.888889 0.000000
vt 0.902778 1.000000
vt 0.902778 0.000000
vt 0.916667 1.000000
vt 0.916667 0.000000
vt 0.930556 1.000000
vt 0.930556 0.000000
vt 0.944444 1.000000
vt 0.944444 0.000000
vt 0.958333 1.000000
vt 0.958333 0.000000
vt 0.972222 1.000000
vt 0.972222 0.000000
vt 0.986111 1.000000
vt 0.986111 0.000000
vt 1.000000 1.000000
s 0
usemtl SVGMat.012
f 2508/1873/579 2510/1874/579 2509/1875/579
f 2507/1876/579 2510/1874/579 2508/1873/579
f 2507/1876/579 2511/1877/579 2510/1874/579
f 2506/1878/579 2511/1877/579 2507/1876/579
f 2505/1879/579 2511/1877/579 2506/1878/579
f 2504/1880/579 2533/1881/579 2505/1879/579
f 2533/1881/579 2511/1877/579 2505/1879/579
f 2533/1881/579 2512/1882/579 2511/1877/579
f 2504/1880/579 2534/1883/579 2533/1881/579
f 2532/1884/579 2512/1882/579 2533/1881/579
f 2503/1885/579 2534/1883/579 2504/1880/579
f 2503/1885/579 2535/1886/579 2534/1883/579
f 2502/1887/579 2535/1886/579 2503/1885/579
f 2501/1888/579 2535/1886/579 2502/1887/579
f 2532/1884/579 2513/1889/579 2512/1882/579
f 2501/1888/579 2536/1890/579 2535/1886/579
f 2500/1891/579 2536/1890/579 2501/1888/579
f 2531/1892/579 2513/1889/579 2532/1884/579
f 2500/1891/579 2537/1893/579 2536/1890/579
f 2499/1894/579 2537/1893/579 2500/1891/579
f 2498/1895/579 2537/1893/579 2499/1894/579
f 2498/1895/579 2538/1896/579 2537/1893/579
f 2531/1892/579 2514/1897/579 2513/1889/579
f 2497/1898/579 2538/1896/579 2498/1895/579
f 2497/1898/579 2539/1899/579 2538/1896/579
f 2568/1900/579 2539/1899/579 2497/1898/579
f 2530/1901/579 2514/1897/579 2531/1892/579
f 2567/1902/579 2539/1899/579 2568/1900/579
f 2567/1902/579 2540/1903/579 2539/1899/579
f 2566/1904/579 2540/1903/579 2567/1902/579
f 2565/1905/579 2540/1903/579 2566/1904/579
f 2565/1905/579 2541/1906/579 2540/1903/579
f 2564/1907/579 2541/1906/579 2565/1905/579
f 2530/1901/579 2515/1908/579 2514/1897/579
f 2563/1909/579 2541/1906/579 2564/1907/579
f 2563/1909/579 2542/1910/579 2541/1906/579
f 2562/1911/579 2542/1910/579 2563/1909/579
f 2562/1911/579 2543/1912/579 2542/1910/579
f 2561/1913/579 2543/1912/579 2562/1911/579
f 2529/1914/579 2515/1908/579 2530/1901/579
f 2560/1915/579 2543/1912/579 2561/1913/579
f 2560/1915/579 2544/1916/579 2543/1912/579
f 2559/1917/579 2544/1916/579 2560/1915/579
f 2558/1918/579 2544/1916/579 2559/1917/579
f 2558/1918/579 2545/1919/579 2544/1916/579
f 2529/1914/579 2516/1920/579 2515/1908/579
f 2557/1921/579 2545/1919/579 2558/1918/579
f 2556/1922/579 2545/1919/579 2557/1921/579
f 2556/1922/579 2546/1923/579 2545/1919/579
f 2555/1924/579 2546/1923/579 2556/1922/579
f 2555/1924/579 2547/1925/579 2546/1923/579
f 2528/1926/579 2516/1920/579 2529/1914/579
f 2554/1927/579 2547/1925/579 2555/1924/579
f 2554/1927/579 2548/1928/579 2547/1925/579
f 2553/1929/579 2548/1928/579 2554/1927/579
f 2553/1929/579 2549/1930/579 2548/1928/579
f 2552/1931/579 2549/1930/579 2553/1929/579
f 2552/1931/579 2550/1932/579 2549/1930/579
f 2551/1933/579 2550/1932/579 2552/1931/579
f 2528/1926/579 2517/1934/579 2516/1920/579
f 2527/1935/579 2517/1934/579 2528/1926/579
f 2526/1936/579 2517/1934/579 2527/1935/579
f 2526/1936/579 2518/1937/579 2517/1934/579
f 2525/1938/579 2518/1937/579 2526/1936/579
f 2525/1938/579 2519/1939/579 2518/1937/579
f 2524/1940/579 2519/1939/579 2525/1938/579
f 2524/1940/579 2520/1941/579 2519/1939/579
f 2523/1942/579 2520/1941/579 2524/1940/579
f 2522/1943/579 2520/1941/579 2523/1942/579
f 2522/1943/579 2521/1944/579 2520/1941/579
f 2580/1873/580 2581/1875/580 2582/1874/580
f 2579/1876/580 2580/1873/580 2582/1874/580
f 2579/1876/580 2582/1874/580 2583/1877/580
f 2578/1878/580 2579/1876/580 2583/1877/580
f 2577/1879/580 2578/1878/580 2583/1877/580
f 2576/1880/580 2577/1879/580 2605/1881/580
f 2605/1881/580 2577/1879/580 2583/1877/580
f 2605/1881/580 2583/1877/580 2584/1882/580
f 2576/1880/580 2605/1881/580 2606/1883/580
f 2604/1884/580 2605/1881/580 2584/1882/580
f 2575/1885/580 2576/1880/580 2606/1883/580
f 2575/1885/580 2606/1883/580 2607/1886/580
f 2574/1887/580 2575/1885/580 2607/1886/580
f 2573/1888/580 2574/1887/580 2607/1886/580
f 2604/1884/580 2584/1882/580 2585/1889/580
f 2573/1888/580 2607/1886/580 2608/1890/580
f 2572/1891/580 2573/1888/580 2608/1890/580
f 2603/1892/580 2604/1884/580 2585/1889/580
f 2572/1891/580 2608/1890/580 2609/1893/580
f 2571/1894/580 2572/1891/580 2609/1893/580
f 2570/1895/580 2571/1894/580 2609/1893/580
f 2570/1895/580 2609/1893/580 2610/1896/580
f 2603/1892/580 2585/1889/580 2586/1897/580
f 2569/1898/580 2570/1895/580 2610/1896/580
f 2569/1898/580 2610/1896/580 2611/1899/580
f 2640/1900/580 2569/1898/580 2611/1899/580
f 2602/1901/580 2603/1892/580 2586/1897/580
f 2639/1902/580 2640/1900/580 2611/1899/580
f 2639/1902/580 2611/1899/580 2612/1903/580
f 2638/1904/580 2639/1902/580 2612/1903/580
f 2637/1905/580 2638/1904/580 2612/1903/580
f 2637/1905/580 2612/1903/580 2613/1906/580
f 2636/1907/580 2637/1905/580 2613/1906/580
f 2602/1901/580 2586/1897/580 2587/1908/580
f 2635/1909/580 2636/1907/580 2613/1906/580
f 2635/1909/580 2613/1906/580 2614/1910/580
f 2634/1911/580 2635/1909/580 2614/1910/580
f 2634/1911/580 2614/1910/580 2615/1912/580
f 2633/1913/580 2634/1911/580 2615/1912/580
f 2601/1914/580 2602/1901/580 2587/1908/580
f 2632/1915/580 2633/1913/580 2615/1912/580
f 2632/1915/580 2615/1912/580 2616/1916/580
f 2631/1917/580 2632/1915/580 2616/1916/580
f 2630/1918/580 2631/1917/580 2616/1916/580
f 2630/1918/580 2616/1916/580 2617/1919/580
f 2601/1914/580 2587/1908/580 2588/1920/580
f 2629/1921/580 2630/1918/580 2617/1919/580
f 2628/1922/580 2629/1921/580 2617/1919/580
f 2628/1922/580 2617/1919/580 2618/1923/580
f 2627/1924/580 2628/1922/580 2618/1923/580
f 2627/1924/580 2618/1923/580 2619/1925/580
f 2600/1926/580 2601/1914/580 2588/1920/580
f 2626/1927/580 2627/1924/580 2619/1925/580
f 2626/1927/580 2619/1925/580 2620/1928/580
f 2625/1929/580 2626/1927/580 2620/1928/580
f 2625/1929/580 2620/1928/580 2621/1930/580
f 2624/1931/580 2625/1929/580 2621/1930/580
f 2624/1931/580 2621/1930/580 2622/1932/580
f 2623/1933/580 2624/1931/580 2622/1932/580
f 2600/1926/580 2588/1920/580 2589/1934/580
f 2599/1935/580 2600/1926/580 2589/1934/580
f 2598/1936/580 2599/1935/580 2589/1934/580
f 2598/1936/580 2589/1934/580 2590/1937/580
f 2597/1938/580 2598/1936/580 2590/1937/580
f 2597/1938/580 2590/1937/580 2591/1939/580
f 2596/1940/580 2597/1938/580 2591/1939/580
f 2596/1940/580 2591/1939/580 2592/1941/580
f 2595/1942/580 2596/1940/580 2592/1941/580
f 2594/1943/580 2595/1942/580 2592/1941/580
f 2594/1943/580 2592/1941/580 2593/1944/580
s 1
f 2642/1945/581 2644/1946/582 2643/1947/582 2641/1898/581
f 2644/1946/582 2646/1948/583 2645/1949/583 2643/1947/582
f 2646/1948/583 2648/1950/584 2647/1951/584 2645/1949/583
f 2648/1950/584 2650/1952/585 2649/1953/585 2647/1951/584
f 2650/1952/585 2652/1954/586 2651/1955/586 2649/1953/585
f 2652/1954/586 2654/1956/587 2653/1957/587 2651/1955/586
f 2654/1956/587 2656/1958/588 2655/1959/588 2653/1957/587
f 2656/1958/588 2658/1960/589 2657/1961/589 2655/1959/588
f 2658/1960/589 2660/1962/590 2659/1963/590 2657/1961/589
f 2660/1962/590 2662/1964/591 2661/1965/591 2659/1963/590
f 2662/1964/591 2664/1966/592 2663/1967/592 2661/1965/591
f 2664/1966/592 2666/1968/593 2665/1969/593 2663/1967/592
f 2666/1968/593 2668/1970/594 2667/1971/594 2665/1969/593
f 2668/1970/594 2670/1972/595 2669/1973/595 2667/1971/594
f 2670/1972/595 2672/1974/596 2671/1975/596 2669/1973/595
f 2672/1974/596 2674/1976/597 2673/1977/597 2671/1975/596
f 2674/1976/597 2676/1978/598 2675/1979/598 2673/1977/597
f 2676/1978/598 2678/1980/599 2677/1981/599 2675/1979/598
f 2678/1980/599 2680/1982/600 2679/1983/600 2677/1981/599
f 2680/1982/600 2682/1984/601 2681/1985/601 2679/1983/600
f 2682/1984/601 2684/1986/602 2683/1987/602 2681/1985/601
f 2684/1986/602 2686/1988/603 2685/1989/603 2683/1987/602
f 2686/1988/603 2688/1990/604 2687/1991/604 2685/1989/603
f 2688/1990/604 2690/1992/605 2689/1993/605 2687/1991/604
f 2690/1992/605 2692/1994/606 2691/1995/606 2689/1993/605
f 2692/1994/606 2694/1996/607 2693/1997/607 2691/1995/606
f 2694/1996/607 2696/1998/608 2695/1999/608 2693/1997/607
f 2696/1998/608 2698/2000/609 2697/2001/609 2695/1999/608
f 2698/2000/609 2700/2002/610 2699/2003/610 2697/2001/609
f 2700/2002/610 2702/2004/611 2701/2005/611 2699/2003/610
f 2702/2004/611 2704/2006/612 2703/2007/612 2701/2005/611
f 2704/2006/612 2706/2008/613 2705/2009/613 2703/2007/612
f 2706/2008/613 2708/2010/614 2707/2011/614 2705/2009/613
f 2708/2010/614 2710/2012/615 2709/2013/615 2707/2011/614
f 2710/2012/615 2712/2014/616 2711/2015/616 2709/2013/615
f 2712/2014/616 2714/2016/617 2713/2017/617 2711/2015/616
f 2714/2016/617 2716/2018/618 2715/2019/618 2713/2017/617
f 2716/2018/618 2718/2020/619 2717/2021/619 2715/2019/618
f 2718/2020/619 2720/2022/620 2719/2023/620 2717/2021/619
f 2720/2022/620 2722/2024/621 2721/2025/621 2719/2023/620
f 2722/2024/621 2724/2026/622 2723/2027/622 2721/2025/621
f 2724/2026/622 2726/2028/623 2725/2029/623 2723/2027/622
f 2726/2028/623 2728/2030/624 2727/2031/624 2725/2029/623
f 2728/2030/624 2730/2032/625 2729/2033/625 2727/2031/624
f 2730/2032/625 2732/2034/626 2731/2035/626 2729/2033/625
f 2732/2034/626 2734/2036/627 2733/2037/627 2731/2035/626
f 2734/2036/627 2736/2038/628 2735/2039/628 2733/2037/627
f 2736/2038/628 2738/2040/629 2737/2041/629 2735/2039/628
f 2738/2040/629 2740/2042/630 2739/2043/630 2737/2041/629
f 2740/2042/630 2742/2044/631 2741/2045/631 2739/2043/630
f 2742/2044/631 2744/2046/632 2743/2047/632 2741/2045/631
f 2744/2046/632 2746/2048/633 2745/2049/633 2743/2047/632
f 2746/2048/633 2748/2050/634 2747/2051/634 2745/2049/633
f 2748/2050/634 2750/2052/635 2749/2053/635 2747/2051/634
f 2750/2052/635 2752/2054/636 2751/2055/636 2749/2053/635
f 2752/2054/636 2754/2056/637 2753/2057/637 2751/2055/636
f 2754/2056/637 2756/2058/638 2755/2059/638 2753/2057/637
f 2756/2058/638 2758/2060/639 2757/2061/639 2755/2059/638
f 2758/2060/639 2760/2062/640 2759/2063/640 2757/2061/639
f 2760/2062/640 2762/2064/641 2761/2065/641 2759/2063/640
f 2762/2064/641 2764/2066/642 2763/2067/642 2761/2065/641
f 2764/2066/642 2766/2068/643 2765/2069/643 2763/2067/642
f 2766/2068/643 2768/2070/644 2767/2071/644 2765/2069/643
f 2768/2070/644 2770/2072/645 2769/2073/645 2767/2071/644
f 2770/2072/645 2772/2074/646 2771/2075/646 2769/2073/645
f 2772/2074/646 2774/2076/647 2773/2077/647 2771/2075/646
f 2774/2076/647 2776/2078/648 2775/2079/648 2773/2077/647
f 2776/2078/648 2778/2080/649 2777/2081/649 2775/2079/648
f 2778/2080/649 2780/2082/650 2779/2083/650 2777/2081/649
f 2780/2082/650 2782/2084/651 2781/2085/651 2779/2083/650
f 2782/2084/651 2784/2086/652 2783/2087/652 2781/2085/651
f 2784/2086/652 2642/2088/581 2641/1900/581 2783/2087/652
o Curve.003
v -0.302175 0.266096 1.732275
v -0.680937 0.266096 1.973690
v -1.015280 0.266096 2.193168
v -1.305973 0.266096 2.398036
v -1.553787 0.266096 2.595617
v -1.759491 0.266096 2.793235
v -1.923855 0.266096 2.998215
v -2.047648 0.266096 3.217883
v -2.131641 0.266096 3.459561
v -2.176602 0.266096 3.730575
v -2.183303 0.266096 4.038249
v -2.152512 0.266096 4.389908
v -2.084998 0.266096 4.792876
v -3.200107 0.266096 4.120517
v -4.187626 0.266096 3.421137
v -5.037930 0.266096 2.704284
v -5.741393 0.266096 1.979505
v -6.288389 0.266096 1.256346
v -6.669291 0.266096 0.544355
v -6.874475 0.266096 -0.146922
v -6.894313 0.266096 -0.807935
v -6.719179 0.266096 -1.429140
v -6.339446 0.266096 -2.000988
v -5.745492 0.266096 -2.513932
v -4.927689 0.266096 -2.958425
v -5.158503 0.266096 -2.691238
v -5.350610 0.266096 -2.394052
v -5.493539 0.266096 -2.061897
v -5.576817 0.266096 -1.689806
v -5.589969 0.266096 -1.272811
v -5.522525 0.266096 -0.805943
v -5.364010 0.266096 -0.284233
v -5.103953 0.266096 0.297287
v -4.731882 0.266096 0.943584
v -4.237323 0.266096 1.659627
v -3.609802 0.266096 2.450386
v -2.838850 0.266096 3.320826
v -2.876549 0.266096 2.999516
v -2.898829 0.266096 2.691947
v -2.905397 0.266096 2.398379
v -2.895963 0.266096 2.119071
v -2.870231 0.266096 1.854287
v -2.827911 0.266096 1.604284
v -2.768711 0.266096 1.369324
v -2.692338 0.266096 1.149666
v -2.598500 0.266096 0.945572
v -2.486905 0.266096 0.757301
v -2.357260 0.266096 0.585113
v -2.209273 0.266096 0.429270
v -2.074180 0.266096 0.323369
v -1.923385 0.266096 0.241513
v -1.760148 0.266096 0.182267
v -1.587729 0.266096 0.144192
v -1.409388 0.266096 0.125851
v -1.228383 0.266096 0.125806
v -1.047975 0.266096 0.142621
v -0.871423 0.266096 0.174857
v -0.701986 0.266096 0.221077
v -0.542925 0.266096 0.279845
v -0.397497 0.266096 0.349722
v -0.268965 0.266096 0.429271
v -0.166786 0.266096 0.513348
v -0.080631 0.266096 0.609159
v -0.011418 0.266096 0.714521
v 0.039937 0.266096 0.827250
v 0.072515 0.266096 0.945162
v 0.085402 0.266096 1.066074
v 0.077679 0.266096 1.187803
v 0.048429 0.266096 1.308165
v -0.003264 0.266096 1.424977
v -0.078318 0.266096 1.536054
v -0.177649 0.266096 1.639214
v -0.302175 -0.266096 1.732275
v -0.680937 -0.266096 1.973690
v -1.015280 -0.266096 2.193168
v -1.305973 -0.266096 2.398036
v -1.553787 -0.266096 2.595617
v -1.759491 -0.266096 2.793235
v -1.923855 -0.266096 2.998215
v -2.047648 -0.266096 3.217883
v -2.131641 -0.266096 3.459561
v -2.176602 -0.266096 3.730575
v -2.183303 -0.266096 4.038249
v -2.152512 -0.266096 4.389908
v -2.084998 -0.266096 4.792876
v -3.200107 -0.266096 4.120517
v -4.187626 -0.266096 3.421137
v -5.037930 -0.266096 2.704284
v -5.741393 -0.266096 1.979505
v -6.288389 -0.266096 1.256346
v -6.669291 -0.266096 0.544355
v -6.874475 -0.266096 -0.146922
v -6.894313 -0.266096 -0.807935
v -6.719179 -0.266096 -1.429140
v -6.339446 -0.266096 -2.000988
v -5.745492 -0.266096 -2.513932
v -4.927689 -0.266096 -2.958425
v -5.158503 -0.266096 -2.691238
v -5.350610 -0.266096 -2.394052
v -5.493539 -0.266096 -2.061897
v -5.576817 -0.266096 -1.689806
v -5.589969 -0.266096 -1.272811
v -5.522525 -0.266096 -0.805943
v -5.364010 -0.266096 -0.284233
v -5.103953 -0.266096 0.297287
v -4.731882 -0.266096 0.943584
v -4.237323 -0.266096 1.659627
v -3.609802 -0.266096 2.450386
v -2.838850 -0.266096 3.320826
v -2.876549 -0.266096 2.999516
v -2.898829 -0.266096 2.691947
v -2.905397 -0.266096 2.398379
v -2.895963 -0.266096 2.119071
v -2.870231 -0.266096 1.854287
v -2.827911 -0.266096 1.604284
v -2.768711 -0.266096 1.369324
v -2.692338 -0.266096 1.149666
v -2.598500 -0.266096 0.945572
v -2.486905 -0.266096 0.757301
v -2.357260 -0.266096 0.585113
v -2.209273 -0.266096 0.429270
v -2.074180 -0.266096 0.323369
v -1.923385 -0.266096 0.241513
v -1.760148 -0.266096 0.182267
v -1.587729 -0.266096 0.144192
v -1.409388 -0.266096 0.125851
v -1.228383 -0.266096 0.125806
v -1.047975 -0.266096 0.142621
v -0.871423 -0.266096 0.174857
v -0.701986 -0.266096 0.221077
v -0.542925 -0.266096 0.279845
v -0.397497 -0.266096 0.349722
v -0.268965 -0.266096 0.429271
v -0.166786 -0.266096 0.513348
v -0.080631 -0.266096 0.609159
v -0.011418 -0.266096 0.714521
v 0.039937 -0.266096 0.827250
v 0.072515 -0.266096 0.945162
v 0.085402 -0.266096 1.066074
v 0.077679 -0.266096 1.187803
v 0.048429 -0.266096 1.308165
v -0.003264 -0.266096 1.424977
v -0.078318 -0.266096 1.536054
v -0.177649 -0.266096 1.639214
v -0.302175 -0.266096 1.732275
v -0.302175 0.266096 1.732275
v -0.680937 -0.266096 1.973690
v -0.680937 0.266096 1.973690
v -1.015280 -0.266096 2.193168
v -1.015280 0.266096 2.193168
v -1.305973 -0.266096 2.398036
v -1.305973 0.266096 2.398036
v -1.553787 -0.266096 2.595617
v -1.553787 0.266096 2.595617
v -1.759491 -0.266096 2.793235
v -1.759491 0.266096 2.793235
v -1.923855 -0.266096 2.998215
v -1.923855 0.266096 2.998215
v -2.047648 -0.266096 3.217883
v -2.047648 0.266096 3.217883
v -2.131641 -0.266096 3.459561
v -2.131641 0.266096 3.459561
v -2.176602 -0.266096 3.730575
v -2.176602 0.266096 3.730575
v -2.183303 -0.266096 4.038249
v -2.183303 0.266096 4.038249
v -2.152512 -0.266096 4.389908
v -2.152512 0.266096 4.389908
v -2.084998 -0.266096 4.792876
v -2.084998 0.266096 4.792876
v -3.200107 -0.266096 4.120517
v -3.200107 0.266096 4.120517
v -4.187626 -0.266096 3.421137
v -4.187626 0.266096 3.421137
v -5.037930 -0.266096 2.704284
v -5.037930 0.266096 2.704284
v -5.741393 -0.266096 1.979505
v -5.741393 0.266096 1.979505
v -6.288389 -0.266096 1.256346
v -6.288389 0.266096 1.256346
v -6.669291 -0.266096 0.544355
v -6.669291 0.266096 0.544355
v -6.874475 -0.266096 -0.146922
v -6.874475 0.266096 -0.146922
v -6.894313 -0.266096 -0.807935
v -6.894313 0.266096 -0.807935
v -6.719179 -0.266096 -1.429140
v -6.719179 0.266096 -1.429140
v -6.339446 -0.266096 -2.000988
v -6.339446 0.266096 -2.000988
v -5.745492 -0.266096 -2.513932
v -5.745492 0.266096 -2.513932
v -4.927689 -0.266096 -2.958425
v -4.927689 0.266096 -2.958425
v -5.158503 -0.266096 -2.691238
v -5.158503 0.266096 -2.691238
v -5.350610 -0.266096 -2.394052
v -5.350610 0.266096 -2.394052
v -5.493539 -0.266096 -2.061897
v -5.493539 0.266096 -2.061897
v -5.576817 -0.266096 -1.689806
v -5.576817 0.266096 -1.689806
v -5.589969 -0.266096 -1.272811
v -5.589969 0.266096 -1.272811
v -5.522525 -0.266096 -0.805943
v -5.522525 0.266096 -0.805943
v -5.364010 -0.266096 -0.284233
v -5.364010 0.266096 -0.284233
v -5.103953 -0.266096 0.297287
v -5.103953 0.266096 0.297287
v -4.731882 -0.266096 0.943584
v -4.731882 0.266096 0.943584
v -4.237323 -0.266096 1.659627
v -4.237323 0.266096 1.659627
v -3.609802 -0.266096 2.450386
v -3.609802 0.266096 2.450386
v -2.838850 -0.266096 3.320826
v -2.838850 0.266096 3.320826
v -2.876549 -0.266096 2.999516
v -2.876549 0.266096 2.999516
v -2.898829 -0.266096 2.691947
v -2.898829 0.266096 2.691947
v -2.905397 -0.266096 2.398379
v -2.905397 0.266096 2.398379
v -2.895963 -0.266096 2.119071
v -2.895963 0.266096 2.119071
v -2.870231 -0.266096 1.854287
v -2.870231 0.266096 1.854287
v -2.827911 -0.266096 1.604284
v -2.827911 0.266096 1.604284
v -2.768711 -0.266096 1.369324
v -2.768711 0.266096 1.369324
v -2.692338 -0.266096 1.149666
v -2.692338 0.266096 1.149666
v -2.598500 -0.266096 0.945572
v -2.598500 0.266096 0.945572
v -2.486905 -0.266096 0.757301
v -2.486905 0.266096 0.757301
v -2.357260 -0.266096 0.585113
v -2.357260 0.266096 0.585113
v -2.209273 -0.266096 0.429270
v -2.209273 0.266096 0.429270
v -2.074180 -0.266096 0.323369
v -2.074180 0.266096 0.323369
v -1.923385 -0.266096 0.241513
v -1.923385 0.266096 0.241513
v -1.760148 -0.266096 0.182267
v -1.760148 0.266096 0.182267
v -1.587729 -0.266096 0.144192
v -1.587729 0.266096 0.144192
v -1.409388 -0.266096 0.125851
v -1.409388 0.266096 0.125851
v -1.228383 -0.266096 0.125806
v -1.228383 0.266096 0.125806
v -1.047975 -0.266096 0.142621
v -1.047975 0.266096 0.142621
v -0.871423 -0.266096 0.174857
v -0.871423 0.266096 0.174857
v -0.701986 -0.266096 0.221077
v -0.701986 0.266096 0.221077
v -0.542925 -0.266096 0.279845
v -0.542925 0.266096 0.279845
v -0.397497 -0.266096 0.349722
v -0.397497 0.266096 0.349722
v -0.268965 -0.266096 0.429271
v -0.268965 0.266096 0.429271
v -0.166786 -0.266096 0.513348
v -0.166786 0.266096 0.513348
v -0.080631 -0.266096 0.609159
v -0.080631 0.266096 0.609159
v -0.011418 -0.266096 0.714521
v -0.011418 0.266096 0.714521
v 0.039937 -0.266096 0.827250
v 0.039937 0.266096 0.827250
v 0.072515 -0.266096 0.945162
v 0.072515 0.266096 0.945162
v 0.085402 -0.266096 1.066074
v 0.085402 0.266096 1.066074
v 0.077679 -0.266096 1.187803
v 0.077679 0.266096 1.187803
v 0.048429 -0.266096 1.308165
v 0.048429 0.266096 1.308165
v -0.003264 -0.266096 1.424977
v -0.003264 0.266096 1.424977
v -0.078318 -0.266096 1.536054
v -0.078318 0.266096 1.536054
v -0.177649 -0.266096 1.639214
v -0.177649 0.266096 1.639214
vn -0.0000 1.0000 -0.0000
vn -0.0000 -1.0000 -0.0000
vn 0.5684 -0.0000 0.8227
vn 0.5431 -0.0000 0.8396
vn 0.5625 -0.0000 0.8268
vn 0.6000 -0.0000 0.8000
vn 0.6588 -0.0000 0.7523
vn 0.7380 -0.0000 0.6748
vn 0.8284 -0.0000 0.5601
vn 0.9115 -0.0000 0.4113
vn 0.9691 -0.0000 0.2469
vn 0.9957 -0.0000 0.0930
vn 0.9995 -0.0000 -0.0328
vn 0.9920 -0.0000 -0.1263
vn 0.5622 -0.0000 0.8270
vn -0.5475 -0.0000 0.8368
vn -0.6118 -0.0000 0.7910
vn -0.6819 -0.0000 0.7314
vn -0.7590 -0.0000 0.6511
vn -0.8422 -0.0000 0.5391
vn -0.9250 -0.0000 0.3801
vn -0.9873 -0.0000 0.1586
vn -0.9925 -0.0000 -0.1221
vn -0.9088 -0.0000 -0.4173
vn -0.7503 -0.0000 -0.6611
vn -0.5688 -0.0000 -0.8224
vn 0.7788 -0.0000 -0.6273
vn 0.8002 -0.0000 0.5997
vn 0.8823 -0.0000 0.4707
vn 0.9513 -0.0000 0.3082
vn 0.9921 -0.0000 0.1255
vn 0.9984 -0.0000 -0.0559
vn 0.9761 -0.0000 -0.2175
vn 0.9367 -0.0000 -0.3502
vn 0.8909 -0.0000 -0.4542
vn 0.8454 -0.0000 -0.5341
vn 0.8035 -0.0000 -0.5953
vn 0.7662 -0.0000 -0.6426
vn -0.4085 -0.0000 -0.9128
vn -0.9955 -0.0000 0.0944
vn -0.9989 -0.0000 0.0473
vn -1.0000 -0.0000 -0.0057
vn -0.9979 -0.0000 -0.0653
vn -0.9913 -0.0000 -0.1319
vn -0.9786 -0.0000 -0.2058
vn -0.9580 -0.0000 -0.2866
vn -0.9276 -0.0000 -0.3735
vn -0.8856 -0.0000 -0.4644
vn -0.8308 -0.0000 -0.5565
vn -0.7633 -0.0000 -0.6461
vn -0.6728 -0.0000 -0.7398
vn -0.5489 -0.0000 -0.8359
vn -0.4103 -0.0000 -0.9120
vn -0.2790 -0.0000 -0.9603
vn -0.1592 -0.0000 -0.9872
vn -0.0513 -0.0000 -0.9987
vn 0.0463 -0.0000 -0.9989
vn 0.1363 -0.0000 -0.9907
vn 0.2216 -0.0000 -0.9751
vn 0.3052 -0.0000 -0.9523
vn 0.3903 -0.0000 -0.9207
vn 0.4804 -0.0000 -0.8771
vn 0.5821 -0.0000 -0.8131
vn 0.6914 -0.0000 -0.7224
vn 0.7920 -0.0000 -0.6106
vn 0.8755 -0.0000 -0.4832
vn 0.9399 -0.0000 -0.3415
vn 0.9824 -0.0000 -0.1868
vn 0.9998 -0.0000 -0.0214
vn 0.9886 -0.0000 0.1503
vn 0.9468 -0.0000 0.3217
vn 0.8750 -0.0000 0.4842
vn 0.7773 -0.0000 0.6291
vn 0.6617 -0.0000 0.7498
vt 0.154930 0.000000
vt 0.183099 0.000000
vt 0.169014 0.000000
vt 0.140845 0.000000
vt 0.197183 0.000000
vt 0.126761 0.000000
vt 0.112676 0.000000
vt 0.098592 0.000000
vt 0.507042 0.000000
vt 0.211268 0.000000
vt 0.521127 0.000000
vt 0.492958 0.000000
vt 0.084507 0.000000
vt 0.535211 0.000000
vt 0.070423 0.000000
vt 0.056338 0.000000
vt 0.225352 0.000000
vt 0.549296 0.000000
vt 0.042254 0.000000
vt 0.478873 0.000000
vt 0.563380 0.000000
vt 0.028169 0.000000
vt 0.014085 0.000000
vt 0.577465 0.000000
vt 0.239437 0.000000
vt 0.000000 0.000000
vt 0.591549 0.000000
vt 1.000000 0.000000
vt 0.464789 0.000000
vt 0.985915 0.000000
vt 0.605634 0.000000
vt 0.971831 0.000000
vt 0.957747 0.000000
vt 0.619718 0.000000
vt 0.943662 0.000000
vt 0.253521 0.000000
vt 0.929577 0.000000
vt 0.633803 0.000000
vt 0.915493 0.000000
vt 0.647887 0.000000
vt 0.901408 0.000000
vt 0.450704 0.000000
vt 0.887324 0.000000
vt 0.661972 0.000000
vt 0.873239 0.000000
vt 0.859155 0.000000
vt 0.676056 0.000000
vt 0.267606 0.000000
vt 0.845070 0.000000
vt 0.830986 0.000000
vt 0.690141 0.000000
vt 0.816901 0.000000
vt 0.704225 0.000000
vt 0.436620 0.000000
vt 0.802817 0.000000
vt 0.718310 0.000000
vt 0.788732 0.000000
vt 0.732394 0.000000
vt 0.774648 0.000000
vt 0.746479 0.000000
vt 0.760563 0.000000
vt 0.281690 0.000000
vt 0.422535 0.000000
vt 0.408451 0.000000
vt 0.295775 0.000000
vt 0.394366 0.000000
vt 0.309859 0.000000
vt 0.380282 0.000000
vt 0.323944 0.000000
vt 0.366197 0.000000
vt 0.352113 0.000000
vt 0.338028 0.000000
vt 0.000000 1.000000
vt 0.013889 1.000000
vt 0.013889 0.000000
vt 0.027778 1.000000
vt 0.027778 0.000000
vt 0.041667 1.000000
vt 0.041667 0.000000
vt 0.055556 1.000000
vt 0.055556 0.000000
vt 0.069444 1.000000
vt 0.069444 0.000000
vt 0.083333 1.000000
vt 0.083333 0.000000
vt 0.097222 1.000000
vt 0.097222 0.000000
vt 0.111111 1.000000
vt 0.111111 0.000000
vt 0.125000 1.000000
vt 0.125000 0.000000
vt 0.138889 1.000000
vt 0.138889 0.000000
vt 0.152778 1.000000
vt 0.152778 0.000000
vt 0.166667 1.000000
vt 0.166667 0.000000
vt 0.180556 1.000000
vt 0.180556 0.000000
vt 0.194444 1.000000
vt 0.194444 0.000000
vt 0.208333 1.000000
vt 0.208333 0.000000
vt 0.222222 1.000000
vt 0.222222 0.000000
vt 0.236111 1.000000
vt 0.236111 0.000000
vt 0.250000 1.000000
vt 0.250000 0.000000
vt 0.263889 1.000000
vt 0.263889 0.000000
vt 0.277778 1.000000
vt 0.277778 0.000000
vt 0.291667 1.000000
vt 0.291667 0.000000
vt 0.305556 1.000000
vt 0.305556 0.000000
vt 0.319444 1.000000
vt 0.319444 0.000000
vt 0.333333 1.000000
vt 0.333333 0.000000
vt 0.347222 1.000000
vt 0.347222 0.000000
vt 0.361111 1.000000
vt 0.361111 0.000000
vt 0.375000 1.000000
vt 0.375000 0.000000
vt 0.388889 1.000000
vt 0.388889 0.000000
vt 0.402778 1.000000
vt 0.402778 0.000000
vt 0.416667 1.000000
vt 0.416667 0.000000
vt 0.430556 1.000000
vt 0.430556 0.000000
vt 0.444444 1.000000
vt 0.444444 0.000000
vt 0.458333 1.000000
vt 0.458333 0.000000
vt 0.472222 1.000000
vt 0.472222 0.000000
vt 0.486111 1.000000
vt 0.486111 0.000000
vt 0.500000 1.000000
vt 0.500000 0.000000
vt 0.513889 1.000000
vt 0.513889 0.000000
vt 0.527778 1.000000
vt 0.527778 0.000000
vt 0.541667 1.000000
vt 0.541667 0.000000
vt 0.555556 1.000000
vt 0.555556 0.000000
vt 0.569444 1.000000
vt 0.569444 0.000000
vt 0.583333 1.000000
vt 0.583333 0.000000
vt 0.597222 1.000000
vt 0.597222 0.000000
vt 0.611111 1.000000
vt 0.611111 0.000000
vt 0.625000 1.000000
vt 0.625000 0.000000
vt 0.638889 1.000000
vt 0.638889 0.000000
vt 0.652778 1.000000
vt 0.652778 0.000000
vt 0.666667 1.000000
vt 0.666667 0.000000
vt 0.680556 1.000000
vt 0.680556 0.000000
vt 0.694444 1.000000
vt 0.694444 0.000000
vt 0.708333 1.000000
vt 0.708333 0.000000
vt 0.722222 1.000000
vt 0.722222 0.000000
vt 0.736111 1.000000
vt 0.736111 0.000000
vt 0.750000 1.000000
vt 0.750000 0.000000
vt 0.763889 1.000000
vt 0.763889 0.000000
vt 0.777778 1.000000
vt 0.777778 0.000000
vt 0.791667 1.000000
vt 0.791667 0.000000
vt 0.805556 1.000000
vt 0.805556 0.000000
vt 0.819444 1.000000
vt 0.819444 0.000000
vt 0.833333 1.000000
vt 0.833333 0.000000
vt 0.847222 1.000000
vt 0.847222 0.000000
vt 0.861111 1.000000
vt 0.861111 0.000000
vt 0.875000 1.000000
vt 0.875000 0.000000
vt 0.888889 1.000000
vt 0.888889 0.000000
vt 0.902778 1.000000
vt 0.902778 0.000000
vt 0.916667 1.000000
vt 0.916667 0.000000
vt 0.930556 1.000000
vt 0.930556 0.000000
vt 0.944444 1.000000
vt 0.944444 0.000000
vt 0.958333 1.000000
vt 0.958333 0.000000
vt 0.972222 1.000000
vt 0.972222 0.000000
vt 0.986111 1.000000
vt 0.986111 0.000000
vt 1.000000 1.000000
s 0
usemtl SVGMat.012
f 2796/2089/653 2798/2090/653 2797/2091/653
f 2795/2092/653 2798/2090/653 2796/2089/653
f 2795/2092/653 2799/2093/653 2798/2090/653
f 2794/2094/653 2799/2093/653 2795/2092/653
f 2793/2095/653 2799/2093/653 2794/2094/653
f 2792/2096/653 2821/2097/653 2793/2095/653
f 2821/2097/653 2799/2093/653 2793/2095/653
f 2821/2097/653 2800/2098/653 2799/2093/653
f 2792/2096/653 2822/2099/653 2821/2097/653
f 2820/2100/653 2800/2098/653 2821/2097/653
f 2791/2101/653 2822/2099/653 2792/2096/653
f 2791/2101/653 2823/2102/653 2822/2099/653
f 2790/2103/653 2823/2102/653 2791/2101/653
f 2789/2104/653 2823/2102/653 2790/2103/653
f 2820/2100/653 2801/2105/653 2800/2098/653
f 2789/2104/653 2824/2106/653 2823/2102/653
f 2788/2107/653 2824/2106/653 2789/2104/653
f 2819/2108/653 2801/2105/653 2820/2100/653
f 2788/2107/653 2825/2109/653 2824/2106/653
f 2787/2110/653 2825/2109/653 2788/2107/653
f 2786/2111/653 2825/2109/653 2787/2110/653
f 2786/2111/653 2826/2112/653 2825/2109/653
f 2819/2108/653 2802/2113/653 2801/2105/653
f 2785/2114/653 2826/2112/653 2786/2111/653
f 2785/2114/653 2827/2115/653 2826/2112/653
f 2856/2116/653 2827/2115/653 2785/2114/653
f 2818/2117/653 2802/2113/653 2819/2108/653
f 2855/2118/653 2827/2115/653 2856/2116/653
f 2855/2118/653 2828/2119/653 2827/2115/653
f 2854/2120/653 2828/2119/653 2855/2118/653
f 2853/2121/653 2828/2119/653 2854/2120/653
f 2853/2121/653 2829/2122/653 2828/2119/653
f 2852/2123/653 2829/2122/653 2853/2121/653
f 2818/2117/653 2803/2124/653 2802/2113/653
f 2851/2125/653 2829/2122/653 2852/2123/653
f 2851/2125/653 2830/2126/653 2829/2122/653
f 2850/2127/653 2830/2126/653 2851/2125/653
f 2850/2127/653 2831/2128/653 2830/2126/653
f 2849/2129/653 2831/2128/653 2850/2127/653
f 2817/2130/653 2803/2124/653 2818/2117/653
f 2848/2131/653 2831/2128/653 2849/2129/653
f 2848/2131/653 2832/2132/653 2831/2128/653
f 2847/2133/653 2832/2132/653 2848/2131/653
f 2846/2134/653 2832/2132/653 2847/2133/653
f 2846/2134/653 2833/2135/653 2832/2132/653
f 2817/2130/653 2804/2136/653 2803/2124/653
f 2845/2137/653 2833/2135/653 2846/2134/653
f 2844/2138/653 2833/2135/653 2845/2137/653
f 2844/2138/653 2834/2139/653 2833/2135/653
f 2843/2140/653 2834/2139/653 2844/2138/653
f 2843/2140/653 2835/2141/653 2834/2139/653
f 2816/2142/653 2804/2136/653 2817/2130/653
f 2842/2143/653 2835/2141/653 2843/2140/653
f 2842/2143/653 2836/2144/653 2835/2141/653
f 2841/2145/653 2836/2144/653 2842/2143/653
f 2841/2145/653 2837/2146/653 2836/2144/653
f 2840/2147/653 2837/2146/653 2841/2145/653
f 2840/2147/653 2838/2148/653 2837/2146/653
f 2839/2149/653 2838/2148/653 2840/2147/653
f 2816/2142/653 2805/2150/653 2804/2136/653
f 2815/2151/653 2805/2150/653 2816/2142/653
f 2814/2152/653 2805/2150/653 2815/2151/653
f 2814/2152/653 2806/2153/653 2805/2150/653
f 2813/2154/653 2806/2153/653 2814/2152/653
f 2813/2154/653 2807/2155/653 2806/2153/653
f 2812/2156/653 2807/2155/653 2813/2154/653
f 2812/2156/653 2808/2157/653 2807/2155/653
f 2811/2158/653 2808/2157/653 2812/2156/653
f 2810/2159/653 2808/2157/653 2811/2158/653
f 2810/2159/653 2809/2160/653 2808/2157/653
f 2868/2089/654 2869/2091/654 2870/2090/654
f 2867/2092/654 2868/2089/654 2870/2090/654
f 2867/2092/654 2870/2090/654 2871/2093/654
f 2866/2094/654 2867/2092/654 2871/2093/654
f 2865/2095/654 2866/2094/654 2871/2093/654
f 2864/2096/654 2865/2095/654 2893/2097/654
f 2893/2097/654 2865/2095/654 2871/2093/654
f 2893/2097/654 2871/2093/654 2872/2098/654
f 2864/2096/654 2893/2097/654 2894/2099/654
f 2892/2100/654 2893/2097/654 2872/2098/654
f 2863/2101/654 2864/2096/654 2894/2099/654
f 2863/2101/654 2894/2099/654 2895/2102/654
f 2862/2103/654 2863/2101/654 2895/2102/654
f 2861/2104/654 2862/2103/654 2895/2102/654
f 2892/2100/654 2872/2098/654 2873/2105/654
f 2861/2104/654 2895/2102/654 2896/2106/654
f 2860/2107/654 2861/2104/654 2896/2106/654
f 2891/2108/654 2892/2100/654 2873/2105/654
f 2860/2107/654 2896/2106/654 2897/2109/654
f 2859/2110/654 2860/2107/654 2897/2109/654
f 2858/2111/654 2859/2110/654 2897/2109/654
f 2858/2111/654 2897/2109/654 2898/2112/654
f 2891/2108/654 2873/2105/654 2874/2113/654
f 2857/2114/654 2858/2111/654 2898/2112/654
f 2857/2114/654 2898/2112/654 2899/2115/654
f 2928/2116/654 2857/2114/654 2899/2115/654
f 2890/2117/654 2891/2108/654 2874/2113/654
f 2927/2118/654 2928/2116/654 2899/2115/654
f 2927/2118/654 2899/2115/654 2900/2119/654
f 2926/2120/654 2927/2118/654 2900/2119/654
f 2925/2121/654 2926/2120/654 2900/2119/654
f 2925/2121/654 2900/2119/654 2901/2122/654
f 2924/2123/654 2925/2121/654 2901/2122/654
f 2890/2117/654 2874/2113/654 2875/2124/654
f 2923/2125/654 2924/2123/654 2901/2122/654
f 2923/2125/654 2901/2122/654 2902/2126/654
f 2922/2127/654 2923/2125/654 2902/2126/654
f 2922/2127/654 2902/2126/654 2903/2128/654
f 2921/2129/654 2922/2127/654 2903/2128/654
f 2889/2130/654 2890/2117/654 2875/2124/654
f 2920/2131/654 2921/2129/654 2903/2128/654
f 2920/2131/654 2903/2128/654 2904/2132/654
f 2919/2133/654 2920/2131/654 2904/2132/654
f 2918/2134/654 2919/2133/654 2904/2132/654
f 2918/2134/654 2904/2132/654 2905/2135/654
f 2889/2130/654 2875/2124/654 2876/2136/654
f 2917/2137/654 2918/2134/654 2905/2135/654
f 2916/2138/654 2917/2137/654 2905/2135/654
f 2916/2138/654 2905/2135/654 2906/2139/654
f 2915/2140/654 2916/2138/654 2906/2139/654
f 2915/2140/654 2906/2139/654 2907/2141/654
f 2888/2142/654 2889/2130/654 2876/2136/654
f 2914/2143/654 2915/2140/654 2907/2141/654
f 2914/2143/654 2907/2141/654 2908/2144/654
f 2913/2145/654 2914/2143/654 2908/2144/654
f 2913/2145/654 2908/2144/654 2909/2146/654
f 2912/2147/654 2913/2145/654 2909/2146/654
f 2912/2147/654 2909/2146/654 2910/2148/654
f 2911/2149/654 2912/2147/654 2910/2148/654
f 2888/2142/654 2876/2136/654 2877/2150/654
f 2887/2151/654 2888/2142/654 2877/2150/654
f 2886/2152/654 2887/2151/654 2877/2150/654
f 2886/2152/654 2877/2150/654 2878/2153/654
f 2885/2154/654 2886/2152/654 2878/2153/654
f 2885/2154/654 2878/2153/654 2879/2155/654
f 2884/2156/654 2885/2154/654 2879/2155/654
f 2884/2156/654 2879/2155/654 2880/2157/654
f 2883/2158/654 2884/2156/654 2880/2157/654
f 2882/2159/654 2883/2158/654 2880/2157/654
f 2882/2159/654 2880/2157/654 2881/2160/654
s 1
f 2930/2161/655 2932/2162/656 2931/2163/656 2929/2114/655
f 2932/2162/656 2934/2164/657 2933/2165/657 2931/2163/656
f 2934/2164/657 2936/2166/658 2935/2167/658 2933/2165/657
f 2936/2166/658 2938/2168/659 2937/2169/659 2935/2167/658
f 2938/2168/659 2940/2170/660 2939/2171/660 2937/2169/659
f 2940/2170/660 2942/2172/661 2941/2173/661 2939/2171/660
f 2942/2172/661 2944/2174/662 2943/2175/662 2941/2173/661
f 2944/2174/662 2946/2176/663 2945/2177/663 2943/2175/662
f 2946/2176/663 2948/2178/664 2947/2179/664 2945/2177/663
f 2948/2178/664 2950/2180/665 2949/2181/665 2947/2179/664
f 2950/2180/665 2952/2182/666 2951/2183/666 2949/2181/665
f 2952/2182/666 2954/2184/667 2953/2185/667 2951/2183/666
f 2954/2184/667 2956/2186/668 2955/2187/668 2953/2185/667
f 2956/2186/668 2958/2188/669 2957/2189/669 2955/2187/668
f 2958/2188/669 2960/2190/670 2959/2191/670 2957/2189/669
f 2960/2190/670 2962/2192/671 2961/2193/671 2959/2191/670
f 2962/2192/671 2964/2194/672 2963/2195/672 2961/2193/671
f 2964/2194/672 2966/2196/673 2965/2197/673 2963/2195/672
f 2966/2196/673 2968/2198/674 2967/2199/674 2965/2197/673
f 2968/2198/674 2970/2200/675 2969/2201/675 2967/2199/674
f 2970/2200/675 2972/2202/676 2971/2203/676 2969/2201/675
f 2972/2202/676 2974/2204/677 2973/2205/677 2971/2203/676
f 2974/2204/677 2976/2206/678 2975/2207/678 2973/2205/677
f 2976/2206/678 2978/2208/679 2977/2209/679 2975/2207/678
f 2978/2208/679 2980/2210/680 2979/2211/680 2977/2209/679
f 2980/2210/680 2982/2212/681 2981/2213/681 2979/2211/680
f 2982/2212/681 2984/2214/682 2983/2215/682 2981/2213/681
f 2984/2214/682 2986/2216/683 2985/2217/683 2983/2215/682
f 2986/2216/683 2988/2218/684 2987/2219/684 2985/2217/683
f 2988/2218/684 2990/2220/685 2989/2221/685 2987/2219/684
f 2990/2220/685 2992/2222/686 2991/2223/686 2989/2221/685
f 2992/2222/686 2994/2224/687 2993/2225/687 2991/2223/686
f 2994/2224/687 2996/2226/688 2995/2227/688 2993/2225/687
f 2996/2226/688 2998/2228/689 2997/2229/689 2995/2227/688
f 2998/2228/689 3000/2230/690 2999/2231/690 2997/2229/689
f 3000/2230/690 3002/2232/691 3001/2233/691 2999/2231/690
f 3002/2232/691 3004/2234/692 3003/2235/692 3001/2233/691
f 3004/2234/692 3006/2236/693 3005/2237/693 3003/2235/692
f 3006/2236/693 3008/2238/694 3007/2239/694 3005/2237/693
f 3008/2238/694 3010/2240/695 3009/2241/695 3007/2239/694
f 3010/2240/695 3012/2242/696 3011/2243/696 3009/2241/695
f 3012/2242/696 3014/2244/697 3013/2245/697 3011/2243/696
f 3014/2244/697 3016/2246/698 3015/2247/698 3013/2245/697
f 3016/2246/698 3018/2248/699 3017/2249/699 3015/2247/698
f 3018/2248/699 3020/2250/700 3019/2251/700 3017/2249/699
f 3020/2250/700 3022/2252/701 3021/2253/701 3019/2251/700
f 3022/2252/701 3024/2254/702 3023/2255/702 3021/2253/701
f 3024/2254/702 3026/2256/703 3025/2257/703 3023/2255/702
f 3026/2256/703 3028/2258/704 3027/2259/704 3025/2257/703
f 3028/2258/704 3030/2260/705 3029/2261/705 3027/2259/704
f 3030/2260/705 3032/2262/706 3031/2263/706 3029/2261/705
f 3032/2262/706 3034/2264/707 3033/2265/707 3031/2263/706
f 3034/2264/707 3036/2266/708 3035/2267/708 3033/2265/707
f 3036/2266/708 3038/2268/709 3037/2269/709 3035/2267/708
f 3038/2268/709 3040/2270/710 3039/2271/710 3037/2269/709
f 3040/2270/710 3042/2272/711 3041/2273/711 3039/2271/710
f 3042/2272/711 3044/2274/712 3043/2275/712 3041/2273/711
f 3044/2274/712 3046/2276/713 3045/2277/713 3043/2275/712
f 3046/2276/713 3048/2278/714 3047/2279/714 3045/2277/713
f 3048/2278/714 3050/2280/715 3049/2281/715 3047/2279/714
f 3050/2280/715 3052/2282/716 3051/2283/716 3049/2281/715
f 3052/2282/716 3054/2284/717 3053/2285/717 3051/2283/716
f 3054/2284/717 3056/2286/718 3055/2287/718 3053/2285/717
f 3056/2286/718 3058/2288/719 3057/2289/719 3055/2287/718
f 3058/2288/719 3060/2290/720 3059/2291/720 3057/2289/719
f 3060/2290/720 3062/2292/721 3061/2293/721 3059/2291/720
f 3062/2292/721 3064/2294/722 3063/2295/722 3061/2293/721
f 3064/2294/722 3066/2296/723 3065/2297/723 3063/2295/722
f 3066/2296/723 3068/2298/724 3067/2299/724 3065/2297/723
f 3068/2298/724 3070/2300/725 3069/2301/725 3067/2299/724
f 3070/2300/725 3072/2302/726 3071/2303/726 3069/2301/725
f 3072/2302/726 2930/2304/655 2929/2116/655 3071/2303/726
